analysis_status,cramers_v,cross_dataset_stability,dataset_name,decision_reason,feature_name,feature_rank_stability,final_feature_policy,group_stability,grouped_bootstrap_auc_high,grouped_bootstrap_auc_low,ks_statistic,label_association,missingness_leakage,mutation_invariance,permutation_importance,semantic_role,shap_importance,shortcut_risk,single_feature_auc,source_association,wasserstein_distance
inventory_only,not_available,not_available,USTC-TFC2016,"Field contract blocks identity, endpoint, provenance, or shortcut-prone context.",context.dst_ip,not_available,blocked,not_available,not_available,not_available,not_available,not_available,not_available,True,not_available,blocked,not_available,0.0,not_available,not_available,not_available
inventory_only,not_available,not_available,USTC-TFC2016,"Field contract blocks identity, endpoint, provenance, or shortcut-prone context.",context.dst_port,not_available,blocked,not_available,not_available,not_available,not_available,not_available,not_available,True,not_available,blocked,not_available,0.0,not_available,not_available,not_available
inventory_only,not_available,not_available,USTC-TFC2016,"Field contract blocks identity, endpoint, provenance, or shortcut-prone context.",context.flow_id,not_available,blocked,not_available,not_available,not_available,not_available,not_available,not_available,True,not_available,blocked,not_available,0.0,not_available,not_available,not_available
inventory_only,not_available,not_available,USTC-TFC2016,"Field contract blocks identity, endpoint, provenance, or shortcut-prone context.",context.sni,not_available,blocked,not_available,not_available,not_available,not_available,not_available,not_available,True,not_available,blocked,not_available,0.0,not_available,not_available,not_available
inventory_only,not_available,not_available,USTC-TFC2016,"Field contract blocks identity, endpoint, provenance, or shortcut-prone context.",context.src_ip,not_available,blocked,not_available,not_available,not_available,not_available,not_available,not_available,True,not_available,blocked,not_available,0.0,not_available,not_available,not_available
inventory_only,not_available,not_available,USTC-TFC2016,"Field contract blocks identity, endpoint, provenance, or shortcut-prone context.",context.src_port,not_available,blocked,not_available,not_available,not_available,not_available,not_available,not_available,True,not_available,blocked,not_available,0.0,not_available,not_available,not_available
inventory_only,not_available,not_available,USTC-TFC2016,Ground truth or task context is evaluation-only.,labels.application,not_available,label_only,not_available,not_available,not_available,not_available,not_available,not_available,True,not_available,label_only,not_available,0.0,not_available,not_available,not_available
inventory_only,not_available,not_available,USTC-TFC2016,Ground truth or task context is evaluation-only.,labels.attack,not_available,label_only,not_available,not_available,not_available,not_available,not_available,not_available,True,not_available,label_only,not_available,0.0,not_available,not_available,not_available
inventory_only,not_available,not_available,USTC-TFC2016,Ground truth or task context is evaluation-only.,labels.binary,not_available,label_only,not_available,not_available,not_available,not_available,not_available,not_available,True,not_available,label_only,not_available,0.0,not_available,not_available,not_available
inventory_only,not_available,not_available,USTC-TFC2016,Ground truth or task context is evaluation-only.,labels.category,not_available,label_only,not_available,not_available,not_available,not_available,not_available,not_available,True,not_available,label_only,not_available,0.0,not_available,not_available,not_available
inventory_only,not_available,not_available,USTC-TFC2016,Ground truth or task context is evaluation-only.,labels.family,not_available,label_only,not_available,not_available,not_available,not_available,not_available,not_available,True,not_available,label_only,not_available,0.0,not_available,not_available,not_available
inventory_only,not_available,not_available,USTC-TFC2016,Ground truth or task context is evaluation-only.,labels.tool,not_available,label_only,not_available,not_available,not_available,not_available,not_available,not_available,True,not_available,label_only,not_available,0.0,not_available,not_available,not_available
inventory_only,not_available,not_available,USTC-TFC2016,"Field contract blocks identity, endpoint, provenance, or shortcut-prone context.",provenance.capture_id,not_available,blocked,not_available,not_available,not_available,not_available,not_available,not_available,True,not_available,blocked,not_available,0.0,not_available,not_available,not_available
inventory_only,not_available,not_available,USTC-TFC2016,"Field contract blocks identity, endpoint, provenance, or shortcut-prone context.",provenance.capture_path,not_available,blocked,not_available,not_available,not_available,not_available,not_available,not_available,True,not_available,blocked,not_available,0.0,not_available,not_available,not_available
inventory_only,not_available,not_available,USTC-TFC2016,"Field contract blocks identity, endpoint, provenance, or shortcut-prone context.",provenance.dataset,not_available,blocked,not_available,not_available,not_available,not_available,not_available,not_available,True,not_available,blocked,not_available,0.0,not_available,not_available,not_available
inventory_only,not_available,not_available,USTC-TFC2016,"Field contract blocks identity, endpoint, provenance, or shortcut-prone context.",provenance.source_file,not_available,blocked,not_available,not_available,not_available,not_available,not_available,not_available,True,not_available,blocked,not_available,0.0,not_available,not_available,not_available
inventory_only,not_available,not_available,USTC-TFC2016,"Field contract blocks identity, endpoint, provenance, or shortcut-prone context.",sample_id,not_available,blocked,not_available,not_available,not_available,not_available,not_available,not_available,True,not_available,blocked,not_available,0.0,not_available,not_available,not_available
inventory_only,not_available,not_available,USTC-TFC2016,Evidence is safe only when the corresponding sequence/TLS capability is present.,sequence.directions,not_available,safe_conditional,not_available,not_available,not_available,not_available,not_available,not_available,not_available,not_available,temporal_sequence,not_available,0.0,not_available,not_available,not_available
inventory_only,not_available,not_available,USTC-TFC2016,Evidence is safe only when the corresponding sequence/TLS capability is present.,sequence.iats,not_available,safe_conditional,not_available,not_available,not_available,not_available,not_available,not_available,not_available,not_available,temporal_sequence,not_available,0.0,not_available,not_available,not_available
inventory_only,not_available,not_available,USTC-TFC2016,Evidence is safe only when the corresponding sequence/TLS capability is present.,sequence.packet_lengths,not_available,safe_conditional,not_available,not_available,not_available,not_available,not_available,not_available,not_available,not_available,temporal_sequence,not_available,0.0,not_available,not_available,not_available
computed,0.7881415413903556,not_available,USTC-TFC2016,Source/group association or leave-one-group-out instability exceeds the pre-registered shortcut-risk boundary.,stats.duration,not_available,shortcut_suspect,not_available,0.9361354415123327,0.8999979138535625,0.794047619047619,0.45433235795889404,0.0,not_available,0.04406857651184566,flow_statistics,0.040961174345009795,1.0,0.9188541666666666,1.2181534445797615,0.5726488604326069
computed,0.36311196358555053,not_available,USTC-TFC2016,Source/group association or leave-one-group-out instability exceeds the pre-registered shortcut-risk boundary.,stats.inbound_bytes,not_available,shortcut_suspect,not_available,0.5711875415422396,0.5096385718024327,0.31238095238095237,0.34112792133908143,0.0,not_available,0.002367387227490325,flow_statistics,0.025277113240116958,0.8287437708240972,0.5388660714285715,0.8287437708240972,0.11036654523395513
computed,0.7231010325551145,not_available,USTC-TFC2016,Source/group association or leave-one-group-out instability exceeds the pre-registered shortcut-risk boundary.,stats.mean_packet_length,not_available,shortcut_suspect,not_available,0.7439247258804422,0.6976618865604375,0.405,0.5223833359050405,0.0,not_available,0.11928302026786027,flow_statistics,0.12968935298055537,1.0,0.7205565476190476,1.6422821613772607,0.8208437479441549
computed,0.47980001656266624,not_available,USTC-TFC2016,Source/group association or leave-one-group-out instability exceeds the pre-registered shortcut-risk boundary.,stats.outbound_bytes,not_available,shortcut_suspect,not_available,0.5831554630789249,0.5226214286121196,0.27785714285714286,0.5521952806355142,0.0,not_available,0.016699617913384545,flow_statistics,0.04196097152119737,1.0,0.5517926587301587,1.6228822575780977,0.6752636965768392
computed,0.47038121163096563,not_available,USTC-TFC2016,Source/group association or leave-one-group-out instability exceeds the pre-registered shortcut-risk boundary.,stats.outbound_ratio,not_available,shortcut_suspect,not_available,0.5988028729812959,0.5452823101878496,0.30357142857142855,0.31071841584361737,0.0,not_available,0.09723010412524316,flow_statistics,0.03480517621733655,1.0,0.5731269841269842,1.2370673765668152,0.7019106946616342
computed,0.41205518521239776,not_available,USTC-TFC2016,Source/group association or leave-one-group-out instability exceeds the pre-registered shortcut-risk boundary.,stats.packet_count,not_available,shortcut_suspect,not_available,0.6286133512996879,0.5680340869085189,0.26904761904761904,0.22583156488534084,0.0,not_available,0.08349883797190238,flow_statistics,0.06548015907216219,0.8898515016204982,0.5974077380952381,0.8898515016204982,0.14931501493514887
computed,0.36109202085147746,not_available,USTC-TFC2016,Source/group association or leave-one-group-out instability exceeds the pre-registered shortcut-risk boundary.,stats.packet_length_variance,not_available,shortcut_suspect,not_available,0.5982466458789715,0.5365404396852386,0.2783333333333333,0.25566997772925126,0.0,not_available,0.011530794490522633,flow_statistics,0.05015921942335603,1.0,0.568155753968254,1.1718453905468005,0.3718820949501996
computed,0.3739355861966965,not_available,USTC-TFC2016,Source/group association or leave-one-group-out instability exceeds the pre-registered shortcut-risk boundary.,stats.total_bytes,not_available,shortcut_suspect,not_available,0.5579587025277793,0.5063097693157241,0.2438095238095238,0.48530317896785946,0.0,not_available,0.018540365640864163,flow_statistics,0.028263378298534616,1.0,0.5325505952380952,1.5879269271031986,0.1918507550281329
inventory_only,not_available,not_available,USTC-TFC2016,"Field contract blocks identity, endpoint, provenance, or shortcut-prone context.",trace_id,not_available,blocked,not_available,not_available,not_available,not_available,not_available,not_available,True,not_available,blocked,not_available,0.0,not_available,not_available,not_available
inventory_only,not_available,not_available,CESNET-TLS22,"Field contract blocks identity, endpoint, provenance, or shortcut-prone context.",context.dst_ip,not_available,blocked,not_available,not_available,not_available,not_available,not_available,not_available,True,not_available,blocked,not_available,0.0,not_available,not_available,not_available
inventory_only,not_available,not_available,CESNET-TLS22,"Field contract blocks identity, endpoint, provenance, or shortcut-prone context.",context.dst_port,not_available,blocked,not_available,not_available,not_available,not_available,not_available,not_available,True,not_available,blocked,not_available,0.0,not_available,not_available,not_available
inventory_only,not_available,not_available,CESNET-TLS22,"Field contract blocks identity, endpoint, provenance, or shortcut-prone context.",context.flow_id,not_available,blocked,not_available,not_available,not_available,not_available,not_available,not_available,True,not_available,blocked,not_available,0.0,not_available,not_available,not_available
inventory_only,not_available,not_available,CESNET-TLS22,"Field contract blocks identity, endpoint, provenance, or shortcut-prone context.",context.sni,not_available,blocked,not_available,not_available,not_available,not_available,not_available,not_available,True,not_available,blocked,not_available,0.0,not_available,not_available,not_available
inventory_only,not_available,not_available,CESNET-TLS22,"Field contract blocks identity, endpoint, provenance, or shortcut-prone context.",context.src_ip,not_available,blocked,not_available,not_available,not_available,not_available,not_available,not_available,True,not_available,blocked,not_available,0.0,not_available,not_available,not_available
inventory_only,not_available,not_available,CESNET-TLS22,"Field contract blocks identity, endpoint, provenance, or shortcut-prone context.",context.src_port,not_available,blocked,not_available,not_available,not_available,not_available,not_available,not_available,True,not_available,blocked,not_available,0.0,not_available,not_available,not_available
inventory_only,not_available,not_available,CESNET-TLS22,Ground truth or task context is evaluation-only.,labels.application,not_available,label_only,not_available,not_available,not_available,not_available,not_available,not_available,True,not_available,label_only,not_available,0.0,not_available,not_available,not_available
inventory_only,not_available,not_available,CESNET-TLS22,Ground truth or task context is evaluation-only.,labels.attack,not_available,label_only,not_available,not_available,not_available,not_available,not_available,not_available,True,not_available,label_only,not_available,0.0,not_available,not_available,not_available
inventory_only,not_available,not_available,CESNET-TLS22,Ground truth or task context is evaluation-only.,labels.binary,not_available,label_only,not_available,not_available,not_available,not_available,not_available,not_available,True,not_available,label_only,not_available,0.0,not_available,not_available,not_available
inventory_only,not_available,not_available,CESNET-TLS22,Ground truth or task context is evaluation-only.,labels.category,not_available,label_only,not_available,not_available,not_available,not_available,not_available,not_available,True,not_available,label_only,not_available,0.0,not_available,not_available,not_available
inventory_only,not_available,not_available,CESNET-TLS22,Ground truth or task context is evaluation-only.,labels.family,not_available,label_only,not_available,not_available,not_available,not_available,not_available,not_available,True,not_available,label_only,not_available,0.0,not_available,not_available,not_available
inventory_only,not_available,not_available,CESNET-TLS22,Ground truth or task context is evaluation-only.,labels.tool,not_available,label_only,not_available,not_available,not_available,not_available,not_available,not_available,True,not_available,label_only,not_available,0.0,not_available,not_available,not_available
inventory_only,not_available,not_available,CESNET-TLS22,"Field contract blocks identity, endpoint, provenance, or shortcut-prone context.",provenance.capture_id,not_available,blocked,not_available,not_available,not_available,not_available,not_available,not_available,True,not_available,blocked,not_available,0.0,not_available,not_available,not_available
inventory_only,not_available,not_available,CESNET-TLS22,"Field contract blocks identity, endpoint, provenance, or shortcut-prone context.",provenance.capture_path,not_available,blocked,not_available,not_available,not_available,not_available,not_available,not_available,True,not_available,blocked,not_available,0.0,not_available,not_available,not_available
inventory_only,not_available,not_available,CESNET-TLS22,"Field contract blocks identity, endpoint, provenance, or shortcut-prone context.",provenance.dataset,not_available,blocked,not_available,not_available,not_available,not_available,not_available,not_available,True,not_available,blocked,not_available,0.0,not_available,not_available,not_available
inventory_only,not_available,not_available,CESNET-TLS22,"Field contract blocks identity, endpoint, provenance, or shortcut-prone context.",provenance.source_file,not_available,blocked,not_available,not_available,not_available,not_available,not_available,not_available,True,not_available,blocked,not_available,0.0,not_available,not_available,not_available
inventory_only,not_available,not_available,CESNET-TLS22,"Field contract blocks identity, endpoint, provenance, or shortcut-prone context.",sample_id,not_available,blocked,not_available,not_available,not_available,not_available,not_available,not_available,True,not_available,blocked,not_available,0.0,not_available,not_available,not_available
inventory_only,not_available,not_available,CESNET-TLS22,Evidence is safe only when the corresponding sequence/TLS capability is present.,sequence.directions,not_available,safe_conditional,not_available,not_available,not_available,not_available,not_available,not_available,not_available,not_available,temporal_sequence,not_available,0.0,not_available,not_available,not_available
inventory_only,not_available,not_available,CESNET-TLS22,Evidence is safe only when the corresponding sequence/TLS capability is present.,sequence.iats,not_available,safe_conditional,not_available,not_available,not_available,not_available,not_available,not_available,not_available,not_available,temporal_sequence,not_available,0.0,not_available,not_available,not_available
inventory_only,not_available,not_available,CESNET-TLS22,Evidence is safe only when the corresponding sequence/TLS capability is present.,sequence.packet_lengths,not_available,safe_conditional,not_available,not_available,not_available,not_available,not_available,not_available,not_available,not_available,temporal_sequence,not_available,0.0,not_available,not_available,not_available
computed,not_available,not_available,CESNET-TLS22,Canonical aggregate is present across at least four audited datasets.,stats.duration,not_available,safe_common,not_available,not_available,not_available,not_available,not_available,not_available,not_available,not_available,flow_statistics,not_available,0.0,not_available,not_available,not_available
computed,not_available,not_available,CESNET-TLS22,Canonical aggregate is present across at least four audited datasets.,stats.inbound_bytes,not_available,safe_common,not_available,not_available,not_available,not_available,not_available,not_available,not_available,not_available,flow_statistics,not_available,0.0,not_available,not_available,not_available
computed,not_available,not_available,CESNET-TLS22,Canonical aggregate is present across at least four audited datasets.,stats.mean_packet_length,not_available,safe_common,not_available,not_available,not_available,not_available,not_available,not_available,not_available,not_available,flow_statistics,not_available,0.0,not_available,not_available,not_available
computed,not_available,not_available,CESNET-TLS22,Canonical aggregate is present across at least four audited datasets.,stats.outbound_bytes,not_available,safe_common,not_available,not_available,not_available,not_available,not_available,not_available,not_available,not_available,flow_statistics,not_available,0.0,not_available,not_available,not_available
computed,not_available,not_available,CESNET-TLS22,Canonical aggregate is present across at least four audited datasets.,stats.outbound_ratio,not_available,safe_common,not_available,not_available,not_available,not_available,not_available,not_available,not_available,not_available,flow_statistics,not_available,0.0,not_available,not_available,not_available
computed,not_available,not_available,CESNET-TLS22,Canonical aggregate is present across at least four audited datasets.,stats.packet_count,not_available,safe_common,not_available,not_available,not_available,not_available,not_available,not_available,not_available,not_available,flow_statistics,not_available,0.0,not_available,not_available,not_available
computed,not_available,not_available,CESNET-TLS22,Feature is currently native to a limited dataset/schema and requires scoped validation.,stats.ppi_duration,not_available,dataset_specific,not_available,not_available,not_available,not_available,not_available,not_available,not_available,not_available,flow_statistics,not_available,0.0,not_available,not_available,not_available
computed,not_available,not_available,CESNET-TLS22,Feature is currently native to a limited dataset/schema and requires scoped validation.,stats.ppi_negative_ipt_count,not_available,dataset_specific,not_available,not_available,not_available,not_available,not_available,not_available,not_available,not_available,flow_statistics,not_available,0.0,not_available,not_available,not_available
computed,not_available,not_available,CESNET-TLS22,Feature is currently native to a limited dataset/schema and requires scoped validation.,stats.ppi_roundtrips,not_available,dataset_specific,not_available,not_available,not_available,not_available,not_available,not_available,not_available,not_available,flow_statistics,not_available,0.0,not_available,not_available,not_available
computed,not_available,not_available,CESNET-TLS22,Canonical aggregate is present across at least four audited datasets.,stats.total_bytes,not_available,safe_common,not_available,not_available,not_available,not_available,not_available,not_available,not_available,not_available,flow_statistics,not_available,0.0,not_available,not_available,not_available
inventory_only,not_available,not_available,CESNET-TLS22,"Field contract blocks identity, endpoint, provenance, or shortcut-prone context.",trace_id,not_available,blocked,not_available,not_available,not_available,not_available,not_available,not_available,True,not_available,blocked,not_available,0.0,not_available,not_available,not_available
inventory_only,not_available,not_available,CipherSpectrum,"Field contract blocks identity, endpoint, provenance, or shortcut-prone context.",context.dst_ip,not_available,blocked,not_available,not_available,not_available,not_available,not_available,not_available,True,not_available,blocked,not_available,0.0,not_available,not_available,not_available
inventory_only,not_available,not_available,CipherSpectrum,"Field contract blocks identity, endpoint, provenance, or shortcut-prone context.",context.dst_port,not_available,blocked,not_available,not_available,not_available,not_available,not_available,not_available,True,not_available,blocked,not_available,0.0,not_available,not_available,not_available
inventory_only,not_available,not_available,CipherSpectrum,"Field contract blocks identity, endpoint, provenance, or shortcut-prone context.",context.flow_id,not_available,blocked,not_available,not_available,not_available,not_available,not_available,not_available,True,not_available,blocked,not_available,0.0,not_available,not_available,not_available
inventory_only,not_available,not_available,CipherSpectrum,"Field contract blocks identity, endpoint, provenance, or shortcut-prone context.",context.sni,not_available,blocked,not_available,not_available,not_available,not_available,not_available,not_available,True,not_available,blocked,not_available,0.0,not_available,not_available,not_available
inventory_only,not_available,not_available,CipherSpectrum,"Field contract blocks identity, endpoint, provenance, or shortcut-prone context.",context.src_ip,not_available,blocked,not_available,not_available,not_available,not_available,not_available,not_available,True,not_available,blocked,not_available,0.0,not_available,not_available,not_available
inventory_only,not_available,not_available,CipherSpectrum,"Field contract blocks identity, endpoint, provenance, or shortcut-prone context.",context.src_port,not_available,blocked,not_available,not_available,not_available,not_available,not_available,not_available,True,not_available,blocked,not_available,0.0,not_available,not_available,not_available
inventory_only,not_available,not_available,CipherSpectrum,Ground truth or task context is evaluation-only.,labels.application,not_available,label_only,not_available,not_available,not_available,not_available,not_available,not_available,True,not_available,label_only,not_available,0.0,not_available,not_available,not_available
inventory_only,not_available,not_available,CipherSpectrum,Ground truth or task context is evaluation-only.,labels.attack,not_available,label_only,not_available,not_available,not_available,not_available,not_available,not_available,True,not_available,label_only,not_available,0.0,not_available,not_available,not_available
inventory_only,not_available,not_available,CipherSpectrum,Ground truth or task context is evaluation-only.,labels.binary,not_available,label_only,not_available,not_available,not_available,not_available,not_available,not_available,True,not_available,label_only,not_available,0.0,not_available,not_available,not_available
inventory_only,not_available,not_available,CipherSpectrum,Ground truth or task context is evaluation-only.,labels.category,not_available,label_only,not_available,not_available,not_available,not_available,not_available,not_available,True,not_available,label_only,not_available,0.0,not_available,not_available,not_available
inventory_only,not_available,not_available,CipherSpectrum,Ground truth or task context is evaluation-only.,labels.family,not_available,label_only,not_available,not_available,not_available,not_available,not_available,not_available,True,not_available,label_only,not_available,0.0,not_available,not_available,not_available
inventory_only,not_available,not_available,CipherSpectrum,Ground truth or task context is evaluation-only.,labels.tool,not_available,label_only,not_available,not_available,not_available,not_available,not_available,not_available,True,not_available,label_only,not_available,0.0,not_available,not_available,not_available
inventory_only,not_available,not_available,CipherSpectrum,"Field contract blocks identity, endpoint, provenance, or shortcut-prone context.",provenance.capture_id,not_available,blocked,not_available,not_available,not_available,not_available,not_available,not_available,True,not_available,blocked,not_available,0.0,not_available,not_available,not_available
inventory_only,not_available,not_available,CipherSpectrum,"Field contract blocks identity, endpoint, provenance, or shortcut-prone context.",provenance.capture_path,not_available,blocked,not_available,not_available,not_available,not_available,not_available,not_available,True,not_available,blocked,not_available,0.0,not_available,not_available,not_available
inventory_only,not_available,not_available,CipherSpectrum,"Field contract blocks identity, endpoint, provenance, or shortcut-prone context.",provenance.dataset,not_available,blocked,not_available,not_available,not_available,not_available,not_available,not_available,True,not_available,blocked,not_available,0.0,not_available,not_available,not_available
inventory_only,not_available,not_available,CipherSpectrum,"Field contract blocks identity, endpoint, provenance, or shortcut-prone context.",provenance.source_file,not_available,blocked,not_available,not_available,not_available,not_available,not_available,not_available,True,not_available,blocked,not_available,0.0,not_available,not_available,not_available
inventory_only,not_available,not_available,CipherSpectrum,"Field contract blocks identity, endpoint, provenance, or shortcut-prone context.",sample_id,not_available,blocked,not_available,not_available,not_available,not_available,not_available,not_available,True,not_available,blocked,not_available,0.0,not_available,not_available,not_available
inventory_only,not_available,not_available,CipherSpectrum,Evidence is safe only when the corresponding sequence/TLS capability is present.,sequence.directions,not_available,safe_conditional,not_available,not_available,not_available,not_available,not_available,not_available,not_available,not_available,temporal_sequence,not_available,0.0,not_available,not_available,not_available
inventory_only,not_available,not_available,CipherSpectrum,Evidence is safe only when the corresponding sequence/TLS capability is present.,sequence.iats,not_available,safe_conditional,not_available,not_available,not_available,not_available,not_available,not_available,not_available,not_available,temporal_sequence,not_available,0.0,not_available,not_available,not_available
inventory_only,not_available,not_available,CipherSpectrum,Evidence is safe only when the corresponding sequence/TLS capability is present.,sequence.packet_lengths,not_available,safe_conditional,not_available,not_available,not_available,not_available,not_available,not_available,not_available,not_available,temporal_sequence,not_available,0.0,not_available,not_available,not_available
computed,not_available,not_available,CipherSpectrum,Canonical aggregate is present across at least four audited datasets.,stats.duration,not_available,safe_common,not_available,not_available,not_available,not_available,not_available,not_available,not_available,not_available,flow_statistics,not_available,0.0,not_available,not_available,not_available
computed,not_available,not_available,CipherSpectrum,Canonical aggregate is present across at least four audited datasets.,stats.inbound_bytes,not_available,safe_common,not_available,not_available,not_available,not_available,not_available,not_available,not_available,not_available,flow_statistics,not_available,0.0,not_available,not_available,not_available
computed,not_available,not_available,CipherSpectrum,Canonical aggregate is present across at least four audited datasets.,stats.mean_packet_length,not_available,safe_common,not_available,not_available,not_available,not_available,not_available,not_available,not_available,not_available,flow_statistics,not_available,0.0,not_available,not_available,not_available
computed,not_available,not_available,CipherSpectrum,Canonical aggregate is present across at least four audited datasets.,stats.outbound_bytes,not_available,safe_common,not_available,not_available,not_available,not_available,not_available,not_available,not_available,not_available,flow_statistics,not_available,0.0,not_available,not_available,not_available
computed,not_available,not_available,CipherSpectrum,Canonical aggregate is present across at least four audited datasets.,stats.outbound_ratio,not_available,safe_common,not_available,not_available,not_available,not_available,not_available,not_available,not_available,not_available,flow_statistics,not_available,0.0,not_available,not_available,not_available
computed,not_available,not_available,CipherSpectrum,Canonical aggregate is present across at least four audited datasets.,stats.packet_count,not_available,safe_common,not_available,not_available,not_available,not_available,not_available,not_available,not_available,not_available,flow_statistics,not_available,0.0,not_available,not_available,not_available
computed,not_available,not_available,CipherSpectrum,Feature is currently native to a limited dataset/schema and requires scoped validation.,stats.packet_length_variance,not_available,dataset_specific,not_available,not_available,not_available,not_available,not_available,not_available,not_available,not_available,flow_statistics,not_available,0.0,not_available,not_available,not_available
computed,not_available,not_available,CipherSpectrum,Canonical aggregate is present across at least four audited datasets.,stats.total_bytes,not_available,safe_common,not_available,not_available,not_available,not_available,not_available,not_available,not_available,not_available,flow_statistics,not_available,0.0,not_available,not_available,not_available
inventory_only,not_available,not_available,CipherSpectrum,Evidence is safe only when the corresponding sequence/TLS capability is present.,tls.cipher_suite,not_available,safe_conditional,not_available,not_available,not_available,not_available,not_available,not_available,not_available,not_available,tls_protocol,not_available,0.0,not_available,not_available,not_available
inventory_only,not_available,not_available,CipherSpectrum,Evidence is safe only when the corresponding sequence/TLS capability is present.,tls.handshake_complete,not_available,safe_conditional,not_available,not_available,not_available,not_available,not_available,not_available,not_available,not_available,tls_protocol,not_available,0.0,not_available,not_available,not_available
inventory_only,not_available,not_available,CipherSpectrum,Evidence is safe only when the corresponding sequence/TLS capability is present.,tls.version,not_available,safe_conditional,not_available,not_available,not_available,not_available,not_available,not_available,not_available,not_available,tls_protocol,not_available,0.0,not_available,not_available,not_available
inventory_only,not_available,not_available,CipherSpectrum,"Field contract blocks identity, endpoint, provenance, or shortcut-prone context.",trace_id,not_available,blocked,not_available,not_available,not_available,not_available,not_available,not_available,True,not_available,blocked,not_available,0.0,not_available,not_available,not_available
inventory_only,not_available,not_available,NF-BoT-IoT/NF-ToN-IoT,"Field contract blocks identity, endpoint, provenance, or shortcut-prone context.",context.dst_ip,not_available,blocked,not_available,not_available,not_available,not_available,not_available,not_available,True,not_available,blocked,not_available,0.0,not_available,not_available,not_available
inventory_only,not_available,not_available,NF-BoT-IoT/NF-ToN-IoT,"Field contract blocks identity, endpoint, provenance, or shortcut-prone context.",context.dst_port,not_available,blocked,not_available,not_available,not_available,not_available,not_available,not_available,True,not_available,blocked,not_available,0.0,not_available,not_available,not_available
inventory_only,not_available,not_available,NF-BoT-IoT/NF-ToN-IoT,"Field contract blocks identity, endpoint, provenance, or shortcut-prone context.",context.flow_id,not_available,blocked,not_available,not_available,not_available,not_available,not_available,not_available,True,not_available,blocked,not_available,0.0,not_available,not_available,not_available
inventory_only,not_available,not_available,NF-BoT-IoT/NF-ToN-IoT,"Field contract blocks identity, endpoint, provenance, or shortcut-prone context.",context.sni,not_available,blocked,not_available,not_available,not_available,not_available,not_available,not_available,True,not_available,blocked,not_available,0.0,not_available,not_available,not_available
inventory_only,not_available,not_available,NF-BoT-IoT/NF-ToN-IoT,"Field contract blocks identity, endpoint, provenance, or shortcut-prone context.",context.src_ip,not_available,blocked,not_available,not_available,not_available,not_available,not_available,not_available,True,not_available,blocked,not_available,0.0,not_available,not_available,not_available
inventory_only,not_available,not_available,NF-BoT-IoT/NF-ToN-IoT,"Field contract blocks identity, endpoint, provenance, or shortcut-prone context.",context.src_port,not_available,blocked,not_available,not_available,not_available,not_available,not_available,not_available,True,not_available,blocked,not_available,0.0,not_available,not_available,not_available
inventory_only,not_available,not_available,NF-BoT-IoT/NF-ToN-IoT,Ground truth or task context is evaluation-only.,labels.application,not_available,label_only,not_available,not_available,not_available,not_available,not_available,not_available,True,not_available,label_only,not_available,0.0,not_available,not_available,not_available
inventory_only,not_available,not_available,NF-BoT-IoT/NF-ToN-IoT,Ground truth or task context is evaluation-only.,labels.attack,not_available,label_only,not_available,not_available,not_available,not_available,not_available,not_available,True,not_available,label_only,not_available,0.0,not_available,not_available,not_available
inventory_only,not_available,not_available,NF-BoT-IoT/NF-ToN-IoT,Ground truth or task context is evaluation-only.,labels.binary,not_available,label_only,not_available,not_available,not_available,not_available,not_available,not_available,True,not_available,label_only,not_available,0.0,not_available,not_available,not_available
inventory_only,not_available,not_available,NF-BoT-IoT/NF-ToN-IoT,Ground truth or task context is evaluation-only.,labels.category,not_available,label_only,not_available,not_available,not_available,not_available,not_available,not_available,True,not_available,label_only,not_available,0.0,not_available,not_available,not_available
inventory_only,not_available,not_available,NF-BoT-IoT/NF-ToN-IoT,Ground truth or task context is evaluation-only.,labels.family,not_available,label_only,not_available,not_available,not_available,not_available,not_available,not_available,True,not_available,label_only,not_available,0.0,not_available,not_available,not_available
inventory_only,not_available,not_available,NF-BoT-IoT/NF-ToN-IoT,Ground truth or task context is evaluation-only.,labels.tool,not_available,label_only,not_available,not_available,not_available,not_available,not_available,not_available,True,not_available,label_only,not_available,0.0,not_available,not_available,not_available
inventory_only,not_available,not_available,NF-BoT-IoT/NF-ToN-IoT,Feature is currently native to a limited dataset/schema and requires scoped validation.,native.client_tcp_flags,not_available,dataset_specific,not_available,not_available,not_available,not_available,not_available,not_available,not_available,not_available,dataset_native_flow_feature,not_available,0.0,not_available,not_available,not_available
inventory_only,not_available,not_available,NF-BoT-IoT/NF-ToN-IoT,Feature is currently native to a limited dataset/schema and requires scoped validation.,native.dns_query_id,not_available,dataset_specific,not_available,not_available,not_available,not_available,not_available,not_available,not_available,not_available,dataset_native_flow_feature,not_available,0.0,not_available,not_available,not_available
inventory_only,not_available,not_available,NF-BoT-IoT/NF-ToN-IoT,Feature is currently native to a limited dataset/schema and requires scoped validation.,native.dns_query_type,not_available,dataset_specific,not_available,not_available,not_available,not_available,not_available,not_available,not_available,not_available,dataset_native_flow_feature,not_available,0.0,not_available,not_available,not_available
inventory_only,not_available,not_available,NF-BoT-IoT/NF-ToN-IoT,Feature is currently native to a limited dataset/schema and requires scoped validation.,native.dns_ttl_answer,not_available,dataset_specific,not_available,not_available,not_available,not_available,not_available,not_available,not_available,not_available,dataset_native_flow_feature,not_available,0.0,not_available,not_available,not_available
inventory_only,not_available,not_available,NF-BoT-IoT/NF-ToN-IoT,Feature is currently native to a limited dataset/schema and requires scoped validation.,native.dst_to_src_avg_throughput,not_available,dataset_specific,not_available,not_available,not_available,not_available,not_available,not_available,not_available,not_available,dataset_native_flow_feature,not_available,0.0,not_available,not_available,not_available
inventory_only,not_available,not_available,NF-BoT-IoT/NF-ToN-IoT,Feature is currently native to a limited dataset/schema and requires scoped validation.,native.dst_to_src_second_bytes,not_available,dataset_specific,not_available,not_available,not_available,not_available,not_available,not_available,not_available,not_available,dataset_native_flow_feature,not_available,0.0,not_available,not_available,not_available
inventory_only,not_available,not_available,NF-BoT-IoT/NF-ToN-IoT,Feature is currently native to a limited dataset/schema and requires scoped validation.,native.duration_in,not_available,dataset_specific,not_available,not_available,not_available,not_available,not_available,not_available,not_available,not_available,dataset_native_flow_feature,not_available,0.0,not_available,not_available,not_available
inventory_only,not_available,not_available,NF-BoT-IoT/NF-ToN-IoT,Feature is currently native to a limited dataset/schema and requires scoped validation.,native.duration_out,not_available,dataset_specific,not_available,not_available,not_available,not_available,not_available,not_available,not_available,not_available,dataset_native_flow_feature,not_available,0.0,not_available,not_available,not_available
inventory_only,not_available,not_available,NF-BoT-IoT/NF-ToN-IoT,Feature is currently native to a limited dataset/schema and requires scoped validation.,native.flow_duration_milliseconds,not_available,dataset_specific,not_available,not_available,not_available,not_available,not_available,not_available,not_available,not_available,dataset_native_flow_feature,not_available,0.0,not_available,not_available,not_available
inventory_only,not_available,not_available,NF-BoT-IoT/NF-ToN-IoT,Feature is currently native to a limited dataset/schema and requires scoped validation.,native.ftp_command_ret_code,not_available,dataset_specific,not_available,not_available,not_available,not_available,not_available,not_available,not_available,not_available,dataset_native_flow_feature,not_available,0.0,not_available,not_available,not_available
inventory_only,not_available,not_available,NF-BoT-IoT/NF-ToN-IoT,Feature is currently native to a limited dataset/schema and requires scoped validation.,native.icmp_ipv4_type,not_available,dataset_specific,not_available,not_available,not_available,not_available,not_available,not_available,not_available,not_available,dataset_native_flow_feature,not_available,0.0,not_available,not_available,not_available
inventory_only,not_available,not_available,NF-BoT-IoT/NF-ToN-IoT,Feature is currently native to a limited dataset/schema and requires scoped validation.,native.icmp_type,not_available,dataset_specific,not_available,not_available,not_available,not_available,not_available,not_available,not_available,not_available,dataset_native_flow_feature,not_available,0.0,not_available,not_available,not_available
computed,0.3286581823362952,not_available,NF-BoT-IoT/NF-ToN-IoT,Source/group association or leave-one-group-out instability exceeds the pre-registered shortcut-risk boundary.,native.in_bytes,not_available,shortcut_suspect,0.25389510642966867,0.5692169525565837,0.533180745119383,0.26125,0.39452401062101683,0.0,not_available,0.17174768065062437,dataset_native_flow_feature,0.03404513055774802,0.8965264543930782,0.5540541666666666,0.8965264543930782,0.26083915259101265
inventory_only,not_available,not_available,NF-BoT-IoT/NF-ToN-IoT,Feature is currently native to a limited dataset/schema and requires scoped validation.,native.in_pkts,not_available,dataset_specific,not_available,not_available,not_available,not_available,not_available,not_available,not_available,not_available,dataset_native_flow_feature,not_available,0.0,not_available,not_available,not_available
inventory_only,not_available,not_available,NF-BoT-IoT/NF-ToN-IoT,Feature is currently native to a limited dataset/schema and requires scoped validation.,native.l7_proto,not_available,dataset_specific,not_available,not_available,not_available,not_available,not_available,not_available,not_available,not_available,dataset_native_flow_feature,not_available,0.0,not_available,not_available,not_available
inventory_only,not_available,not_available,NF-BoT-IoT/NF-ToN-IoT,Feature is currently native to a limited dataset/schema and requires scoped validation.,native.longest_flow_pkt,not_available,dataset_specific,not_available,not_available,not_available,not_available,not_available,not_available,not_available,not_available,dataset_native_flow_feature,not_available,0.0,not_available,not_available,not_available
inventory_only,not_available,not_available,NF-BoT-IoT/NF-ToN-IoT,Feature is currently native to a limited dataset/schema and requires scoped validation.,native.max_ip_pkt_len,not_available,dataset_specific,not_available,not_available,not_available,not_available,not_available,not_available,not_available,not_available,dataset_native_flow_feature,not_available,0.0,not_available,not_available,not_available
inventory_only,not_available,not_available,NF-BoT-IoT/NF-ToN-IoT,Feature is currently native to a limited dataset/schema and requires scoped validation.,native.max_ttl,not_available,dataset_specific,not_available,not_available,not_available,not_available,not_available,not_available,not_available,not_available,dataset_native_flow_feature,not_available,0.0,not_available,not_available,not_available
inventory_only,not_available,not_available,NF-BoT-IoT/NF-ToN-IoT,Feature is currently native to a limited dataset/schema and requires scoped validation.,native.min_ip_pkt_len,not_available,dataset_specific,not_available,not_available,not_available,not_available,not_available,not_available,not_available,not_available,dataset_native_flow_feature,not_available,0.0,not_available,not_available,not_available
inventory_only,not_available,not_available,NF-BoT-IoT/NF-ToN-IoT,Feature is currently native to a limited dataset/schema and requires scoped validation.,native.min_ttl,not_available,dataset_specific,not_available,not_available,not_available,not_available,not_available,not_available,not_available,not_available,dataset_native_flow_feature,not_available,0.0,not_available,not_available,not_available
inventory_only,not_available,not_available,NF-BoT-IoT/NF-ToN-IoT,Feature is currently native to a limited dataset/schema and requires scoped validation.,native.num_pkts_1024_to_1514_bytes,not_available,dataset_specific,not_available,not_available,not_available,not_available,not_available,not_available,not_available,not_available,dataset_native_flow_feature,not_available,0.0,not_available,not_available,not_available
inventory_only,not_available,not_available,NF-BoT-IoT/NF-ToN-IoT,Feature is currently native to a limited dataset/schema and requires scoped validation.,native.num_pkts_128_to_256_bytes,not_available,dataset_specific,not_available,not_available,not_available,not_available,not_available,not_available,not_available,not_available,dataset_native_flow_feature,not_available,0.0,not_available,not_available,not_available
inventory_only,not_available,not_available,NF-BoT-IoT/NF-ToN-IoT,Feature is currently native to a limited dataset/schema and requires scoped validation.,native.num_pkts_256_to_512_bytes,not_available,dataset_specific,not_available,not_available,not_available,not_available,not_available,not_available,not_available,not_available,dataset_native_flow_feature,not_available,0.0,not_available,not_available,not_available
inventory_only,not_available,not_available,NF-BoT-IoT/NF-ToN-IoT,Feature is currently native to a limited dataset/schema and requires scoped validation.,native.num_pkts_512_to_1024_bytes,not_available,dataset_specific,not_available,not_available,not_available,not_available,not_available,not_available,not_available,not_available,dataset_native_flow_feature,not_available,0.0,not_available,not_available,not_available
inventory_only,not_available,not_available,NF-BoT-IoT/NF-ToN-IoT,Feature is currently native to a limited dataset/schema and requires scoped validation.,native.num_pkts_up_to_128_bytes,not_available,dataset_specific,not_available,not_available,not_available,not_available,not_available,not_available,not_available,not_available,dataset_native_flow_feature,not_available,0.0,not_available,not_available,not_available
computed,0.21822342750990778,not_available,NF-BoT-IoT/NF-ToN-IoT,Source/group association or leave-one-group-out instability exceeds the pre-registered shortcut-risk boundary.,native.out_bytes,not_available,shortcut_suspect,0.25389510642966867,0.5250935721714963,0.501480327758327,0.16083333333333333,0.22092463091909798,0.0,not_available,0.07737166353555958,dataset_native_flow_feature,0.02296680636499034,0.7461048935703314,0.5115133680555555,0.5619840998302426,0.1577428231705231
inventory_only,not_available,not_available,NF-BoT-IoT/NF-ToN-IoT,Feature is currently native to a limited dataset/schema and requires scoped validation.,native.out_pkts,not_available,dataset_specific,not_available,not_available,not_available,not_available,not_available,not_available,not_available,not_available,dataset_native_flow_feature,not_available,0.0,not_available,not_available,not_available
computed,0.045279235914720564,not_available,NF-BoT-IoT/NF-ToN-IoT,Source/group association or leave-one-group-out instability exceeds the pre-registered shortcut-risk boundary.,native.protocol,not_available,shortcut_suspect,0.25389510642966867,0.5801200994977679,0.5603405162341952,0.14541666666666667,0.01579470158819163,0.0,not_available,0.12837713483981766,dataset_native_flow_feature,0.04154532410377612,0.7461048935703314,0.5700986979166667,0.06712400927297058,0.3624815520077795
inventory_only,not_available,not_available,NF-BoT-IoT/NF-ToN-IoT,Feature is currently native to a limited dataset/schema and requires scoped validation.,native.retransmitted_in_bytes,not_available,dataset_specific,not_available,not_available,not_available,not_available,not_available,not_available,not_available,not_available,dataset_native_flow_feature,not_available,0.0,not_available,not_available,not_available
inventory_only,not_available,not_available,NF-BoT-IoT/NF-ToN-IoT,Feature is currently native to a limited dataset/schema and requires scoped validation.,native.retransmitted_in_pkts,not_available,dataset_specific,not_available,not_available,not_available,not_available,not_available,not_available,not_available,not_available,dataset_native_flow_feature,not_available,0.0,not_available,not_available,not_available
inventory_only,not_available,not_available,NF-BoT-IoT/NF-ToN-IoT,Feature is currently native to a limited dataset/schema and requires scoped validation.,native.retransmitted_out_bytes,not_available,dataset_specific,not_available,not_available,not_available,not_available,not_available,not_available,not_available,not_available,dataset_native_flow_feature,not_available,0.0,not_available,not_available,not_available
inventory_only,not_available,not_available,NF-BoT-IoT/NF-ToN-IoT,Feature is currently native to a limited dataset/schema and requires scoped validation.,native.retransmitted_out_pkts,not_available,dataset_specific,not_available,not_available,not_available,not_available,not_available,not_available,not_available,not_available,dataset_native_flow_feature,not_available,0.0,not_available,not_available,not_available
inventory_only,not_available,not_available,NF-BoT-IoT/NF-ToN-IoT,Feature is currently native to a limited dataset/schema and requires scoped validation.,native.server_tcp_flags,not_available,dataset_specific,not_available,not_available,not_available,not_available,not_available,not_available,not_available,not_available,dataset_native_flow_feature,not_available,0.0,not_available,not_available,not_available
inventory_only,not_available,not_available,NF-BoT-IoT/NF-ToN-IoT,Feature is currently native to a limited dataset/schema and requires scoped validation.,native.shortest_flow_pkt,not_available,dataset_specific,not_available,not_available,not_available,not_available,not_available,not_available,not_available,not_available,dataset_native_flow_feature,not_available,0.0,not_available,not_available,not_available
inventory_only,not_available,not_available,NF-BoT-IoT/NF-ToN-IoT,Feature is currently native to a limited dataset/schema and requires scoped validation.,native.src_to_dst_avg_throughput,not_available,dataset_specific,not_available,not_available,not_available,not_available,not_available,not_available,not_available,not_available,dataset_native_flow_feature,not_available,0.0,not_available,not_available,not_available
inventory_only,not_available,not_available,NF-BoT-IoT/NF-ToN-IoT,Feature is currently native to a limited dataset/schema and requires scoped validation.,native.src_to_dst_second_bytes,not_available,dataset_specific,not_available,not_available,not_available,not_available,not_available,not_available,not_available,not_available,dataset_native_flow_feature,not_available,0.0,not_available,not_available,not_available
inventory_only,not_available,not_available,NF-BoT-IoT/NF-ToN-IoT,Feature is currently native to a limited dataset/schema and requires scoped validation.,native.tcp_flags,not_available,dataset_specific,not_available,not_available,not_available,not_available,not_available,not_available,not_available,not_available,dataset_native_flow_feature,not_available,0.0,not_available,not_available,not_available
inventory_only,not_available,not_available,NF-BoT-IoT/NF-ToN-IoT,Feature is currently native to a limited dataset/schema and requires scoped validation.,native.tcp_win_max_in,not_available,dataset_specific,not_available,not_available,not_available,not_available,not_available,not_available,not_available,not_available,dataset_native_flow_feature,not_available,0.0,not_available,not_available,not_available
inventory_only,not_available,not_available,NF-BoT-IoT/NF-ToN-IoT,Feature is currently native to a limited dataset/schema and requires scoped validation.,native.tcp_win_max_out,not_available,dataset_specific,not_available,not_available,not_available,not_available,not_available,not_available,not_available,not_available,dataset_native_flow_feature,not_available,0.0,not_available,not_available,not_available
inventory_only,not_available,not_available,NF-BoT-IoT/NF-ToN-IoT,"Field contract blocks identity, endpoint, provenance, or shortcut-prone context.",provenance.capture_id,not_available,blocked,not_available,not_available,not_available,not_available,not_available,not_available,True,not_available,blocked,not_available,0.0,not_available,not_available,not_available
inventory_only,not_available,not_available,NF-BoT-IoT/NF-ToN-IoT,"Field contract blocks identity, endpoint, provenance, or shortcut-prone context.",provenance.capture_path,not_available,blocked,not_available,not_available,not_available,not_available,not_available,not_available,True,not_available,blocked,not_available,0.0,not_available,not_available,not_available
inventory_only,not_available,not_available,NF-BoT-IoT/NF-ToN-IoT,"Field contract blocks identity, endpoint, provenance, or shortcut-prone context.",provenance.dataset,not_available,blocked,not_available,not_available,not_available,not_available,not_available,not_available,True,not_available,blocked,not_available,0.0,not_available,not_available,not_available
inventory_only,not_available,not_available,NF-BoT-IoT/NF-ToN-IoT,"Field contract blocks identity, endpoint, provenance, or shortcut-prone context.",provenance.source_file,not_available,blocked,not_available,not_available,not_available,not_available,not_available,not_available,True,not_available,blocked,not_available,0.0,not_available,not_available,not_available
inventory_only,not_available,not_available,NF-BoT-IoT/NF-ToN-IoT,"Field contract blocks identity, endpoint, provenance, or shortcut-prone context.",sample_id,not_available,blocked,not_available,not_available,not_available,not_available,not_available,not_available,True,not_available,blocked,not_available,0.0,not_available,not_available,not_available
inventory_only,not_available,not_available,NF-BoT-IoT/NF-ToN-IoT,"Field contract blocks identity, endpoint, provenance, or shortcut-prone context.",trace_id,not_available,blocked,not_available,not_available,not_available,not_available,not_available,not_available,True,not_available,blocked,not_available,0.0,not_available,not_available,not_available
inventory_only,not_available,not_available,CICIDS2017,Field is permitted only for offline capture/flow alignment audit.,alignment.absolute_timestamp,not_available,alignment_only,not_available,not_available,not_available,not_available,not_available,not_available,True,not_available,alignment_only,not_available,0.0,not_available,not_available,not_available
inventory_only,not_available,not_available,CICIDS2017,Field is permitted only for offline capture/flow alignment audit.,alignment.capture_id,not_available,alignment_only,not_available,not_available,not_available,not_available,not_available,not_available,True,not_available,alignment_only,not_available,0.0,not_available,not_available,not_available
inventory_only,not_available,not_available,CICIDS2017,Field is permitted only for offline capture/flow alignment audit.,alignment.capture_path,not_available,alignment_only,not_available,not_available,not_available,not_available,not_available,not_available,True,not_available,alignment_only,not_available,0.0,not_available,not_available,not_available
inventory_only,not_available,not_available,CICIDS2017,Field is permitted only for offline capture/flow alignment audit.,alignment.ip,not_available,alignment_only,not_available,not_available,not_available,not_available,not_available,not_available,True,not_available,alignment_only,not_available,0.0,not_available,not_available,not_available
inventory_only,not_available,not_available,CICIDS2017,Field is permitted only for offline capture/flow alignment audit.,alignment.port,not_available,alignment_only,not_available,not_available,not_available,not_available,not_available,not_available,True,not_available,alignment_only,not_available,0.0,not_available,not_available,not_available
inventory_only,not_available,not_available,CICIDS2017,Field is permitted only for offline capture/flow alignment audit.,alignment.source_row,not_available,alignment_only,not_available,not_available,not_available,not_available,not_available,not_available,True,not_available,alignment_only,not_available,0.0,not_available,not_available,not_available
inventory_only,not_available,not_available,CICIDS2017,Field is permitted only for offline capture/flow alignment audit.,alignment.tcp_stream,not_available,alignment_only,not_available,not_available,not_available,not_available,not_available,not_available,True,not_available,alignment_only,not_available,0.0,not_available,not_available,not_available
inventory_only,not_available,not_available,CICIDS2017,"Field contract blocks identity, endpoint, provenance, or shortcut-prone context.",context.dst_ip,not_available,blocked,not_available,not_available,not_available,not_available,not_available,not_available,True,not_available,blocked,not_available,0.0,not_available,not_available,not_available
inventory_only,not_available,not_available,CICIDS2017,"Field contract blocks identity, endpoint, provenance, or shortcut-prone context.",context.dst_port,not_available,blocked,not_available,not_available,not_available,not_available,not_available,not_available,True,not_available,blocked,not_available,0.0,not_available,not_available,not_available
inventory_only,not_available,not_available,CICIDS2017,"Field contract blocks identity, endpoint, provenance, or shortcut-prone context.",context.flow_id,not_available,blocked,not_available,not_available,not_available,not_available,not_available,not_available,True,not_available,blocked,not_available,0.0,not_available,not_available,not_available
inventory_only,not_available,not_available,CICIDS2017,"Field contract blocks identity, endpoint, provenance, or shortcut-prone context.",context.sni,not_available,blocked,not_available,not_available,not_available,not_available,not_available,not_available,True,not_available,blocked,not_available,0.0,not_available,not_available,not_available
inventory_only,not_available,not_available,CICIDS2017,"Field contract blocks identity, endpoint, provenance, or shortcut-prone context.",context.src_ip,not_available,blocked,not_available,not_available,not_available,not_available,not_available,not_available,True,not_available,blocked,not_available,0.0,not_available,not_available,not_available
inventory_only,not_available,not_available,CICIDS2017,"Field contract blocks identity, endpoint, provenance, or shortcut-prone context.",context.src_port,not_available,blocked,not_available,not_available,not_available,not_available,not_available,not_available,True,not_available,blocked,not_available,0.0,not_available,not_available,not_available
inventory_only,not_available,not_available,CICIDS2017,Ground truth or task context is evaluation-only.,labels.application,not_available,label_only,not_available,not_available,not_available,not_available,not_available,not_available,True,not_available,label_only,not_available,0.0,not_available,not_available,not_available
inventory_only,not_available,not_available,CICIDS2017,Ground truth or task context is evaluation-only.,labels.attack,not_available,label_only,not_available,not_available,not_available,not_available,not_available,not_available,True,not_available,label_only,not_available,0.0,not_available,not_available,not_available
inventory_only,not_available,not_available,CICIDS2017,Ground truth or task context is evaluation-only.,labels.binary,not_available,label_only,not_available,not_available,not_available,not_available,not_available,not_available,True,not_available,label_only,not_available,0.0,not_available,not_available,not_available
inventory_only,not_available,not_available,CICIDS2017,Ground truth or task context is evaluation-only.,labels.category,not_available,label_only,not_available,not_available,not_available,not_available,not_available,not_available,True,not_available,label_only,not_available,0.0,not_available,not_available,not_available
inventory_only,not_available,not_available,CICIDS2017,Ground truth or task context is evaluation-only.,labels.family,not_available,label_only,not_available,not_available,not_available,not_available,not_available,not_available,True,not_available,label_only,not_available,0.0,not_available,not_available,not_available
inventory_only,not_available,not_available,CICIDS2017,Ground truth or task context is evaluation-only.,labels.tool,not_available,label_only,not_available,not_available,not_available,not_available,not_available,not_available,True,not_available,label_only,not_available,0.0,not_available,not_available,not_available
inventory_only,not_available,not_available,CICIDS2017,Feature is currently native to a limited dataset/schema and requires scoped validation.,native.ack_flag_count,not_available,dataset_specific,not_available,not_available,not_available,not_available,not_available,not_available,not_available,not_available,dataset_native_flow_feature,not_available,0.0,not_available,not_available,not_available
inventory_only,not_available,not_available,CICIDS2017,Feature is currently native to a limited dataset/schema and requires scoped validation.,native.act_data_pkt_fwd,not_available,dataset_specific,not_available,not_available,not_available,not_available,not_available,not_available,not_available,not_available,dataset_native_flow_feature,not_available,0.0,not_available,not_available,not_available
inventory_only,not_available,not_available,CICIDS2017,Feature is currently native to a limited dataset/schema and requires scoped validation.,native.active_max,not_available,dataset_specific,not_available,not_available,not_available,not_available,not_available,not_available,not_available,not_available,dataset_native_flow_feature,not_available,0.0,not_available,not_available,not_available
inventory_only,not_available,not_available,CICIDS2017,Feature is currently native to a limited dataset/schema and requires scoped validation.,native.active_mean,not_available,dataset_specific,not_available,not_available,not_available,not_available,not_available,not_available,not_available,not_available,dataset_native_flow_feature,not_available,0.0,not_available,not_available,not_available
inventory_only,not_available,not_available,CICIDS2017,Feature is currently native to a limited dataset/schema and requires scoped validation.,native.active_min,not_available,dataset_specific,not_available,not_available,not_available,not_available,not_available,not_available,not_available,not_available,dataset_native_flow_feature,not_available,0.0,not_available,not_available,not_available
inventory_only,not_available,not_available,CICIDS2017,Feature is currently native to a limited dataset/schema and requires scoped validation.,native.active_std,not_available,dataset_specific,not_available,not_available,not_available,not_available,not_available,not_available,not_available,not_available,dataset_native_flow_feature,not_available,0.0,not_available,not_available,not_available
inventory_only,not_available,not_available,CICIDS2017,Feature is currently native to a limited dataset/schema and requires scoped validation.,native.average_packet_size,not_available,dataset_specific,not_available,not_available,not_available,not_available,not_available,not_available,not_available,not_available,dataset_native_flow_feature,not_available,0.0,not_available,not_available,not_available
inventory_only,not_available,not_available,CICIDS2017,Feature is currently native to a limited dataset/schema and requires scoped validation.,native.avg_bwd_segment_size,not_available,dataset_specific,not_available,not_available,not_available,not_available,not_available,not_available,not_available,not_available,dataset_native_flow_feature,not_available,0.0,not_available,not_available,not_available
inventory_only,not_available,not_available,CICIDS2017,Feature is currently native to a limited dataset/schema and requires scoped validation.,native.avg_fwd_segment_size,not_available,dataset_specific,not_available,not_available,not_available,not_available,not_available,not_available,not_available,not_available,dataset_native_flow_feature,not_available,0.0,not_available,not_available,not_available
inventory_only,not_available,not_available,CICIDS2017,Feature is currently native to a limited dataset/schema and requires scoped validation.,native.bwd_avg_bulk_rate,not_available,dataset_specific,not_available,not_available,not_available,not_available,not_available,not_available,not_available,not_available,dataset_native_flow_feature,not_available,0.0,not_available,not_available,not_available
inventory_only,not_available,not_available,CICIDS2017,Feature is currently native to a limited dataset/schema and requires scoped validation.,native.bwd_avg_bytes_bulk,not_available,dataset_specific,not_available,not_available,not_available,not_available,not_available,not_available,not_available,not_available,dataset_native_flow_feature,not_available,0.0,not_available,not_available,not_available
inventory_only,not_available,not_available,CICIDS2017,Feature is currently native to a limited dataset/schema and requires scoped validation.,native.bwd_avg_packets_bulk,not_available,dataset_specific,not_available,not_available,not_available,not_available,not_available,not_available,not_available,not_available,dataset_native_flow_feature,not_available,0.0,not_available,not_available,not_available
inventory_only,not_available,not_available,CICIDS2017,Feature is currently native to a limited dataset/schema and requires scoped validation.,native.bwd_header_length,not_available,dataset_specific,not_available,not_available,not_available,not_available,not_available,not_available,not_available,not_available,dataset_native_flow_feature,not_available,0.0,not_available,not_available,not_available
inventory_only,not_available,not_available,CICIDS2017,Feature is currently native to a limited dataset/schema and requires scoped validation.,native.bwd_iat_max,not_available,dataset_specific,not_available,not_available,not_available,not_available,not_available,not_available,not_available,not_available,dataset_native_flow_feature,not_available,0.0,not_available,not_available,not_available
inventory_only,not_available,not_available,CICIDS2017,Feature is currently native to a limited dataset/schema and requires scoped validation.,native.bwd_iat_mean,not_available,dataset_specific,not_available,not_available,not_available,not_available,not_available,not_available,not_available,not_available,dataset_native_flow_feature,not_available,0.0,not_available,not_available,not_available
inventory_only,not_available,not_available,CICIDS2017,Feature is currently native to a limited dataset/schema and requires scoped validation.,native.bwd_iat_min,not_available,dataset_specific,not_available,not_available,not_available,not_available,not_available,not_available,not_available,not_available,dataset_native_flow_feature,not_available,0.0,not_available,not_available,not_available
inventory_only,not_available,not_available,CICIDS2017,Feature is currently native to a limited dataset/schema and requires scoped validation.,native.bwd_iat_std,not_available,dataset_specific,not_available,not_available,not_available,not_available,not_available,not_available,not_available,not_available,dataset_native_flow_feature,not_available,0.0,not_available,not_available,not_available
inventory_only,not_available,not_available,CICIDS2017,Feature is currently native to a limited dataset/schema and requires scoped validation.,native.bwd_iat_total,not_available,dataset_specific,not_available,not_available,not_available,not_available,not_available,not_available,not_available,not_available,dataset_native_flow_feature,not_available,0.0,not_available,not_available,not_available
inventory_only,not_available,not_available,CICIDS2017,Feature is currently native to a limited dataset/schema and requires scoped validation.,native.bwd_packet_length_max,not_available,dataset_specific,not_available,not_available,not_available,not_available,not_available,not_available,not_available,not_available,dataset_native_flow_feature,not_available,0.0,not_available,not_available,not_available
inventory_only,not_available,not_available,CICIDS2017,Feature is currently native to a limited dataset/schema and requires scoped validation.,native.bwd_packet_length_mean,not_available,dataset_specific,not_available,not_available,not_available,not_available,not_available,not_available,not_available,not_available,dataset_native_flow_feature,not_available,0.0,not_available,not_available,not_available
inventory_only,not_available,not_available,CICIDS2017,Feature is currently native to a limited dataset/schema and requires scoped validation.,native.bwd_packet_length_min,not_available,dataset_specific,not_available,not_available,not_available,not_available,not_available,not_available,not_available,not_available,dataset_native_flow_feature,not_available,0.0,not_available,not_available,not_available
inventory_only,not_available,not_available,CICIDS2017,Feature is currently native to a limited dataset/schema and requires scoped validation.,native.bwd_packet_length_std,not_available,dataset_specific,not_available,not_available,not_available,not_available,not_available,not_available,not_available,not_available,dataset_native_flow_feature,not_available,0.0,not_available,not_available,not_available
inventory_only,not_available,not_available,CICIDS2017,Feature is currently native to a limited dataset/schema and requires scoped validation.,native.bwd_packets_s,not_available,dataset_specific,not_available,not_available,not_available,not_available,not_available,not_available,not_available,not_available,dataset_native_flow_feature,not_available,0.0,not_available,not_available,not_available
inventory_only,not_available,not_available,CICIDS2017,Feature is currently native to a limited dataset/schema and requires scoped validation.,native.bwd_psh_flags,not_available,dataset_specific,not_available,not_available,not_available,not_available,not_available,not_available,not_available,not_available,dataset_native_flow_feature,not_available,0.0,not_available,not_available,not_available
inventory_only,not_available,not_available,CICIDS2017,Feature is currently native to a limited dataset/schema and requires scoped validation.,native.bwd_urg_flags,not_available,dataset_specific,not_available,not_available,not_available,not_available,not_available,not_available,not_available,not_available,dataset_native_flow_feature,not_available,0.0,not_available,not_available,not_available
inventory_only,not_available,not_available,CICIDS2017,Feature is currently native to a limited dataset/schema and requires scoped validation.,native.cwe_flag_count,not_available,dataset_specific,not_available,not_available,not_available,not_available,not_available,not_available,not_available,not_available,dataset_native_flow_feature,not_available,0.0,not_available,not_available,not_available
inventory_only,not_available,not_available,CICIDS2017,Feature is currently native to a limited dataset/schema and requires scoped validation.,native.down_up_ratio,not_available,dataset_specific,not_available,not_available,not_available,not_available,not_available,not_available,not_available,not_available,dataset_native_flow_feature,not_available,0.0,not_available,not_available,not_available
inventory_only,not_available,not_available,CICIDS2017,Feature is currently native to a limited dataset/schema and requires scoped validation.,native.ece_flag_count,not_available,dataset_specific,not_available,not_available,not_available,not_available,not_available,not_available,not_available,not_available,dataset_native_flow_feature,not_available,0.0,not_available,not_available,not_available
inventory_only,not_available,not_available,CICIDS2017,Feature is currently native to a limited dataset/schema and requires scoped validation.,native.fin_flag_count,not_available,dataset_specific,not_available,not_available,not_available,not_available,not_available,not_available,not_available,not_available,dataset_native_flow_feature,not_available,0.0,not_available,not_available,not_available
inventory_only,not_available,not_available,CICIDS2017,Feature is currently native to a limited dataset/schema and requires scoped validation.,native.flow_bytes_s,not_available,dataset_specific,not_available,not_available,not_available,not_available,not_available,not_available,not_available,not_available,dataset_native_flow_feature,not_available,0.0,not_available,not_available,not_available
inventory_only,not_available,not_available,CICIDS2017,Feature is currently native to a limited dataset/schema and requires scoped validation.,native.flow_duration,not_available,dataset_specific,not_available,not_available,not_available,not_available,not_available,not_available,not_available,not_available,dataset_native_flow_feature,not_available,0.0,not_available,not_available,not_available
inventory_only,not_available,not_available,CICIDS2017,Feature is currently native to a limited dataset/schema and requires scoped validation.,native.flow_iat_max,not_available,dataset_specific,not_available,not_available,not_available,not_available,not_available,not_available,not_available,not_available,dataset_native_flow_feature,not_available,0.0,not_available,not_available,not_available
inventory_only,not_available,not_available,CICIDS2017,Feature is currently native to a limited dataset/schema and requires scoped validation.,native.flow_iat_mean,not_available,dataset_specific,not_available,not_available,not_available,not_available,not_available,not_available,not_available,not_available,dataset_native_flow_feature,not_available,0.0,not_available,not_available,not_available
inventory_only,not_available,not_available,CICIDS2017,Feature is currently native to a limited dataset/schema and requires scoped validation.,native.flow_iat_min,not_available,dataset_specific,not_available,not_available,not_available,not_available,not_available,not_available,not_available,not_available,dataset_native_flow_feature,not_available,0.0,not_available,not_available,not_available
inventory_only,not_available,not_available,CICIDS2017,Feature is currently native to a limited dataset/schema and requires scoped validation.,native.flow_iat_std,not_available,dataset_specific,not_available,not_available,not_available,not_available,not_available,not_available,not_available,not_available,dataset_native_flow_feature,not_available,0.0,not_available,not_available,not_available
inventory_only,not_available,not_available,CICIDS2017,Feature is currently native to a limited dataset/schema and requires scoped validation.,native.flow_packets_s,not_available,dataset_specific,not_available,not_available,not_available,not_available,not_available,not_available,not_available,not_available,dataset_native_flow_feature,not_available,0.0,not_available,not_available,not_available
inventory_only,not_available,not_available,CICIDS2017,Feature is currently native to a limited dataset/schema and requires scoped validation.,native.fwd_avg_bulk_rate,not_available,dataset_specific,not_available,not_available,not_available,not_available,not_available,not_available,not_available,not_available,dataset_native_flow_feature,not_available,0.0,not_available,not_available,not_available
inventory_only,not_available,not_available,CICIDS2017,Feature is currently native to a limited dataset/schema and requires scoped validation.,native.fwd_avg_bytes_bulk,not_available,dataset_specific,not_available,not_available,not_available,not_available,not_available,not_available,not_available,not_available,dataset_native_flow_feature,not_available,0.0,not_available,not_available,not_available
inventory_only,not_available,not_available,CICIDS2017,Feature is currently native to a limited dataset/schema and requires scoped validation.,native.fwd_avg_packets_bulk,not_available,dataset_specific,not_available,not_available,not_available,not_available,not_available,not_available,not_available,not_available,dataset_native_flow_feature,not_available,0.0,not_available,not_available,not_available
inventory_only,not_available,not_available,CICIDS2017,Feature is currently native to a limited dataset/schema and requires scoped validation.,native.fwd_header_length,not_available,dataset_specific,not_available,not_available,not_available,not_available,not_available,not_available,not_available,not_available,dataset_native_flow_feature,not_available,0.0,not_available,not_available,not_available
inventory_only,not_available,not_available,CICIDS2017,Feature is currently native to a limited dataset/schema and requires scoped validation.,native.fwd_iat_max,not_available,dataset_specific,not_available,not_available,not_available,not_available,not_available,not_available,not_available,not_available,dataset_native_flow_feature,not_available,0.0,not_available,not_available,not_available
inventory_only,not_available,not_available,CICIDS2017,Feature is currently native to a limited dataset/schema and requires scoped validation.,native.fwd_iat_mean,not_available,dataset_specific,not_available,not_available,not_available,not_available,not_available,not_available,not_available,not_available,dataset_native_flow_feature,not_available,0.0,not_available,not_available,not_available
inventory_only,not_available,not_available,CICIDS2017,Feature is currently native to a limited dataset/schema and requires scoped validation.,native.fwd_iat_min,not_available,dataset_specific,not_available,not_available,not_available,not_available,not_available,not_available,not_available,not_available,dataset_native_flow_feature,not_available,0.0,not_available,not_available,not_available
inventory_only,not_available,not_available,CICIDS2017,Feature is currently native to a limited dataset/schema and requires scoped validation.,native.fwd_iat_std,not_available,dataset_specific,not_available,not_available,not_available,not_available,not_available,not_available,not_available,not_available,dataset_native_flow_feature,not_available,0.0,not_available,not_available,not_available
inventory_only,not_available,not_available,CICIDS2017,Feature is currently native to a limited dataset/schema and requires scoped validation.,native.fwd_iat_total,not_available,dataset_specific,not_available,not_available,not_available,not_available,not_available,not_available,not_available,not_available,dataset_native_flow_feature,not_available,0.0,not_available,not_available,not_available
inventory_only,not_available,not_available,CICIDS2017,Feature is currently native to a limited dataset/schema and requires scoped validation.,native.fwd_packet_length_max,not_available,dataset_specific,not_available,not_available,not_available,not_available,not_available,not_available,not_available,not_available,dataset_native_flow_feature,not_available,0.0,not_available,not_available,not_available
inventory_only,not_available,not_available,CICIDS2017,Feature is currently native to a limited dataset/schema and requires scoped validation.,native.fwd_packet_length_mean,not_available,dataset_specific,not_available,not_available,not_available,not_available,not_available,not_available,not_available,not_available,dataset_native_flow_feature,not_available,0.0,not_available,not_available,not_available
inventory_only,not_available,not_available,CICIDS2017,Feature is currently native to a limited dataset/schema and requires scoped validation.,native.fwd_packet_length_min,not_available,dataset_specific,not_available,not_available,not_available,not_available,not_available,not_available,not_available,not_available,dataset_native_flow_feature,not_available,0.0,not_available,not_available,not_available
inventory_only,not_available,not_available,CICIDS2017,Feature is currently native to a limited dataset/schema and requires scoped validation.,native.fwd_packet_length_std,not_available,dataset_specific,not_available,not_available,not_available,not_available,not_available,not_available,not_available,not_available,dataset_native_flow_feature,not_available,0.0,not_available,not_available,not_available
inventory_only,not_available,not_available,CICIDS2017,Feature is currently native to a limited dataset/schema and requires scoped validation.,native.fwd_packets_s,not_available,dataset_specific,not_available,not_available,not_available,not_available,not_available,not_available,not_available,not_available,dataset_native_flow_feature,not_available,0.0,not_available,not_available,not_available
inventory_only,not_available,not_available,CICIDS2017,Feature is currently native to a limited dataset/schema and requires scoped validation.,native.fwd_psh_flags,not_available,dataset_specific,not_available,not_available,not_available,not_available,not_available,not_available,not_available,not_available,dataset_native_flow_feature,not_available,0.0,not_available,not_available,not_available
inventory_only,not_available,not_available,CICIDS2017,Feature is currently native to a limited dataset/schema and requires scoped validation.,native.fwd_urg_flags,not_available,dataset_specific,not_available,not_available,not_available,not_available,not_available,not_available,not_available,not_available,dataset_native_flow_feature,not_available,0.0,not_available,not_available,not_available
inventory_only,not_available,not_available,CICIDS2017,Feature is currently native to a limited dataset/schema and requires scoped validation.,native.idle_max,not_available,dataset_specific,not_available,not_available,not_available,not_available,not_available,not_available,not_available,not_available,dataset_native_flow_feature,not_available,0.0,not_available,not_available,not_available
inventory_only,not_available,not_available,CICIDS2017,Feature is currently native to a limited dataset/schema and requires scoped validation.,native.idle_mean,not_available,dataset_specific,not_available,not_available,not_available,not_available,not_available,not_available,not_available,not_available,dataset_native_flow_feature,not_available,0.0,not_available,not_available,not_available
inventory_only,not_available,not_available,CICIDS2017,Feature is currently native to a limited dataset/schema and requires scoped validation.,native.idle_min,not_available,dataset_specific,not_available,not_available,not_available,not_available,not_available,not_available,not_available,not_available,dataset_native_flow_feature,not_available,0.0,not_available,not_available,not_available
inventory_only,not_available,not_available,CICIDS2017,Feature is currently native to a limited dataset/schema and requires scoped validation.,native.idle_std,not_available,dataset_specific,not_available,not_available,not_available,not_available,not_available,not_available,not_available,not_available,dataset_native_flow_feature,not_available,0.0,not_available,not_available,not_available
inventory_only,not_available,not_available,CICIDS2017,Feature is currently native to a limited dataset/schema and requires scoped validation.,native.init_win_bytes_backward,not_available,dataset_specific,not_available,not_available,not_available,not_available,not_available,not_available,not_available,not_available,dataset_native_flow_feature,not_available,0.0,not_available,not_available,not_available
inventory_only,not_available,not_available,CICIDS2017,Feature is currently native to a limited dataset/schema and requires scoped validation.,native.init_win_bytes_forward,not_available,dataset_specific,not_available,not_available,not_available,not_available,not_available,not_available,not_available,not_available,dataset_native_flow_feature,not_available,0.0,not_available,not_available,not_available
inventory_only,not_available,not_available,CICIDS2017,Feature is currently native to a limited dataset/schema and requires scoped validation.,native.max_packet_length,not_available,dataset_specific,not_available,not_available,not_available,not_available,not_available,not_available,not_available,not_available,dataset_native_flow_feature,not_available,0.0,not_available,not_available,not_available
inventory_only,not_available,not_available,CICIDS2017,Feature is currently native to a limited dataset/schema and requires scoped validation.,native.min_packet_length,not_available,dataset_specific,not_available,not_available,not_available,not_available,not_available,not_available,not_available,not_available,dataset_native_flow_feature,not_available,0.0,not_available,not_available,not_available
inventory_only,not_available,not_available,CICIDS2017,Feature is currently native to a limited dataset/schema and requires scoped validation.,native.min_seg_size_forward,not_available,dataset_specific,not_available,not_available,not_available,not_available,not_available,not_available,not_available,not_available,dataset_native_flow_feature,not_available,0.0,not_available,not_available,not_available
inventory_only,not_available,not_available,CICIDS2017,Feature is currently native to a limited dataset/schema and requires scoped validation.,native.packet_length_mean,not_available,dataset_specific,not_available,not_available,not_available,not_available,not_available,not_available,not_available,not_available,dataset_native_flow_feature,not_available,0.0,not_available,not_available,not_available
inventory_only,not_available,not_available,CICIDS2017,Feature is currently native to a limited dataset/schema and requires scoped validation.,native.packet_length_std,not_available,dataset_specific,not_available,not_available,not_available,not_available,not_available,not_available,not_available,not_available,dataset_native_flow_feature,not_available,0.0,not_available,not_available,not_available
inventory_only,not_available,not_available,CICIDS2017,Feature is currently native to a limited dataset/schema and requires scoped validation.,native.packet_length_variance,not_available,dataset_specific,not_available,not_available,not_available,not_available,not_available,not_available,not_available,not_available,dataset_native_flow_feature,not_available,0.0,not_available,not_available,not_available
inventory_only,not_available,not_available,CICIDS2017,Feature is currently native to a limited dataset/schema and requires scoped validation.,native.psh_flag_count,not_available,dataset_specific,not_available,not_available,not_available,not_available,not_available,not_available,not_available,not_available,dataset_native_flow_feature,not_available,0.0,not_available,not_available,not_available
inventory_only,not_available,not_available,CICIDS2017,Feature is currently native to a limited dataset/schema and requires scoped validation.,native.rst_flag_count,not_available,dataset_specific,not_available,not_available,not_available,not_available,not_available,not_available,not_available,not_available,dataset_native_flow_feature,not_available,0.0,not_available,not_available,not_available
inventory_only,not_available,not_available,CICIDS2017,Feature is currently native to a limited dataset/schema and requires scoped validation.,native.subflow_bwd_bytes,not_available,dataset_specific,not_available,not_available,not_available,not_available,not_available,not_available,not_available,not_available,dataset_native_flow_feature,not_available,0.0,not_available,not_available,not_available
inventory_only,not_available,not_available,CICIDS2017,Feature is currently native to a limited dataset/schema and requires scoped validation.,native.subflow_bwd_packets,not_available,dataset_specific,not_available,not_available,not_available,not_available,not_available,not_available,not_available,not_available,dataset_native_flow_feature,not_available,0.0,not_available,not_available,not_available
inventory_only,not_available,not_available,CICIDS2017,Feature is currently native to a limited dataset/schema and requires scoped validation.,native.subflow_fwd_bytes,not_available,dataset_specific,not_available,not_available,not_available,not_available,not_available,not_available,not_available,not_available,dataset_native_flow_feature,not_available,0.0,not_available,not_available,not_available
inventory_only,not_available,not_available,CICIDS2017,Feature is currently native to a limited dataset/schema and requires scoped validation.,native.subflow_fwd_packets,not_available,dataset_specific,not_available,not_available,not_available,not_available,not_available,not_available,not_available,not_available,dataset_native_flow_feature,not_available,0.0,not_available,not_available,not_available
inventory_only,not_available,not_available,CICIDS2017,Feature is currently native to a limited dataset/schema and requires scoped validation.,native.syn_flag_count,not_available,dataset_specific,not_available,not_available,not_available,not_available,not_available,not_available,not_available,not_available,dataset_native_flow_feature,not_available,0.0,not_available,not_available,not_available
inventory_only,not_available,not_available,CICIDS2017,Feature is currently native to a limited dataset/schema and requires scoped validation.,native.total_backward_packets,not_available,dataset_specific,not_available,not_available,not_available,not_available,not_available,not_available,not_available,not_available,dataset_native_flow_feature,not_available,0.0,not_available,not_available,not_available
inventory_only,not_available,not_available,CICIDS2017,Feature is currently native to a limited dataset/schema and requires scoped validation.,native.total_fwd_packets,not_available,dataset_specific,not_available,not_available,not_available,not_available,not_available,not_available,not_available,not_available,dataset_native_flow_feature,not_available,0.0,not_available,not_available,not_available
inventory_only,not_available,not_available,CICIDS2017,Feature is currently native to a limited dataset/schema and requires scoped validation.,native.total_length_of_bwd_packets,not_available,dataset_specific,not_available,not_available,not_available,not_available,not_available,not_available,not_available,not_available,dataset_native_flow_feature,not_available,0.0,not_available,not_available,not_available
inventory_only,not_available,not_available,CICIDS2017,Feature is currently native to a limited dataset/schema and requires scoped validation.,native.total_length_of_fwd_packets,not_available,dataset_specific,not_available,not_available,not_available,not_available,not_available,not_available,not_available,not_available,dataset_native_flow_feature,not_available,0.0,not_available,not_available,not_available
inventory_only,not_available,not_available,CICIDS2017,Feature is currently native to a limited dataset/schema and requires scoped validation.,native.urg_flag_count,not_available,dataset_specific,not_available,not_available,not_available,not_available,not_available,not_available,not_available,not_available,dataset_native_flow_feature,not_available,0.0,not_available,not_available,not_available
inventory_only,not_available,not_available,CICIDS2017,"Field contract blocks identity, endpoint, provenance, or shortcut-prone context.",provenance.capture_id,not_available,blocked,not_available,not_available,not_available,not_available,not_available,not_available,True,not_available,blocked,not_available,0.0,not_available,not_available,not_available
inventory_only,not_available,not_available,CICIDS2017,"Field contract blocks identity, endpoint, provenance, or shortcut-prone context.",provenance.capture_path,not_available,blocked,not_available,not_available,not_available,not_available,not_available,not_available,True,not_available,blocked,not_available,0.0,not_available,not_available,not_available
inventory_only,not_available,not_available,CICIDS2017,"Field contract blocks identity, endpoint, provenance, or shortcut-prone context.",provenance.dataset,not_available,blocked,not_available,not_available,not_available,not_available,not_available,not_available,True,not_available,blocked,not_available,0.0,not_available,not_available,not_available
inventory_only,not_available,not_available,CICIDS2017,"Field contract blocks identity, endpoint, provenance, or shortcut-prone context.",provenance.source_file,not_available,blocked,not_available,not_available,not_available,not_available,not_available,not_available,True,not_available,blocked,not_available,0.0,not_available,not_available,not_available
inventory_only,not_available,not_available,CICIDS2017,"Field contract blocks identity, endpoint, provenance, or shortcut-prone context.",sample_id,not_available,blocked,not_available,not_available,not_available,not_available,not_available,not_available,True,not_available,blocked,not_available,0.0,not_available,not_available,not_available
computed,0.22895327457243866,not_available,CICIDS2017,Source/group association or leave-one-group-out instability exceeds the pre-registered shortcut-risk boundary.,sequence.direction_change_rate,not_available,shortcut_suspect,0.3383813306852036,0.5975754867246832,0.5138777686546584,0.22957471579235722,0.28435217553790126,0.0,not_available,0.04892720267841218,temporal_sequence,0.08394158049622807,0.6616186693147964,0.5547527735926585,0.48220758164212985,0.31942090641294385
computed,0.42126485179933537,not_available,CICIDS2017,Source/group association or leave-one-group-out instability exceeds the pre-registered shortcut-risk boundary.,sequence.iat_max,not_available,shortcut_suspect,0.3383813306852036,0.6120768720688587,0.5400567881182798,0.2753332876774871,0.4025720372923358,0.0,not_available,0.002380721088274207,temporal_sequence,0.01656892440242066,0.7164557965449594,0.5748898552709675,0.7164557965449594,0.2912859765818151
computed,0.3243318802949219,not_available,CICIDS2017,Source/group association or leave-one-group-out instability exceeds the pre-registered shortcut-risk boundary.,sequence.iat_mean,not_available,shortcut_suspect,0.3383813306852036,0.627393435880108,0.5544932715252203,0.2932303794000822,0.29470896485760956,0.0,not_available,0.0047763252027542835,temporal_sequence,0.031629670417150035,0.6616186693147964,0.58422362233484,0.5649941266555891,0.3171615841512858
computed,0.37312780043151456,not_available,CICIDS2017,Source/group association or leave-one-group-out instability exceeds the pre-registered shortcut-risk boundary.,sequence.iat_std,not_available,shortcut_suspect,0.3383813306852036,0.6196712225469424,0.540955657986605,0.29067935899191893,0.4229438109949195,0.0,not_available,0.002380721088274207,temporal_sequence,0.01904509066262169,0.6645053659490376,0.5802458567319545,0.6645053659490376,0.2924099314742807
computed,0.5415326171255704,not_available,CICIDS2017,Source/group association or leave-one-group-out instability exceeds the pre-registered shortcut-risk boundary.,sequence.length_max,not_available,shortcut_suspect,0.3383813306852036,0.5483277190178828,0.5007071141652851,0.3277861480162535,0.5261461809366037,0.0,not_available,0.0016014567697690163,temporal_sequence,0.06195981545331064,0.7383840933255186,0.5024568552253116,0.7383840933255186,0.620687223301018
computed,0.4571533441515109,not_available,CICIDS2017,Source/group association or leave-one-group-out instability exceeds the pre-registered shortcut-risk boundary.,sequence.length_mean,not_available,shortcut_suspect,0.3383813306852036,0.6236571246382778,0.5423951888756356,0.3200531890608592,0.4021999494043884,0.0,not_available,-0.0007808428234256315,temporal_sequence,0.05464832405265422,0.6616186693147964,0.5827626352554445,0.6515886981334571,0.27556551752978936
computed,0.030103495296613526,not_available,CICIDS2017,Source/group association or leave-one-group-out instability exceeds the pre-registered shortcut-risk boundary.,sequence.length_min,not_available,shortcut_suspect,0.3383813306852036,0.6025079821347786,0.536500698998875,0.28859060402684567,0.14978759767674155,0.0,not_available,0.07115442926935248,temporal_sequence,0.062020725760242035,0.6616186693147964,0.5668972286901338,0.17212059042454708,0.46652784336219055
computed,0.45494617735717313,not_available,CICIDS2017,Source/group association or leave-one-group-out instability exceeds the pre-registered shortcut-risk boundary.,sequence.length_std,not_available,shortcut_suspect,0.3383813306852036,0.5583147614353149,0.5017823317708349,0.30992900515911065,0.4150839606217316,0.0,not_available,0.002400516880079051,temporal_sequence,0.06822471258985668,0.6616186693147964,0.524131968223531,0.5980971181523211,0.5500188069611636
computed,0.4021076075794445,not_available,CICIDS2017,Source/group association or leave-one-group-out instability exceeds the pre-registered shortcut-risk boundary.,sequence.length_sum,not_available,shortcut_suspect,0.3383813306852036,0.6123986409590486,0.5330670544237349,0.2667100397205862,0.3951039591160779,0.0,not_available,0.0063923395326984656,temporal_sequence,0.03430914578745606,0.6819511717652718,0.573243391316258,0.6819511717652718,0.25191218082649064
computed,0.2737586325942986,not_available,CICIDS2017,Source/group association or leave-one-group-out instability exceeds the pre-registered shortcut-risk boundary.,sequence.packet_count,not_available,shortcut_suspect,0.3383813306852036,0.6256412826276149,0.5492146656851047,0.2948511619412866,0.24081461289781525,0.0,not_available,0.009584412943138276,temporal_sequence,0.056103708287548314,0.6616186693147964,0.5855961512121628,0.44799614541401844,0.26192253446038777
computed,0.2737586325942986,not_available,CICIDS2017,Source/group association or leave-one-group-out instability exceeds the pre-registered shortcut-risk boundary.,sequence.sequence_length,not_available,shortcut_suspect,0.3383813306852036,0.619232811913991,0.5468400460398645,0.2948511619412866,0.22847768811213998,0.0,not_available,0.011200782929135001,temporal_sequence,0.05450660477844271,0.6616186693147964,0.5855961512121628,0.4498587342388869,0.26192253446038777
computed,0.0,not_available,CICIDS2017,Source/group association or leave-one-group-out instability exceeds the pre-registered shortcut-risk boundary.,sequence.short_flow_flag,not_available,shortcut_suspect,0.3383813306852036,0.5589301647779306,0.5277945076996863,0.08226042094690225,0.024467723620397397,0.0,not_available,-0.0023828510511766155,temporal_sequence,0.01659077017711923,0.6616186693147964,0.5411302104734512,0.0762290539562005,0.4059231923611753
computed,0.2896222306415363,not_available,CICIDS2017,Source/group association or leave-one-group-out instability exceeds the pre-registered shortcut-risk boundary.,sequence.signed_length_mean,not_available,shortcut_suspect,0.3383813306852036,0.5758238359689215,0.5052100183360705,0.15517280737798475,0.283467011891132,0.0,not_available,0.004782867536906532,temporal_sequence,0.027000015607821212,0.6616186693147964,0.5374064055152261,0.6061659733868141,0.33541174105974025
computed,0.5701306057928722,not_available,CICIDS2017,Source/group association or leave-one-group-out instability exceeds the pre-registered shortcut-risk boundary.,sequence.signed_length_std,not_available,shortcut_suspect,0.3383813306852036,0.5535574096700125,0.5006622520572076,0.30769186869378623,0.4580308097862793,0.0,not_available,0.0008167872448243907,temporal_sequence,0.06281708175094157,0.6662631155262189,0.5151777153814545,0.6662631155262189,0.544635074984877
inventory_only,not_available,not_available,CICIDS2017,"Field contract blocks identity, endpoint, provenance, or shortcut-prone context.",trace_id,not_available,blocked,not_available,not_available,not_available,not_available,not_available,not_available,True,not_available,blocked,not_available,0.0,not_available,not_available,not_available
inventory_only,not_available,not_available,DoHBrw-2020,Field is permitted only for offline capture/flow alignment audit.,alignment.absolute_timestamp,not_available,alignment_only,not_available,not_available,not_available,not_available,not_available,not_available,True,not_available,alignment_only,not_available,0.0,not_available,not_available,not_available
inventory_only,not_available,not_available,DoHBrw-2020,Field is permitted only for offline capture/flow alignment audit.,alignment.capture_id,not_available,alignment_only,not_available,not_available,not_available,not_available,not_available,not_available,True,not_available,alignment_only,not_available,0.0,not_available,not_available,not_available
inventory_only,not_available,not_available,DoHBrw-2020,Field is permitted only for offline capture/flow alignment audit.,alignment.capture_path,not_available,alignment_only,not_available,not_available,not_available,not_available,not_available,not_available,True,not_available,alignment_only,not_available,0.0,not_available,not_available,not_available
inventory_only,not_available,not_available,DoHBrw-2020,Field is permitted only for offline capture/flow alignment audit.,alignment.ip,not_available,alignment_only,not_available,not_available,not_available,not_available,not_available,not_available,True,not_available,alignment_only,not_available,0.0,not_available,not_available,not_available
inventory_only,not_available,not_available,DoHBrw-2020,Field is permitted only for offline capture/flow alignment audit.,alignment.port,not_available,alignment_only,not_available,not_available,not_available,not_available,not_available,not_available,True,not_available,alignment_only,not_available,0.0,not_available,not_available,not_available
inventory_only,not_available,not_available,DoHBrw-2020,Field is permitted only for offline capture/flow alignment audit.,alignment.source_row,not_available,alignment_only,not_available,not_available,not_available,not_available,not_available,not_available,True,not_available,alignment_only,not_available,0.0,not_available,not_available,not_available
inventory_only,not_available,not_available,DoHBrw-2020,Field is permitted only for offline capture/flow alignment audit.,alignment.tcp_stream,not_available,alignment_only,not_available,not_available,not_available,not_available,not_available,not_available,True,not_available,alignment_only,not_available,0.0,not_available,not_available,not_available
inventory_only,not_available,not_available,DoHBrw-2020,"Field contract blocks identity, endpoint, provenance, or shortcut-prone context.",context.dst_ip,not_available,blocked,not_available,not_available,not_available,not_available,not_available,not_available,True,not_available,blocked,not_available,0.0,not_available,not_available,not_available
inventory_only,not_available,not_available,DoHBrw-2020,"Field contract blocks identity, endpoint, provenance, or shortcut-prone context.",context.dst_port,not_available,blocked,not_available,not_available,not_available,not_available,not_available,not_available,True,not_available,blocked,not_available,0.0,not_available,not_available,not_available
inventory_only,not_available,not_available,DoHBrw-2020,"Field contract blocks identity, endpoint, provenance, or shortcut-prone context.",context.flow_id,not_available,blocked,not_available,not_available,not_available,not_available,not_available,not_available,True,not_available,blocked,not_available,0.0,not_available,not_available,not_available
inventory_only,not_available,not_available,DoHBrw-2020,"Field contract blocks identity, endpoint, provenance, or shortcut-prone context.",context.sni,not_available,blocked,not_available,not_available,not_available,not_available,not_available,not_available,True,not_available,blocked,not_available,0.0,not_available,not_available,not_available
inventory_only,not_available,not_available,DoHBrw-2020,"Field contract blocks identity, endpoint, provenance, or shortcut-prone context.",context.src_ip,not_available,blocked,not_available,not_available,not_available,not_available,not_available,not_available,True,not_available,blocked,not_available,0.0,not_available,not_available,not_available
inventory_only,not_available,not_available,DoHBrw-2020,"Field contract blocks identity, endpoint, provenance, or shortcut-prone context.",context.src_port,not_available,blocked,not_available,not_available,not_available,not_available,not_available,not_available,True,not_available,blocked,not_available,0.0,not_available,not_available,not_available
inventory_only,not_available,not_available,DoHBrw-2020,Ground truth or task context is evaluation-only.,labels.application,not_available,label_only,not_available,not_available,not_available,not_available,not_available,not_available,True,not_available,label_only,not_available,0.0,not_available,not_available,not_available
inventory_only,not_available,not_available,DoHBrw-2020,Ground truth or task context is evaluation-only.,labels.attack,not_available,label_only,not_available,not_available,not_available,not_available,not_available,not_available,True,not_available,label_only,not_available,0.0,not_available,not_available,not_available
inventory_only,not_available,not_available,DoHBrw-2020,Ground truth or task context is evaluation-only.,labels.binary,not_available,label_only,not_available,not_available,not_available,not_available,not_available,not_available,True,not_available,label_only,not_available,0.0,not_available,not_available,not_available
inventory_only,not_available,not_available,DoHBrw-2020,Ground truth or task context is evaluation-only.,labels.category,not_available,label_only,not_available,not_available,not_available,not_available,not_available,not_available,True,not_available,label_only,not_available,0.0,not_available,not_available,not_available
inventory_only,not_available,not_available,DoHBrw-2020,Ground truth or task context is evaluation-only.,labels.family,not_available,label_only,not_available,not_available,not_available,not_available,not_available,not_available,True,not_available,label_only,not_available,0.0,not_available,not_available,not_available
inventory_only,not_available,not_available,DoHBrw-2020,Ground truth or task context is evaluation-only.,labels.tool,not_available,label_only,not_available,not_available,not_available,not_available,not_available,not_available,True,not_available,label_only,not_available,0.0,not_available,not_available,not_available
inventory_only,not_available,not_available,DoHBrw-2020,"Field contract blocks identity, endpoint, provenance, or shortcut-prone context.",provenance.capture_id,not_available,blocked,not_available,not_available,not_available,not_available,not_available,not_available,True,not_available,blocked,not_available,0.0,not_available,not_available,not_available
inventory_only,not_available,not_available,DoHBrw-2020,"Field contract blocks identity, endpoint, provenance, or shortcut-prone context.",provenance.capture_path,not_available,blocked,not_available,not_available,not_available,not_available,not_available,not_available,True,not_available,blocked,not_available,0.0,not_available,not_available,not_available
inventory_only,not_available,not_available,DoHBrw-2020,"Field contract blocks identity, endpoint, provenance, or shortcut-prone context.",provenance.dataset,not_available,blocked,not_available,not_available,not_available,not_available,not_available,not_available,True,not_available,blocked,not_available,0.0,not_available,not_available,not_available
inventory_only,not_available,not_available,DoHBrw-2020,"Field contract blocks identity, endpoint, provenance, or shortcut-prone context.",provenance.source_file,not_available,blocked,not_available,not_available,not_available,not_available,not_available,not_available,True,not_available,blocked,not_available,0.0,not_available,not_available,not_available
inventory_only,not_available,not_available,DoHBrw-2020,"Field contract blocks identity, endpoint, provenance, or shortcut-prone context.",sample_id,not_available,blocked,not_available,not_available,not_available,not_available,not_available,not_available,True,not_available,blocked,not_available,0.0,not_available,not_available,not_available
inventory_only,not_available,not_available,DoHBrw-2020,Evidence is safe only when the corresponding sequence/TLS capability is present.,tls.alpn,not_available,safe_conditional,not_available,not_available,not_available,not_available,not_available,not_available,not_available,not_available,tls_protocol,not_available,0.0,not_available,not_available,not_available
inventory_only,not_available,not_available,DoHBrw-2020,Evidence is safe only when the corresponding sequence/TLS capability is present.,tls.client_cipher_count,not_available,safe_conditional,not_available,not_available,not_available,not_available,not_available,not_available,not_available,not_available,tls_protocol,not_available,0.0,not_available,not_available,not_available
inventory_only,not_available,not_available,DoHBrw-2020,Evidence is safe only when the corresponding sequence/TLS capability is present.,tls.client_extension_count,not_available,safe_conditional,not_available,not_available,not_available,not_available,not_available,not_available,not_available,not_available,tls_protocol,not_available,0.0,not_available,not_available,not_available
inventory_only,not_available,not_available,DoHBrw-2020,Evidence is safe only when the corresponding sequence/TLS capability is present.,tls.record_lengths,not_available,safe_conditional,not_available,not_available,not_available,not_available,not_available,not_available,not_available,not_available,tls_protocol,not_available,0.0,not_available,not_available,not_available
inventory_only,not_available,not_available,DoHBrw-2020,Evidence is safe only when the corresponding sequence/TLS capability is present.,tls.record_mask,not_available,safe_conditional,not_available,not_available,not_available,not_available,not_available,not_available,not_available,not_available,tls_protocol,not_available,0.0,not_available,not_available,not_available
inventory_only,not_available,not_available,DoHBrw-2020,Evidence is safe only when the corresponding sequence/TLS capability is present.,tls.server_extension_count,not_available,safe_conditional,not_available,not_available,not_available,not_available,not_available,not_available,not_available,not_available,tls_protocol,not_available,0.0,not_available,not_available,not_available
inventory_only,not_available,not_available,DoHBrw-2020,Evidence is safe only when the corresponding sequence/TLS capability is present.,tls.server_version,not_available,safe_conditional,not_available,not_available,not_available,not_available,not_available,not_available,not_available,not_available,tls_protocol,not_available,0.0,not_available,not_available,not_available
inventory_only,not_available,not_available,DoHBrw-2020,"Field contract blocks identity, endpoint, provenance, or shortcut-prone context.",trace_id,not_available,blocked,not_available,not_available,not_available,not_available,not_available,not_available,True,not_available,blocked,not_available,0.0,not_available,not_available,not_available
inventory_only,not_available,not_available,HIKARI-2021,"Field contract blocks identity, endpoint, provenance, or shortcut-prone context.",context.dst_ip,not_available,blocked,not_available,not_available,not_available,not_available,not_available,not_available,True,not_available,blocked,not_available,0.0,not_available,not_available,not_available
inventory_only,not_available,not_available,HIKARI-2021,"Field contract blocks identity, endpoint, provenance, or shortcut-prone context.",context.dst_port,not_available,blocked,not_available,not_available,not_available,not_available,not_available,not_available,True,not_available,blocked,not_available,0.0,not_available,not_available,not_available
inventory_only,not_available,not_available,HIKARI-2021,"Field contract blocks identity, endpoint, provenance, or shortcut-prone context.",context.flow_id,not_available,blocked,not_available,not_available,not_available,not_available,not_available,not_available,True,not_available,blocked,not_available,0.0,not_available,not_available,not_available
inventory_only,not_available,not_available,HIKARI-2021,"Field contract blocks identity, endpoint, provenance, or shortcut-prone context.",context.sni,not_available,blocked,not_available,not_available,not_available,not_available,not_available,not_available,True,not_available,blocked,not_available,0.0,not_available,not_available,not_available
inventory_only,not_available,not_available,HIKARI-2021,"Field contract blocks identity, endpoint, provenance, or shortcut-prone context.",context.src_ip,not_available,blocked,not_available,not_available,not_available,not_available,not_available,not_available,True,not_available,blocked,not_available,0.0,not_available,not_available,not_available
inventory_only,not_available,not_available,HIKARI-2021,"Field contract blocks identity, endpoint, provenance, or shortcut-prone context.",context.src_port,not_available,blocked,not_available,not_available,not_available,not_available,not_available,not_available,True,not_available,blocked,not_available,0.0,not_available,not_available,not_available
inventory_only,not_available,not_available,HIKARI-2021,Ground truth or task context is evaluation-only.,labels.application,not_available,label_only,not_available,not_available,not_available,not_available,not_available,not_available,True,not_available,label_only,not_available,0.0,not_available,not_available,not_available
inventory_only,not_available,not_available,HIKARI-2021,Ground truth or task context is evaluation-only.,labels.attack,not_available,label_only,not_available,not_available,not_available,not_available,not_available,not_available,True,not_available,label_only,not_available,0.0,not_available,not_available,not_available
inventory_only,not_available,not_available,HIKARI-2021,Ground truth or task context is evaluation-only.,labels.binary,not_available,label_only,not_available,not_available,not_available,not_available,not_available,not_available,True,not_available,label_only,not_available,0.0,not_available,not_available,not_available
inventory_only,not_available,not_available,HIKARI-2021,Ground truth or task context is evaluation-only.,labels.category,not_available,label_only,not_available,not_available,not_available,not_available,not_available,not_available,True,not_available,label_only,not_available,0.0,not_available,not_available,not_available
inventory_only,not_available,not_available,HIKARI-2021,Ground truth or task context is evaluation-only.,labels.family,not_available,label_only,not_available,not_available,not_available,not_available,not_available,not_available,True,not_available,label_only,not_available,0.0,not_available,not_available,not_available
inventory_only,not_available,not_available,HIKARI-2021,Ground truth or task context is evaluation-only.,labels.tool,not_available,label_only,not_available,not_available,not_available,not_available,not_available,not_available,True,not_available,label_only,not_available,0.0,not_available,not_available,not_available
inventory_only,not_available,not_available,HIKARI-2021,"Field contract blocks identity, endpoint, provenance, or shortcut-prone context.",provenance.capture_id,not_available,blocked,not_available,not_available,not_available,not_available,not_available,not_available,True,not_available,blocked,not_available,0.0,not_available,not_available,not_available
inventory_only,not_available,not_available,HIKARI-2021,"Field contract blocks identity, endpoint, provenance, or shortcut-prone context.",provenance.capture_path,not_available,blocked,not_available,not_available,not_available,not_available,not_available,not_available,True,not_available,blocked,not_available,0.0,not_available,not_available,not_available
inventory_only,not_available,not_available,HIKARI-2021,"Field contract blocks identity, endpoint, provenance, or shortcut-prone context.",provenance.dataset,not_available,blocked,not_available,not_available,not_available,not_available,not_available,not_available,True,not_available,blocked,not_available,0.0,not_available,not_available,not_available
inventory_only,not_available,not_available,HIKARI-2021,"Field contract blocks identity, endpoint, provenance, or shortcut-prone context.",provenance.source_file,not_available,blocked,not_available,not_available,not_available,not_available,not_available,not_available,True,not_available,blocked,not_available,0.0,not_available,not_available,not_available
inventory_only,not_available,not_available,HIKARI-2021,"Field contract blocks identity, endpoint, provenance, or shortcut-prone context.",sample_id,not_available,blocked,not_available,not_available,not_available,not_available,not_available,not_available,True,not_available,blocked,not_available,0.0,not_available,not_available,not_available
computed,not_available,not_available,HIKARI-2021,Canonical aggregate is present across at least four audited datasets.,stats.duration,not_available,safe_common,not_available,not_available,not_available,not_available,not_available,not_available,not_available,not_available,flow_statistics,not_available,0.0,not_available,not_available,not_available
computed,not_available,not_available,HIKARI-2021,Canonical aggregate is present across at least four audited datasets.,stats.inbound_bytes,not_available,safe_common,not_available,not_available,not_available,not_available,not_available,not_available,not_available,not_available,flow_statistics,not_available,0.0,not_available,not_available,not_available
computed,not_available,not_available,HIKARI-2021,Canonical aggregate is present across at least four audited datasets.,stats.mean_packet_length,not_available,safe_common,not_available,not_available,not_available,not_available,not_available,not_available,not_available,not_available,flow_statistics,not_available,0.0,not_available,not_available,not_available
computed,not_available,not_available,HIKARI-2021,Canonical aggregate is present across at least four audited datasets.,stats.outbound_bytes,not_available,safe_common,not_available,not_available,not_available,not_available,not_available,not_available,not_available,not_available,flow_statistics,not_available,0.0,not_available,not_available,not_available
computed,not_available,not_available,HIKARI-2021,Canonical aggregate is present across at least four audited datasets.,stats.outbound_ratio,not_available,safe_common,not_available,not_available,not_available,not_available,not_available,not_available,not_available,not_available,flow_statistics,not_available,0.0,not_available,not_available,not_available
computed,not_available,not_available,HIKARI-2021,Canonical aggregate is present across at least four audited datasets.,stats.packet_count,not_available,safe_common,not_available,not_available,not_available,not_available,not_available,not_available,not_available,not_available,flow_statistics,not_available,0.0,not_available,not_available,not_available
computed,not_available,not_available,HIKARI-2021,Feature is currently native to a limited dataset/schema and requires scoped validation.,stats.packet_length_variance,not_available,dataset_specific,not_available,not_available,not_available,not_available,not_available,not_available,not_available,not_available,flow_statistics,not_available,0.0,not_available,not_available,not_available
computed,not_available,not_available,HIKARI-2021,Canonical aggregate is present across at least four audited datasets.,stats.total_bytes,not_available,safe_common,not_available,not_available,not_available,not_available,not_available,not_available,not_available,not_available,flow_statistics,not_available,0.0,not_available,not_available,not_available
inventory_only,not_available,not_available,HIKARI-2021,"Field contract blocks identity, endpoint, provenance, or shortcut-prone context.",trace_id,not_available,blocked,not_available,not_available,not_available,not_available,not_available,not_available,True,not_available,blocked,not_available,0.0,not_available,not_available,not_available
inventory_only,not_available,not_available,Annotated-TLS-2026,"Field contract blocks identity, endpoint, provenance, or shortcut-prone context.",context.dst_ip,not_available,blocked,not_available,not_available,not_available,not_available,not_available,not_available,True,not_available,blocked,not_available,0.0,not_available,not_available,not_available
inventory_only,not_available,not_available,Annotated-TLS-2026,"Field contract blocks identity, endpoint, provenance, or shortcut-prone context.",context.dst_port,not_available,blocked,not_available,not_available,not_available,not_available,not_available,not_available,True,not_available,blocked,not_available,0.0,not_available,not_available,not_available
inventory_only,not_available,not_available,Annotated-TLS-2026,"Field contract blocks identity, endpoint, provenance, or shortcut-prone context.",context.flow_id,not_available,blocked,not_available,not_available,not_available,not_available,not_available,not_available,True,not_available,blocked,not_available,0.0,not_available,not_available,not_available
inventory_only,not_available,not_available,Annotated-TLS-2026,"Field contract blocks identity, endpoint, provenance, or shortcut-prone context.",context.sni,not_available,blocked,not_available,not_available,not_available,not_available,not_available,not_available,True,not_available,blocked,not_available,0.0,not_available,not_available,not_available
inventory_only,not_available,not_available,Annotated-TLS-2026,"Field contract blocks identity, endpoint, provenance, or shortcut-prone context.",context.src_ip,not_available,blocked,not_available,not_available,not_available,not_available,not_available,not_available,True,not_available,blocked,not_available,0.0,not_available,not_available,not_available
inventory_only,not_available,not_available,Annotated-TLS-2026,"Field contract blocks identity, endpoint, provenance, or shortcut-prone context.",context.src_port,not_available,blocked,not_available,not_available,not_available,not_available,not_available,not_available,True,not_available,blocked,not_available,0.0,not_available,not_available,not_available
inventory_only,not_available,not_available,Annotated-TLS-2026,Ground truth or task context is evaluation-only.,labels.application,not_available,label_only,not_available,not_available,not_available,not_available,not_available,not_available,True,not_available,label_only,not_available,0.0,not_available,not_available,not_available
inventory_only,not_available,not_available,Annotated-TLS-2026,Ground truth or task context is evaluation-only.,labels.attack,not_available,label_only,not_available,not_available,not_available,not_available,not_available,not_available,True,not_available,label_only,not_available,0.0,not_available,not_available,not_available
inventory_only,not_available,not_available,Annotated-TLS-2026,Ground truth or task context is evaluation-only.,labels.binary,not_available,label_only,not_available,not_available,not_available,not_available,not_available,not_available,True,not_available,label_only,not_available,0.0,not_available,not_available,not_available
inventory_only,not_available,not_available,Annotated-TLS-2026,Ground truth or task context is evaluation-only.,labels.category,not_available,label_only,not_available,not_available,not_available,not_available,not_available,not_available,True,not_available,label_only,not_available,0.0,not_available,not_available,not_available
inventory_only,not_available,not_available,Annotated-TLS-2026,Ground truth or task context is evaluation-only.,labels.family,not_available,label_only,not_available,not_available,not_available,not_available,not_available,not_available,True,not_available,label_only,not_available,0.0,not_available,not_available,not_available
inventory_only,not_available,not_available,Annotated-TLS-2026,Ground truth or task context is evaluation-only.,labels.tool,not_available,label_only,not_available,not_available,not_available,not_available,not_available,not_available,True,not_available,label_only,not_available,0.0,not_available,not_available,not_available
inventory_only,not_available,not_available,Annotated-TLS-2026,"Field contract blocks identity, endpoint, provenance, or shortcut-prone context.",provenance.capture_id,not_available,blocked,not_available,not_available,not_available,not_available,not_available,not_available,True,not_available,blocked,not_available,0.0,not_available,not_available,not_available
inventory_only,not_available,not_available,Annotated-TLS-2026,"Field contract blocks identity, endpoint, provenance, or shortcut-prone context.",provenance.capture_path,not_available,blocked,not_available,not_available,not_available,not_available,not_available,not_available,True,not_available,blocked,not_available,0.0,not_available,not_available,not_available
inventory_only,not_available,not_available,Annotated-TLS-2026,"Field contract blocks identity, endpoint, provenance, or shortcut-prone context.",provenance.dataset,not_available,blocked,not_available,not_available,not_available,not_available,not_available,not_available,True,not_available,blocked,not_available,0.0,not_available,not_available,not_available
inventory_only,not_available,not_available,Annotated-TLS-2026,"Field contract blocks identity, endpoint, provenance, or shortcut-prone context.",provenance.source_file,not_available,blocked,not_available,not_available,not_available,not_available,not_available,not_available,True,not_available,blocked,not_available,0.0,not_available,not_available,not_available
inventory_only,not_available,not_available,Annotated-TLS-2026,"Field contract blocks identity, endpoint, provenance, or shortcut-prone context.",sample_id,not_available,blocked,not_available,not_available,not_available,not_available,not_available,not_available,True,not_available,blocked,not_available,0.0,not_available,not_available,not_available
computed,not_available,not_available,Annotated-TLS-2026,Canonical aggregate is present across at least four audited datasets.,stats.duration,not_available,safe_common,not_available,not_available,not_available,not_available,not_available,not_available,not_available,not_available,flow_statistics,not_available,0.0,not_available,not_available,not_available
computed,not_available,not_available,Annotated-TLS-2026,Canonical aggregate is present across at least four audited datasets.,stats.inbound_bytes,not_available,safe_common,not_available,not_available,not_available,not_available,not_available,not_available,not_available,not_available,flow_statistics,not_available,0.0,not_available,not_available,not_available
computed,not_available,not_available,Annotated-TLS-2026,Canonical aggregate is present across at least four audited datasets.,stats.mean_packet_length,not_available,safe_common,not_available,not_available,not_available,not_available,not_available,not_available,not_available,not_available,flow_statistics,not_available,0.0,not_available,not_available,not_available
computed,not_available,not_available,Annotated-TLS-2026,Canonical aggregate is present across at least four audited datasets.,stats.outbound_bytes,not_available,safe_common,not_available,not_available,not_available,not_available,not_available,not_available,not_available,not_available,flow_statistics,not_available,0.0,not_available,not_available,not_available
computed,not_available,not_available,Annotated-TLS-2026,Canonical aggregate is present across at least four audited datasets.,stats.outbound_ratio,not_available,safe_common,not_available,not_available,not_available,not_available,not_available,not_available,not_available,not_available,flow_statistics,not_available,0.0,not_available,not_available,not_available
computed,not_available,not_available,Annotated-TLS-2026,Canonical aggregate is present across at least four audited datasets.,stats.packet_count,not_available,safe_common,not_available,not_available,not_available,not_available,not_available,not_available,not_available,not_available,flow_statistics,not_available,0.0,not_available,not_available,not_available
computed,not_available,not_available,Annotated-TLS-2026,Canonical aggregate is present across at least four audited datasets.,stats.total_bytes,not_available,safe_common,not_available,not_available,not_available,not_available,not_available,not_available,not_available,not_available,flow_statistics,not_available,0.0,not_available,not_available,not_available
inventory_only,not_available,not_available,Annotated-TLS-2026,Evidence is safe only when the corresponding sequence/TLS capability is present.,tls.alpn,not_available,safe_conditional,not_available,not_available,not_available,not_available,not_available,not_available,not_available,not_available,tls_protocol,not_available,0.0,not_available,not_available,not_available
inventory_only,not_available,not_available,Annotated-TLS-2026,Evidence is safe only when the corresponding sequence/TLS capability is present.,tls.client_cipher_count,not_available,safe_conditional,not_available,not_available,not_available,not_available,not_available,not_available,not_available,not_available,tls_protocol,not_available,0.0,not_available,not_available,not_available
inventory_only,not_available,not_available,Annotated-TLS-2026,Evidence is safe only when the corresponding sequence/TLS capability is present.,tls.client_extension_count,not_available,safe_conditional,not_available,not_available,not_available,not_available,not_available,not_available,not_available,not_available,tls_protocol,not_available,0.0,not_available,not_available,not_available
inventory_only,not_available,not_available,Annotated-TLS-2026,Evidence is safe only when the corresponding sequence/TLS capability is present.,tls.client_version,not_available,safe_conditional,not_available,not_available,not_available,not_available,not_available,not_available,not_available,not_available,tls_protocol,not_available,0.0,not_available,not_available,not_available
inventory_only,not_available,not_available,Annotated-TLS-2026,Evidence is safe only when the corresponding sequence/TLS capability is present.,tls.record_lengths,not_available,safe_conditional,not_available,not_available,not_available,not_available,not_available,not_available,not_available,not_available,tls_protocol,not_available,0.0,not_available,not_available,not_available
inventory_only,not_available,not_available,Annotated-TLS-2026,Evidence is safe only when the corresponding sequence/TLS capability is present.,tls.selected_cipher,not_available,safe_conditional,not_available,not_available,not_available,not_available,not_available,not_available,not_available,not_available,tls_protocol,not_available,0.0,not_available,not_available,not_available
inventory_only,not_available,not_available,Annotated-TLS-2026,Evidence is safe only when the corresponding sequence/TLS capability is present.,tls.server_extension_count,not_available,safe_conditional,not_available,not_available,not_available,not_available,not_available,not_available,not_available,not_available,tls_protocol,not_available,0.0,not_available,not_available,not_available
inventory_only,not_available,not_available,Annotated-TLS-2026,Evidence is safe only when the corresponding sequence/TLS capability is present.,tls.server_version,not_available,safe_conditional,not_available,not_available,not_available,not_available,not_available,not_available,not_available,not_available,tls_protocol,not_available,0.0,not_available,not_available,not_available
inventory_only,not_available,not_available,Annotated-TLS-2026,"Field contract blocks identity, endpoint, provenance, or shortcut-prone context.",trace_id,not_available,blocked,not_available,not_available,not_available,not_available,not_available,not_available,True,not_available,blocked,not_available,0.0,not_available,not_available,not_available
