schema_version,strategy,application,sample_count,benign_rate,malicious_rate,suspicious_rate,unknown_rate,alert_rate,average_risk_score,average_agent_calls
1.0,off,3dsecure,173,0.06936416184971098,0.05202312138728324,0.8786127167630058,0.0,0.930635838150289,0.9282330223622086,2.9248554913294798
1.0,off,accuweather,2303,0.0,0.37646547980894485,0.6235345201910552,0.0,1.0,0.9816196895458822,2.996526270082501
1.0,off,adobe-ads,1325,0.0,0.15622641509433963,0.7984905660377358,0.045283018867924525,0.9547169811320755,0.9758535188093913,2.9471698113207547
1.0,off,adobe-analytics,356,0.0,0.6151685393258427,0.3848314606741573,0.0,1.0,0.9994707102213433,3.0
1.0,off,adobe-authentication,1029,0.0,0.5587949465500486,0.4412050534499514,0.0,1.0,0.9995022545912601,3.0
1.0,off,adobe-cloud,831,0.0,0.15403128760529483,0.8459687123947052,0.0,1.0,0.9983960053392351,2.996389891696751
1.0,off,adobe-notifications,823,0.0,0.07897934386391252,0.9210206561360875,0.0,1.0,0.999893796419918,3.0
1.0,off,adobe-search,16,0.0,0.0625,0.9375,0.0,1.0,0.9999480004500162,3.0
1.0,off,adobe-updater,579,0.0,0.0535405872193437,0.927461139896373,0.018998272884283247,0.9810017271157168,0.9905122280123502,2.9810017271157165
1.0,off,airbank-ib,384,0.010416666666666666,0.22395833333333334,0.7421875,0.0234375,0.9661458333333334,0.975238326995819,2.9505208333333335
1.0,off,alza-bnr,889,0.0,0.24746906636670415,0.6827896512935883,0.06974128233970754,0.9302587176602924,0.9611905670087016,2.9178852643419573
1.0,off,alza-cdn,631,0.0,0.07290015847860538,0.8890649762282092,0.03803486529318542,0.9619651347068146,0.968108240588821,2.936608557844691
1.0,off,alza-logapi,388,0.01288659793814433,0.211340206185567,0.6623711340206185,0.1134020618556701,0.8737113402061856,0.9089210247896052,2.847938144329897
1.0,off,alza-signalr,565,0.0017699115044247787,0.21238938053097345,0.6619469026548672,0.12389380530973451,0.8743362831858407,0.8862301835062679,2.7380530973451327
1.0,off,alza-webapi,483,0.002070393374741201,0.2443064182194617,0.7142857142857143,0.039337474120082816,0.9585921325051759,0.9767853921154059,2.9420289855072466
1.0,off,amazon-advertising,2228,0.0,0.3653500897666068,0.6306104129263914,0.004039497307001795,0.9959605026929982,0.9907608852860535,2.975314183123878
1.0,off,amazon-alexa,148,0.0,0.08108108108108109,0.918918918918919,0.0,1.0,0.9941703221425523,2.9864864864864864
1.0,off,amazon-prime,469,0.0,0.06183368869936034,0.9040511727078892,0.03411513859275053,0.9658848614072495,0.9661334334719964,2.9424307036247335
1.0,off,apple-authentication,1,0.0,1.0,0.0,0.0,1.0,0.9998593172278221,3.0
1.0,off,apple-icloud,594,0.0,0.14814814814814814,0.8400673400673401,0.011784511784511785,0.9882154882154882,0.9820727732782862,2.974747474747475
1.0,off,apple-itunes,8877,0.0,0.008561450940633097,0.9896361383350231,0.00180241072434381,0.9981975892756562,0.9948697613115215,2.984341556832263
1.0,off,apple-location,2928,0.0,0.14241803278688525,0.8254781420765027,0.03210382513661202,0.967896174863388,0.9652114016571857,2.950478142076503
1.0,off,apple-ocsp,467,0.0,0.1670235546038544,0.8329764453961456,0.0,1.0,0.9763883059452368,2.982869379014989
1.0,off,apple-pancake,729,0.0,0.06858710562414266,0.8930041152263375,0.038408779149519894,0.9615912208504801,0.9558924766799248,2.880658436213992
1.0,off,apple-siri,5,0.0,0.2,0.8,0.0,1.0,0.9998477203061439,3.0
1.0,off,apple-updates,2586,0.0,0.02165506573859242,0.9752513534416086,0.0030935808197989174,0.9969064191802011,0.9967623831905477,2.9953596287703017
1.0,off,apple-weather,1660,0.0,0.05120481927710843,0.9475903614457831,0.0012048192771084338,0.9987951807228915,0.9901512443976607,2.991566265060241
1.0,off,appnexus,14551,0.023915882069960828,0.11861727716308157,0.8231736650402034,0.03429317572675417,0.941790942203285,0.9379889567406542,2.9173252697409113
1.0,off,aukro-backend,383,0.0,0.5744125326370757,0.38642297650130547,0.0391644908616188,0.9608355091383812,0.9721103204813466,2.93733681462141
1.0,off,autodesk,5425,0.0,0.8527188940092166,0.14728110599078342,0.0,1.0,0.9959526780151146,2.9931797235023043
1.0,off,avast,5624,0.001600284495021337,0.5033783783783784,0.42425320056899,0.07076813655761025,0.9276315789473685,0.9480131521825533,2.829302987197724
1.0,off,bing,5936,0.0006738544474393531,0.025774932614555258,0.9095350404312669,0.06401617250673855,0.9353099730458221,0.9387837097635773,2.8957210242587603
1.0,off,bitdefender-gravityzone,3923,0.0,0.6714249299005863,0.32806525618149374,0.0005098139179199592,0.9994901860820801,0.9975328853392301,2.99949018608208
1.0,off,bitdefender-nimbus,961,0.0,0.5452653485952134,0.39021852237252863,0.06451612903225806,0.9354838709677419,0.9533524577568745,2.9302809573361084
1.0,off,booking-com,610,0.011475409836065573,0.1737704918032787,0.7885245901639344,0.02622950819672131,0.9622950819672131,0.964659397899119,2.959016393442623
1.0,off,cesnet-filesender,331,0.0,0.07250755287009064,0.18731117824773413,0.7401812688821753,0.2598187311178248,0.38899402638921776,2.211480362537764
1.0,off,cesnet-gerrit,263,0.0,0.46387832699619774,0.532319391634981,0.0038022813688212928,0.9961977186311787,0.9952620132784392,2.9923954372623576
1.0,off,cesnet-kalendar,361,0.0,0.008310249307479225,0.9916897506925207,0.0,1.0,0.9995187607112889,3.0
1.0,off,cesnet-login,153,0.013071895424836602,0.0392156862745098,0.7973856209150327,0.1503267973856209,0.8366013071895425,0.9140675592256565,2.8366013071895426
1.0,off,cesnet-nerd,371,0.0,0.02425876010781671,0.9757412398921833,0.0,1.0,0.999513657781232,3.0
1.0,off,cesnet-perun,53,0.0,0.0,1.0,0.0,1.0,0.9963136632278448,2.981132075471698
1.0,off,chmi,2622,0.0015255530129672007,0.2299771167048055,0.6426392067124332,0.12585812356979406,0.8726163234172387,0.90278604526323,2.719679633867277
1.0,off,chrome-remotedesktop,563,0.0,0.11545293072824156,0.8454706927175843,0.03907637655417407,0.9609236234458259,0.9418154963656643,2.609236234458259
1.0,off,csas-ib,1,0.0,0.0,1.0,0.0,1.0,0.9998118783812595,3.0
1.0,off,csas-webchat,481,0.002079002079002079,0.22661122661122662,0.7650727650727651,0.006237006237006237,0.9916839916839917,0.9920283659594041,2.991683991683992
1.0,off,ctu-felmail,445,0.0,0.0651685393258427,0.9325842696629213,0.0022471910112359553,0.9977528089887641,0.9990761653667463,2.995505617977528
1.0,off,ctu-idp2,507,0.0,0.14398422090729784,0.8461538461538461,0.009861932938856016,0.9901380670611439,0.9930719801649964,2.9861932938856017
1.0,off,ctu-kos,320,0.009375,0.096875,0.878125,0.015625,0.975,0.9805584339758691,2.965625
1.0,off,ctu-kosapi,31,0.0,0.03225806451612903,0.967741935483871,0.0,1.0,0.9772663029033295,2.967741935483871
1.0,off,ctu-matrix,413,0.0,0.01937046004842615,0.9806295399515739,0.0,1.0,0.9773613380244651,2.9661016949152543
1.0,off,datova-schranka,618,0.0016181229773462784,0.01779935275080906,0.3042071197411003,0.6763754045307443,0.3220064724919094,0.5188574060549006,2.27831715210356
1.0,off,discord,2692,0.0,0.20765230312035662,0.7592867756315007,0.033060921248142645,0.9669390787518574,0.9673668792947502,2.9093610698365526
1.0,off,dns-doh,1657,0.0006035003017501509,0.42365721182860594,0.5624622812311406,0.013277006638503319,0.9861194930597466,0.9815693646658726,2.9450814725407364
1.0,off,docker-auth,1249,0.0,0.018414731785428344,0.9815852682145717,0.0,1.0,0.9995602650166303,3.0
1.0,off,docker-registry,1655,0.0,0.4501510574018127,0.5498489425981873,0.0,1.0,0.9997693805494038,3.0
1.0,off,dopravniinfo-api,1391,0.004313443565780014,0.12940330697340044,0.8289000718907261,0.037383177570093455,0.9583033788641265,0.9646677929721319,2.9511143062544933
1.0,off,dropbox,6786,0.0004420866489832007,0.36236368994989687,0.6125847332743884,0.024609490126731505,0.9749484232242853,0.9768832586158056,2.9406130268199235
1.0,off,duckduckgo,677,0.0,0.11225997045790251,0.8759231905465288,0.011816838995568686,0.9881831610044313,0.9906910952056065,2.9881831610044314
1.0,off,ea-games,2201,0.0,0.7355747387551114,0.26079054975011356,0.003634711494775102,0.9963652885052249,0.9970751036213439,2.99273057701045
1.0,off,edge-ntp,1194,0.0,0.009212730318257957,0.9790619765494137,0.011725293132328308,0.9882747068676717,0.9941416698961185,2.9857621440536013
1.0,off,eidentita,34,0.0,0.029411764705882353,0.8823529411764706,0.08823529411764706,0.9117647058823529,0.9248538721356585,2.8529411764705883
1.0,off,ekasa,493,0.07099391480730223,0.24543610547667344,0.09127789046653144,0.592292089249493,0.3367139959432049,0.7907610735335352,2.3265720081135903
1.0,off,eset-edf,5035,0.0,0.9692154915590864,0.030784508440913606,0.0,1.0,0.9998519486006959,3.0
1.0,off,eset-edtd,1900,0.0010526315789473684,0.8747368421052631,0.12,0.004210526315789474,0.9947368421052631,0.9776554585141408,2.993684210526316
1.0,off,eset-epns,712,0.0,0.30758426966292135,0.6924157303370787,0.0,1.0,0.9998414952996082,3.0
1.0,off,eset-esa,830,0.0,0.7156626506024096,0.28433734939759037,0.0,1.0,0.9987044585526678,3.0
1.0,off,eset-ts,2018,0.0004955401387512388,0.4370664023785927,0.34737363726461845,0.21506442021803765,0.7844400396432111,0.8588224315877415,2.7329038652130824
1.0,off,facebook-graph,8059,0.000744509244323117,0.21156471026181908,0.6315920089341109,0.15609877155974686,0.84315671919593,0.9110350568777034,2.815113537659759
1.0,off,facebook-media,4860,0.0008230452674897119,0.15637860082304528,0.7072016460905349,0.13559670781893005,0.8635802469135803,0.9176384384206745,2.8228395061728393
1.0,off,facebook-messenger,3465,0.0008658008658008658,0.18585858585858586,0.7893217893217893,0.023953823953823953,0.9751803751803751,0.9824317961043244,2.9708513708513706
1.0,off,facebook-web,2740,0.000364963503649635,0.08868613138686131,0.7817518248175183,0.1291970802919708,0.8704379562043796,0.8904421576692017,2.8124087591240876
1.0,off,fio-ib,585,0.010256410256410256,0.147008547008547,0.6666666666666666,0.17606837606837608,0.8136752136752137,0.85585873879855,2.6717948717948716
1.0,off,firefox-accounts,920,0.0,0.6521739130434783,0.34782608695652173,0.0,1.0,0.9999688522479936,3.0
1.0,off,firefox-settings,1150,0.0,0.5043478260869565,0.4678260869565217,0.02782608695652174,0.9721739130434782,0.9800987756804287,2.9521739130434783
1.0,off,font-awesome,756,0.007936507936507936,0.455026455026455,0.4642857142857143,0.07275132275132275,0.9193121693121693,0.9398283348134565,2.8055555555555554
1.0,off,gfe-events,592,0.0,0.8868243243243243,0.11317567567567567,0.0,1.0,0.981255389359797,3.0
1.0,off,gfe-services,1424,0.0,0.7155898876404494,0.28230337078651685,0.002106741573033708,0.9978932584269663,0.9988758666094063,2.9978932584269664
1.0,off,github,722,0.015235457063711912,0.19529085872576177,0.7493074792243767,0.04016620498614958,0.9445983379501385,0.9506212427545034,2.919667590027701
1.0,off,gitlab,356,0.011235955056179775,0.28651685393258425,0.702247191011236,0.0,0.9887640449438202,0.9872139411164326,2.9887640449438204
1.0,off,gmail,289,0.0,0.15916955017301038,0.7301038062283737,0.11072664359861592,0.889273356401384,0.9330875009572811,2.820069204152249
1.0,off,google-ads,13690,0.0014609203798392988,0.19371804236669102,0.7436815193571951,0.061139517896274656,0.937399561723886,0.9513158392064244,2.900584368151936
1.0,off,google-authentication,2449,0.0,0.17844017966516945,0.7737852184565128,0.04777460187831768,0.9522253981216823,0.9623034492080611,2.9158840342997143
1.0,off,google-connectivity,3043,0.0,0.426552744002629,0.5566874794610581,0.01675977653631285,0.9832402234636871,0.9864820277479635,2.9717384160368057
1.0,off,google-drive,1163,0.0,0.061908856405846945,0.6723989681857265,0.2656921754084265,0.7343078245915735,0.7832519536456183,2.6818572656921753
1.0,off,google-fonts,3347,0.0032865252464893933,0.23991634299372572,0.6184642963848223,0.13833283537496266,0.8583806393785479,0.8857656104264927,2.680908276068121
1.0,off,google-hangouts,1968,0.0,0.22306910569105692,0.5691056910569106,0.20782520325203252,0.7921747967479674,0.8486030454164153,2.7322154471544717
1.0,off,google-play,7587,0.00013180440226703572,0.15487017266376696,0.8040068538289179,0.04099116910504811,0.9588770264926848,0.9518169019020827,2.904178199551865
1.0,off,google-safebrowsing,3824,0.0,0.19351464435146443,0.7481694560669456,0.05831589958158996,0.94168410041841,0.9352490182400904,2.837866108786611
1.0,off,google-services,2099,0.0,0.15483563601715103,0.7613149118627918,0.08384945212005716,0.9161505478799429,0.9221082713438655,2.8527870414483085
1.0,off,google-translate,1081,0.0,0.08788159111933395,0.8390379278445883,0.0730804810360777,0.9269195189639223,0.9397331660898749,2.9074930619796486
1.0,off,google-userlocation,800,0.0,0.12875,0.84875,0.0225,0.9775,0.9814143149662422,2.92625
1.0,off,google-www,12638,0.0004747586643456243,0.3552777338186422,0.5698686501028644,0.0743788574141478,0.9251463839215066,0.9435365426065859,2.861133090678905
1.0,off,grammarly,4297,0.0,0.10379334419362346,0.8959739353037003,0.00023272050267628578,0.9997672794973237,0.9993853399191537,2.999767279497324
1.0,off,hicloud-connectivity,331,0.0,0.7643504531722054,0.15709969788519637,0.07854984894259819,0.9214501510574018,0.9649674043155378,2.915407854984894
1.0,off,hicloud-logservice,274,0.0,0.583941605839416,0.40875912408759124,0.0072992700729927005,0.9927007299270073,0.9950302966034188,2.9927007299270074
1.0,off,instagram,6652,0.0031569452796151535,0.2221888153938665,0.6168069753457607,0.15784726398075766,0.8389957907396272,0.9164306191896401,2.80832832230908
1.0,off,justice-isir,4,0.0,0.25,0.75,0.0,1.0,0.9995908439965412,3.0
1.0,off,kaspersky,4024,0.0,0.1672465208747515,0.8235586481113321,0.0091948310139165,0.9908051689860835,0.9775974005358378,2.9540258449304173
1.0,off,katastr-nahlizeni,84,0.0,0.10714285714285714,0.8333333333333334,0.05952380952380952,0.9404761904761905,0.9669345597813374,2.9285714285714284
1.0,off,kb-ib,207,0.0,0.1111111111111111,0.8792270531400966,0.00966183574879227,0.9903381642512077,0.993863901341695,2.9855072463768115
1.0,off,king-games,2885,0.0003466204506065858,0.6360485268630849,0.26031195840554594,0.10329289428076256,0.8963604852686309,0.9340801006910748,2.8689774696707104
1.0,off,ksrzis,2,0.0,1.0,0.0,0.0,1.0,0.977221449897353,3.0
1.0,off,loggly,1068,0.0,0.5617977528089888,0.43820224719101125,0.0,1.0,0.9951256877609688,2.993445692883895
1.0,off,malwarebytes-telemetry,1997,0.0,0.9969954932398598,0.0030045067601402104,0.0,1.0,0.999799391201511,3.0
1.0,off,mapscz,8043,0.0004973268680840482,0.08442123585726719,0.8481909735173443,0.0668904637573045,0.9326122093746114,0.9445313682583325,2.9019022752704213
1.0,off,mcafee-ccs,1093,0.0,0.15827996340347666,0.8417200365965233,0.0,1.0,0.9990295549002954,3.0
1.0,off,mcafee-gti,2075,0.0,0.5132530120481927,0.45879518072289155,0.027951807228915663,0.9720481927710843,0.9820969179853423,2.9691566265060243
1.0,off,mcafee-realprotect,348,0.0,0.9166666666666666,0.08333333333333333,0.0,1.0,0.9982524321370907,2.9971264367816093
1.0,off,microsoft-authentication,12900,0.0,0.11232558139534883,0.8396124031007752,0.04806201550387597,0.951937984496124,0.9716209025843203,2.9410077519379847
1.0,off,microsoft-defender,7970,0.0003764115432873275,0.5129234629861983,0.44993726474278545,0.03676286072772898,0.9628607277289837,0.9524971117431553,2.9361355081555836
1.0,off,microsoft-diagnostic,17568,0.00017076502732240437,0.5052937158469946,0.28477914389799636,0.2097563752276867,0.7900728597449909,0.8425225894698003,2.762295081967213
1.0,off,microsoft-notes,310,0.0,0.0032258064516129032,0.0064516129032258064,0.9903225806451613,0.00967741935483871,0.5348363851591472,2.009677419354839
1.0,off,microsoft-onedrive,4866,0.0002055076037813399,0.03308672420879573,0.948623099054665,0.018084669132757913,0.9817098232634608,0.9581586194597645,2.960748047677764
1.0,off,microsoft-push,4752,0.0016835016835016834,0.6407828282828283,0.12626262626262627,0.23127104377104377,0.7670454545454546,0.9103871426365403,2.764520202020202
1.0,off,microsoft-settings,16055,0.00043600124571784493,0.8419806913734039,0.11815633758953598,0.03942696979134226,0.9601370289629398,0.9773088475671725,2.9570227343506694
1.0,off,microsoft-update,17297,5.781349366942244e-05,0.3495981962189975,0.648147077527895,0.002196912759438053,0.9977452737468925,0.9861815873259412,2.9905185870382147
1.0,off,microsoft-weather,639,0.0,0.09076682316118936,0.8826291079812206,0.026604068857589983,0.97339593114241,0.9623835696959758,2.8779342723004695
1.0,off,mlp-search,500,0.014,0.082,0.898,0.006,0.98,0.9808758597732575,2.976
1.0,off,moneta-ib,39,0.0,0.05128205128205128,0.9487179487179487,0.0,1.0,0.9889740082278416,2.9743589743589745
1.0,off,moodle,1363,0.02641232575201761,0.21056493030080703,0.6881878209831255,0.0748349229640499,0.8987527512839325,0.9270795756043037,2.8818782098312545
1.0,off,mozilla-location,1108,0.0,0.3989169675090253,0.6010830324909747,0.0,1.0,0.9997101527022142,3.0
1.0,off,mozilla-push,803,0.0,0.8530510585305106,0.14694894146948942,0.0,1.0,0.9998978041425808,3.0
1.0,off,mozilla-telemetry,1316,0.0,0.08662613981762918,0.8852583586626139,0.02811550151975684,0.9718844984802432,0.9718318817622962,2.939209726443769
1.0,off,mozilla-token,542,0.0,0.05350553505535055,0.9464944649446494,0.0,1.0,0.9999615344966475,3.0
1.0,off,ndk,1928,0.0,0.10114107883817428,0.7966804979253111,0.10217842323651452,0.8978215767634855,0.9131092370895183,2.8226141078838176
1.0,off,netflix,331,0.0030211480362537764,0.3323262839879154,0.6193353474320241,0.045317220543806644,0.9516616314199395,0.9581536751506767,2.9274924471299095
1.0,off,npm-registry,533,0.0,0.46153846153846156,0.5328330206378987,0.005628517823639775,0.9943714821763602,0.9927307140035314,2.9662288930581613
1.0,off,o2tv,7774,0.0,0.2116027784924106,0.7549524054540777,0.033444816053511704,0.9665551839464883,0.9669827742738418,2.899794185747363
1.0,off,obalkyknih,806,0.0012406947890818859,0.15260545905707196,0.8238213399503722,0.022332506203473945,0.9764267990074442,0.9832045300995981,2.9516129032258065
1.0,off,office-365,16990,0.0003531489111241907,0.25921130076515597,0.6804590935844614,0.05997645673925839,0.9396703943496174,0.9476197922142058,2.901353737492643
1.0,off,opera-autoupdate,298,0.0,0.2785234899328859,0.6510067114093959,0.07046979865771812,0.9295302013422819,0.9334700189305697,2.88255033557047
1.0,off,opera-notifications,195,0.0,0.4717948717948718,0.517948717948718,0.010256410256410256,0.9897435897435898,0.9915282638055226,2.98974358974359
1.0,off,opera-oauth2,50,0.0,0.1,0.9,0.0,1.0,0.9990333440657152,3.0
1.0,off,opera-sitecheck,252,0.0,0.38095238095238093,0.6150793650793651,0.003968253968253968,0.996031746031746,0.9966769590398221,2.992063492063492
1.0,off,opera-speeddial,229,0.0,0.48034934497816595,0.5065502183406113,0.013100436681222707,0.9868995633187773,0.9863333418178019,2.978165938864629
1.0,off,opera-weather,247,0.0,0.4898785425101215,0.5101214574898786,0.0,1.0,0.9984151509853497,3.0
1.0,off,outlook,14057,0.00028455573735505443,0.18097744895781462,0.6677100377036352,0.15102795760119514,0.8486874866614498,0.8789273121272824,2.809134239169097
1.0,off,owncloud,595,0.0,0.36470588235294116,0.6285714285714286,0.0067226890756302525,0.9932773109243698,0.9911112200902308,2.981512605042017
1.0,off,pubmatic,6386,0.0004697776385844034,0.1941747572815534,0.7261196367052928,0.07923582837456937,0.9202943939868462,0.9433019630601794,2.8935170685875353
1.0,off,r2d2,999,0.001001001001001001,0.06906906906906907,0.8638638638638638,0.06606606606606606,0.9329329329329329,0.9422802594837165,2.8728728728728727
1.0,off,rb-ib,542,0.0,0.033210332103321034,0.9649446494464945,0.0018450184501845018,0.9981549815498155,0.997815139163936,2.9981549815498156
1.0,off,redmine,14,0.0,0.0,1.0,0.0,1.0,0.9993309283636761,3.0
1.0,off,riot-games,1451,0.0,0.21778084079944865,0.715368711233632,0.06685044796691937,0.9331495520330806,0.9365734387364346,2.900068917987595
1.0,off,rozhlas-api,1049,0.0009532888465204957,0.061010486177311724,0.9332697807435653,0.004766444232602479,0.994280266920877,0.9927049401065847,2.990467111534795
1.0,off,rubiconproject,8156,0.0002452182442373713,0.5006130456105934,0.4700833742030407,0.029058361942128495,0.9706964198136341,0.978228677600212,2.962113781265326
1.0,off,salesforce,1133,0.0,0.7016769638128861,0.2903795233892321,0.00794351279788173,0.9920564872021183,0.9932037011194413,2.99117387466902
1.0,off,seznam-authentication,7215,0.0,0.06625086625086625,0.9283437283437284,0.005405405405405406,0.9945945945945946,0.9917417241267859,2.986832986832987
1.0,off,seznam-email,4734,0.00021123785382340515,0.1514575411913815,0.8426277989015631,0.005703422053231939,0.9940853400929447,0.9883390048363773,2.983945923109421
1.0,off,seznam-media,16022,0.0009362127075271502,0.14473848458369742,0.7712520284608663,0.08307327424790913,0.9159905130445637,0.9396625180929377,2.8779178629384594
1.0,off,seznam-notifications,2344,0.0004266211604095563,0.04778156996587031,0.8831058020477816,0.06868600682593856,0.9308873720136519,0.9414630315421726,2.863481228668942
1.0,off,seznam-search,811,0.006165228113440197,0.036991368680641186,0.9136868064118372,0.04315659679408138,0.9506781750924784,0.9649903247207956,2.934648581997534
1.0,off,seznam-ssp,5949,0.005379055303412338,0.1364935283240881,0.8330811901159859,0.0250462262565137,0.9695747184400739,0.977577894220335,2.9578080349638594
1.0,off,signageos,189,0.0,0.005291005291005291,0.23809523809523808,0.7566137566137566,0.24338624338624337,0.4283490922525945,2.142857142857143
1.0,off,skype,9414,0.0,0.3536222647121309,0.6056936477586573,0.040684087529211814,0.9593159124707882,0.9699993310580289,2.9532611004886338
1.0,off,slack,428,0.0,0.1822429906542056,0.7546728971962616,0.0630841121495327,0.9369158878504673,0.9471075727369235,2.880841121495327
1.0,off,snapchat,7927,0.0006307556452630251,0.3195408098902485,0.6626718809133342,0.017156553551154283,0.9822126908035826,0.983151611349439,2.967200706446323
1.0,off,soundcloud,501,0.0,0.06786427145708583,0.8902195608782435,0.041916167664670656,0.9580838323353293,0.9561179312641298,2.902195608782435
1.0,off,spotify,7468,0.006025709694697376,0.21973754686663097,0.6636314943760043,0.11060524906266737,0.8833690412426353,0.9177040800634972,2.8385109801821105
1.0,off,steam,1452,0.0,0.1487603305785124,0.803030303030303,0.048209366391184574,0.9517906336088154,0.9588085988365181,2.902203856749311
1.0,off,sukl-api,1267,0.0,0.05998421468034728,0.7971586424625099,0.14285714285714285,0.8571428571428571,0.8585637135778208,2.7687450670876084
1.0,off,sukl-auth,541,0.0,0.024029574861367836,0.9704251386321626,0.005545286506469501,0.9944547134935305,0.9328199705802444,2.9944547134935307
1.0,off,sukl-erecept,865,0.0,0.2254335260115607,0.5109826589595375,0.2635838150289017,0.7364161849710983,0.800527416813308,2.699421965317919
1.0,off,sumava-camdata,15,0.06666666666666667,0.4,0.4666666666666667,0.06666666666666667,0.8666666666666667,0.8936684097480341,2.8666666666666667
1.0,off,super-media,962,0.0010395010395010396,0.12474012474012475,0.8295218295218295,0.0446985446985447,0.9542619542619543,0.9667496920294939,2.9074844074844073
1.0,off,teams,12272,8.148631029986962e-05,0.1290743155149935,0.790661668839635,0.08018252933507171,0.9197359843546284,0.9329833985418441,2.8869784876140807
1.0,off,teamviewer-client,457,0.0,0.35667396061269147,0.6280087527352297,0.015317286652078774,0.9846827133479212,0.960174772896432,2.8993435448577682
1.0,off,the-weather-channel,402,0.0024875621890547263,0.09203980099502487,0.8905472636815921,0.014925373134328358,0.9825870646766169,0.982106921181026,2.972636815920398
1.0,off,thunderbird-telemetry,881,0.0,0.094211123723042,0.905788876276958,0.0,1.0,0.9958725170283675,2.9977298524404086
1.0,off,tiktok,10518,0.029758509222285606,0.23778284845027572,0.7085947898840084,0.02386385244343031,0.9463776383342841,0.9482080024626812,2.9266970907016545
1.0,off,tinder,879,0.0,0.20705346985210465,0.7895335608646189,0.0034129692832764505,0.9965870307167235,0.9898775963258915,2.9840728100113765
1.0,off,twitch,3846,0.008320332813312533,0.19916796671866874,0.7831513260530422,0.0093603744149766,0.9823192927717108,0.974916922196804,2.954238169526781
1.0,off,twitter,5132,0.0021434138737334374,0.22077162899454403,0.7431800467653936,0.033904910366328915,0.9639516757599377,0.9761890621462652,2.9491426344505065
1.0,off,ulozto,422,0.002369668246445498,0.12796208530805686,0.7677725118483413,0.1018957345971564,0.8957345971563981,0.9147785361568997,2.7819905213270144
1.0,off,unity-games,1323,0.0,0.11942554799697656,0.8533635676492819,0.027210884353741496,0.9727891156462585,0.9797859222111338,2.9614512471655328
1.0,off,unpkg,653,0.0,0.3460949464012251,0.5513016845329249,0.10260336906584992,0.8973966309341501,0.9353421926235729,2.8162327718223583
1.0,off,uschovna,373,0.0,0.1581769436997319,0.7560321715817694,0.08579088471849866,0.9142091152815014,0.9202597204852369,2.836461126005362
1.0,off,uzis-api,652,0.0,0.0015337423312883436,0.42484662576687116,0.5736196319018405,0.4263803680981595,0.6038967521927205,2.414110429447853
1.0,off,uzis-ocko,426,0.03286384976525822,0.2323943661971831,0.6596244131455399,0.07511737089201878,0.892018779342723,0.9202208457998021,2.863849765258216
1.0,off,uzis-plf,84,0.05952380952380952,0.11904761904761904,0.7619047619047619,0.05952380952380952,0.8809523809523809,0.8973273051783633,2.7976190476190474
1.0,off,vimeo,264,0.003787878787878788,0.20075757575757575,0.7386363636363636,0.056818181818181816,0.9393939393939394,0.968414994965289,2.9166666666666665
1.0,off,visualstudio-insights,848,0.0,0.17570754716981132,0.7959905660377359,0.02830188679245283,0.9716981132075472,0.9799170147057488,2.9693396226415096
1.0,off,vmware-vcsa,1607,0.0,0.7535780958307405,0.2464219041692595,0.0,1.0,0.99896157149532,2.999377722464219
1.0,off,vsb-sso,732,0.0,0.1133879781420765,0.8770491803278688,0.009562841530054645,0.9904371584699454,0.9945950789038225,2.9863387978142075
1.0,off,vscode-update,153,0.0,0.7581699346405228,0.23529411764705882,0.006535947712418301,0.9934640522875817,0.9802804030709522,2.9869281045751634
1.0,off,vse-insis,1379,0.0014503263234227702,0.28063814358230604,0.5634517766497462,0.154459753444525,0.8440899202320522,0.9113928666150023,2.8107324147933284
1.0,off,vzp-api,499,0.002004008016032064,0.026052104208416832,0.935871743486974,0.036072144288577156,0.9619238476953907,0.9689933657246618,2.9599198396793587
1.0,off,webex,635,0.0,0.2440944881889764,0.7559055118110236,0.0,1.0,0.9918917832845311,2.9937007874015746
1.0,off,whatsapp,1123,0.0,0.14247551202137132,0.8236865538735529,0.03383793410507569,0.9661620658949243,0.9575663273575523,2.9180765805877114
1.0,off,wikimedia-commons,2,0.0,0.0,1.0,0.0,1.0,0.9996684929676569,3.0
1.0,off,xbox-live,1970,0.0,0.26802030456852793,0.7035532994923858,0.028426395939086295,0.9715736040609138,0.9748398053911077,2.9578680203045686
1.0,off,xiaomi-account,2272,0.0,0.40625,0.5933098591549296,0.00044014084507042255,0.9995598591549296,0.9809821795983911,2.9920774647887325
1.0,off,xiaomi-tracking,14,0.0,1.0,0.0,0.0,1.0,0.9965046040012837,3.0
1.0,off,yahoo-mail,188,0.0,0.047872340425531915,0.8776595744680851,0.07446808510638298,0.925531914893617,0.9141090283184952,2.824468085106383
1.0,off,youtube,8603,0.003835871207718238,0.15913053585958387,0.7937928629547832,0.04324072997791468,0.952923398814367,0.9535378741279914,2.902359641985354
1.0,off,zoom,1081,0.0,0.5365402405180388,0.4588344125809436,0.004625346901017576,0.9953746530989824,0.9952830357985959,2.9935245143385756
1.0,off,zotero,232,0.0,0.20689655172413793,0.7931034482758621,0.0,1.0,0.99924000658227,3.0
1.0,soft,3dsecure,173,0.0,0.005780346820809248,0.04046242774566474,0.953757225433526,0.046242774566473986,0.9252146040314901,2.9248554913294798
1.0,soft,accuweather,2303,0.0,0.0,0.006947459834997829,0.9930525401650022,0.006947459834997829,0.9576424445053541,2.996526270082501
1.0,soft,adobe-ads,1325,0.0,0.0022641509433962265,0.06716981132075471,0.930566037735849,0.06943396226415094,0.9390271935289034,2.9471698113207547
1.0,soft,adobe-analytics,356,0.0,0.0,0.019662921348314606,0.9803370786516854,0.019662921348314606,0.998840968213173,3.0
1.0,soft,adobe-authentication,1029,0.0,0.0,0.0009718172983479105,0.9990281827016521,0.0009718172983479105,0.9989994060210883,3.0
1.0,soft,adobe-cloud,831,0.0,0.0,0.07460890493381468,0.9253910950661853,0.07460890493381468,0.9953663430967258,2.996389891696751
1.0,soft,adobe-notifications,823,0.0,0.0,0.002430133657351154,0.9975698663426489,0.002430133657351154,0.9997570835633695,3.0
1.0,soft,adobe-search,16,0.0,0.0,0.0,1.0,0.0,0.9999064369127921,3.0
1.0,soft,adobe-updater,579,0.0,0.0,0.0017271157167530224,0.998272884283247,0.0017271157167530224,0.9882533858672996,2.9810017271157165
1.0,soft,airbank-ib,384,0.0,0.0,0.049479166666666664,0.9505208333333334,0.049479166666666664,0.9529012008695497,2.9505208333333335
1.0,soft,alza-bnr,889,0.0,0.003374578177727784,0.1046119235095613,0.8920134983127109,0.10798650168728909,0.9132156370886704,2.9178852643419573
1.0,soft,alza-cdn,631,0.0,0.0,0.017432646592709985,0.9825673534072901,0.017432646592709985,0.9394684883844578,2.936608557844691
1.0,soft,alza-logapi,388,0.0,0.0,0.007731958762886598,0.9922680412371134,0.007731958762886598,0.8761730371374346,2.847938144329897
1.0,soft,alza-signalr,565,0.0,0.0,0.01415929203539823,0.9858407079646018,0.01415929203539823,0.805080173188793,2.7380530973451327
1.0,soft,alza-webapi,483,0.0,0.002070393374741201,0.12215320910973085,0.8757763975155279,0.12422360248447205,0.9439650135014225,2.9420289855072466
1.0,soft,amazon-advertising,2228,0.0,0.0008976660682226212,0.06687612208258528,0.9322262118491921,0.0677737881508079,0.9785510109010076,2.975314183123878
1.0,soft,amazon-alexa,148,0.0,0.0,0.02702702702702703,0.972972972972973,0.02702702702702703,0.9782777040888456,2.9864864864864864
1.0,soft,amazon-prime,469,0.0,0.0,0.0042643923240938165,0.9957356076759062,0.0042643923240938165,0.9578750929146205,2.9424307036247335
1.0,soft,apple-authentication,1,0.0,0.0,0.0,1.0,0.0,0.9990664989330931,3.0
1.0,soft,apple-icloud,594,0.0,0.0,0.0,1.0,0.0,0.9695187114099039,2.974747474747475
1.0,soft,apple-itunes,8877,0.0,0.00022530134054297624,0.0003379520108144643,0.9994367466486426,0.0005632533513574405,0.9885615710917716,2.984341556832263
1.0,soft,apple-location,2928,0.0,0.0,0.0030737704918032786,0.9969262295081968,0.0030737704918032786,0.9487176505695943,2.950478142076503
1.0,soft,apple-ocsp,467,0.0,0.0,0.0021413276231263384,0.9978586723768736,0.0021413276231263384,0.9578955220830929,2.982869379014989
1.0,soft,apple-pancake,729,0.0,0.0,0.0013717421124828531,0.9986282578875172,0.0013717421124828531,0.9180198090042512,2.880658436213992
1.0,soft,apple-siri,5,0.0,0.0,0.0,1.0,0.0,0.9996945362209851,3.0
1.0,soft,apple-updates,2586,0.0,0.0019334880123743233,0.01237432327919567,0.98569218870843,0.014307811291569992,0.9935578053880746,2.9953596287703017
1.0,soft,apple-weather,1660,0.0,0.0,0.006024096385542169,0.9939759036144579,0.006024096385542169,0.9830142651503923,2.991566265060241
1.0,soft,appnexus,14551,0.0,0.0010308569857741736,0.027420795821593017,0.9715483471926328,0.02845165280736719,0.9184562196818237,2.9173252697409113
1.0,soft,aukro-backend,383,0.0,0.0,0.005221932114882507,0.9947780678851175,0.005221932114882507,0.9512466248849167,2.93733681462141
1.0,soft,autodesk,5425,0.0,0.0,0.0018433179723502304,0.9981566820276497,0.0018433179723502304,0.9918259583736366,2.9931797235023043
1.0,soft,avast,5624,0.0,0.0,0.012268847795163585,0.9877311522048364,0.012268847795163585,0.9001389107696771,2.829302987197724
1.0,soft,bing,5936,0.0,0.0008423180592991914,0.006738544474393531,0.9924191374663073,0.007580862533692723,0.8973363968125462,2.8957210242587603
1.0,soft,bitdefender-gravityzone,3923,0.0,0.0,0.2113178689778231,0.7886821310221769,0.2113178689778231,0.9854896576877825,2.99949018608208
1.0,soft,bitdefender-nimbus,961,0.0,0.0,0.026014568158168574,0.9739854318418314,0.026014568158168574,0.9016073491866006,2.9302809573361084
1.0,soft,booking-com,610,0.0,0.0,0.022950819672131147,0.9770491803278688,0.022950819672131147,0.9513840590023775,2.959016393442623
1.0,soft,cesnet-filesender,331,0.0,0.0,0.03625377643504532,0.9637462235649547,0.03625377643504532,0.4881965553704449,2.211480362537764
1.0,soft,cesnet-gerrit,263,0.0,0.0,0.0038022813688212928,0.9961977186311787,0.0038022813688212928,0.9886307055304613,2.9923954372623576
1.0,soft,cesnet-kalendar,361,0.0,0.002770083102493075,0.002770083102493075,0.9944598337950139,0.00554016620498615,0.9991376223195431,3.0
1.0,soft,cesnet-login,153,0.0,0.0,0.0196078431372549,0.9803921568627451,0.0196078431372549,0.8316654157680113,2.8366013071895426
1.0,soft,cesnet-nerd,371,0.0,0.0,0.0,1.0,0.0,0.99913841929646,3.0
1.0,soft,cesnet-perun,53,0.0,0.0,0.0,1.0,0.0,0.9850232616099112,2.981132075471698
1.0,soft,chmi,2622,0.0,0.0,0.08123569794050343,0.9187643020594966,0.08123569794050343,0.7321268933701897,2.719679633867277
1.0,soft,chrome-remotedesktop,563,0.0,0.0,0.18650088809946713,0.8134991119005328,0.18650088809946713,0.6499196247350627,2.609236234458259
1.0,soft,csas-ib,1,0.0,0.0,0.0,1.0,0.0,0.9996701909638459,3.0
1.0,soft,csas-webchat,481,0.0,0.0,0.0,1.0,0.0,0.98458341049184,2.991683991683992
1.0,soft,ctu-felmail,445,0.0,0.0022471910112359553,0.060674157303370786,0.9370786516853933,0.06292134831460675,0.996560014339702,2.995505617977528
1.0,soft,ctu-idp2,507,0.0,0.0,0.09467455621301775,0.9053254437869822,0.09467455621301775,0.9751321289256205,2.9861932938856017
1.0,soft,ctu-kos,320,0.0,0.0,0.0625,0.9375,0.0625,0.9709655688805767,2.965625
1.0,soft,ctu-kosapi,31,0.0,0.0,0.03225806451612903,0.967741935483871,0.03225806451612903,0.8760906679375062,2.967741935483871
1.0,soft,ctu-matrix,413,0.0,0.0,0.0,1.0,0.0,0.9581797631865964,2.9661016949152543
1.0,soft,datova-schranka,618,0.0,0.0,0.006472491909385114,0.9935275080906149,0.006472491909385114,0.6014491684382121,2.27831715210356
1.0,soft,discord,2692,0.0,0.0003714710252600297,0.04011887072808321,0.9595096582466568,0.04049034175334324,0.9004739509854578,2.9093610698365526
1.0,soft,dns-doh,1657,0.0,0.0,0.13820156910078454,0.8617984308992155,0.13820156910078454,0.9375860512770482,2.9450814725407364
1.0,soft,docker-auth,1249,0.0,0.0,0.0008006405124099279,0.9991993594875901,0.0008006405124099279,0.9992252452162013,3.0
1.0,soft,docker-registry,1655,0.0,0.0,0.0006042296072507553,0.9993957703927493,0.0006042296072507553,0.9994802900934456,3.0
1.0,soft,dopravniinfo-api,1391,0.0,0.002156721782890007,0.01509705248023005,0.98274622573688,0.017253774263120056,0.923020654062908,2.9511143062544933
1.0,soft,dropbox,6786,0.0,0.005747126436781609,0.12791040377247273,0.8663424697907457,0.13365753020925436,0.9372258878166299,2.9406130268199235
1.0,soft,duckduckgo,677,0.0,0.0,0.008862629246676515,0.9911373707533235,0.008862629246676515,0.9810133640679607,2.9881831610044314
1.0,soft,ea-games,2201,0.0,0.0,0.3112221717401181,0.6887778282598819,0.3112221717401181,0.9916827402674038,2.99273057701045
1.0,soft,edge-ntp,1194,0.0,0.0,0.0008375209380234506,0.9991624790619765,0.0008375209380234506,0.9882391916511055,2.9857621440536013
1.0,soft,eidentita,34,0.0,0.0,0.0,1.0,0.0,0.8387723683889918,2.8529411764705883
1.0,soft,ekasa,493,0.0,0.0,0.0,1.0,0.0,0.6518106203901912,2.3265720081135903
1.0,soft,eset-edf,5035,0.0,0.0,0.009136047666335651,0.9908639523336643,0.009136047666335651,0.9993350143057295,3.0
1.0,soft,eset-edtd,1900,0.0,0.0,0.0010526315789473684,0.9989473684210526,0.0010526315789473684,0.941257142988047,2.993684210526316
1.0,soft,eset-epns,712,0.0,0.0,0.004213483146067416,0.9957865168539326,0.004213483146067416,0.9993931322544366,3.0
1.0,soft,eset-esa,830,0.0,0.0,0.0024096385542168677,0.9975903614457832,0.0024096385542168677,0.995778820086239,3.0
1.0,soft,eset-ts,2018,0.0,0.0,0.0014866204162537165,0.9985133795837463,0.0014866204162537165,0.818552188906613,2.7329038652130824
1.0,soft,facebook-graph,8059,0.0,0.000744509244323117,0.061049758034495596,0.9382057327211812,0.06179426727881871,0.8176774688881012,2.815113537659759
1.0,soft,facebook-media,4860,0.0,0.0006172839506172839,0.046296296296296294,0.9530864197530864,0.04691358024691358,0.8562826477134357,2.8228395061728393
1.0,soft,facebook-messenger,3465,0.0,0.005194805194805195,0.046753246753246755,0.948051948051948,0.05194805194805195,0.9726561481503222,2.9708513708513706
1.0,soft,facebook-web,2740,0.0,0.00145985401459854,0.024452554744525547,0.974087591240876,0.025912408759124088,0.8717903960834672,2.8124087591240876
1.0,soft,fio-ib,585,0.0,0.0,0.08376068376068375,0.9162393162393162,0.08376068376068375,0.7641006384538854,2.6717948717948716
1.0,soft,firefox-accounts,920,0.0,0.0,0.002173913043478261,0.9978260869565218,0.002173913043478261,0.999910555012711,3.0
1.0,soft,firefox-settings,1150,0.0,0.0,0.0,1.0,0.0,0.9618034630034086,2.9521739130434783
1.0,soft,font-awesome,756,0.0,0.0013227513227513227,0.07539682539682539,0.9232804232804233,0.07671957671957672,0.8672103820016464,2.8055555555555554
1.0,soft,gfe-events,592,0.0,0.0,0.0,1.0,0.0,0.9533573932718437,3.0
1.0,soft,gfe-services,1424,0.0,0.0,0.006320224719101123,0.9936797752808989,0.006320224719101123,0.9984527929598389,2.9978932584269664
1.0,soft,github,722,0.0,0.0,0.015235457063711912,0.9847645429362881,0.015235457063711912,0.9290560500095985,2.919667590027701
1.0,soft,gitlab,356,0.0,0.0,0.09269662921348315,0.9073033707865169,0.09269662921348315,0.9765867745296559,2.9887640449438204
1.0,soft,gmail,289,0.0,0.0,0.02768166089965398,0.972318339100346,0.02768166089965398,0.8605976041738916,2.820069204152249
1.0,soft,google-ads,13690,0.0,7.304601899196493e-05,0.02410518626734843,0.9758217677136596,0.024178232286340393,0.9075051120903808,2.900584368151936
1.0,soft,google-authentication,2449,0.0,0.0,0.015924867292772562,0.9840751327072275,0.015924867292772562,0.9191727181663992,2.9158840342997143
1.0,soft,google-connectivity,3043,0.0,0.0,0.03746302990469931,0.9625369700953007,0.03746302990469931,0.9104023093681459,2.9717384160368057
1.0,soft,google-drive,1163,0.0,0.0,0.018916595012897677,0.9810834049871023,0.018916595012897677,0.7870581350349805,2.6818572656921753
1.0,soft,google-fonts,3347,0.0,0.0011951000896325067,0.10218105766357932,0.8966238422467881,0.10337615775321184,0.7816940588548857,2.680908276068121
1.0,soft,google-hangouts,1968,0.0,0.0,0.042682926829268296,0.9573170731707317,0.042682926829268296,0.6856489826672635,2.7322154471544717
1.0,soft,google-play,7587,0.0,0.00013180440226703572,0.016211941478845394,0.9836562541188876,0.01634374588111243,0.8985362177627821,2.904178199551865
1.0,soft,google-safebrowsing,3824,0.0,0.0002615062761506276,0.02615062761506276,0.9735878661087866,0.02641213389121339,0.8385935580594304,2.837866108786611
1.0,soft,google-services,2099,0.0,0.0,0.029537875178656504,0.9704621248213435,0.029537875178656504,0.8673296570186728,2.8527870414483085
1.0,soft,google-translate,1081,0.0,0.0,0.009250693802035153,0.9907493061979649,0.009250693802035153,0.9023900113219153,2.9074930619796486
1.0,soft,google-userlocation,800,0.0,0.00375,0.11375,0.8825,0.1175,0.9215290052267737,2.92625
1.0,soft,google-www,12638,0.0,0.0003165057762304162,0.05799968349422377,0.9416838107295458,0.058316189270454184,0.8720000586142447,2.861133090678905
1.0,soft,grammarly,4297,0.0,0.0006981615080288574,0.012799627647195718,0.9865022108447754,0.013497789155224576,0.998455807302303,2.999767279497324
1.0,soft,hicloud-connectivity,331,0.0,0.0,0.02416918429003021,0.9758308157099698,0.02416918429003021,0.8979393020589758,2.915407854984894
1.0,soft,hicloud-logservice,274,0.0,0.0,0.029197080291970802,0.9708029197080292,0.029197080291970802,0.9795223343397937,2.9927007299270074
1.0,soft,instagram,6652,0.0,0.00661455201443175,0.13168971737823212,0.8616957306073362,0.13830426939266385,0.8116461288922754,2.80832832230908
1.0,soft,justice-isir,4,0.0,0.0,0.25,0.75,0.25,0.9992667266560136,3.0
1.0,soft,kaspersky,4024,0.0,0.00024850894632206757,0.12599403578528828,0.8737574552683897,0.12624254473161034,0.9182256419792684,2.9540258449304173
1.0,soft,katastr-nahlizeni,84,0.0,0.0,0.011904761904761904,0.9880952380952381,0.011904761904761904,0.9509927649142076,2.9285714285714284
1.0,soft,kb-ib,207,0.0,0.0,0.0,1.0,0.0,0.9887189115754331,2.9855072463768115
1.0,soft,king-games,2885,0.0,0.0,0.3469670710571924,0.6530329289428076,0.3469670710571924,0.7932370519964429,2.8689774696707104
1.0,soft,ksrzis,2,0.0,0.0,0.0,1.0,0.0,0.9569576067027912,3.0
1.0,soft,loggly,1068,0.0,0.0,0.17696629213483145,0.8230337078651685,0.17696629213483145,0.9881479401551589,2.993445692883895
1.0,soft,malwarebytes-telemetry,1997,0.0,0.0,0.00100150225338007,0.99899849774662,0.00100150225338007,0.9992224149832626,3.0
1.0,soft,mapscz,8043,0.0,0.0026109660574412533,0.10195200795722989,0.8954370259853288,0.10456297401467114,0.9085893511629244,2.9019022752704213
1.0,soft,mcafee-ccs,1093,0.0,0.0,0.0009149130832570906,0.9990850869167429,0.0009149130832570906,0.9982893028611494,3.0
1.0,soft,mcafee-gti,2075,0.0,0.0014457831325301205,0.18313253012048192,0.815421686746988,0.18457831325301205,0.9721135748750838,2.9691566265060243
1.0,soft,mcafee-realprotect,348,0.0,0.0,0.005747126436781609,0.9942528735632183,0.005747126436781609,0.995888279196473,2.9971264367816093
1.0,soft,microsoft-authentication,12900,0.0,0.0,0.0013953488372093023,0.9986046511627907,0.0013953488372093023,0.9600629683871165,2.9410077519379847
1.0,soft,microsoft-defender,7970,0.0,0.0,0.0011292346298619825,0.998870765370138,0.0011292346298619825,0.9197273349482491,2.9361355081555836
1.0,soft,microsoft-diagnostic,17568,0.0,0.0,0.000569216757741348,0.9994307832422586,0.000569216757741348,0.8547074985917699,2.762295081967213
1.0,soft,microsoft-notes,310,0.0,0.0,0.0,1.0,0.0,0.5073925419258746,2.009677419354839
1.0,soft,microsoft-onedrive,4866,0.0,0.0,0.0030826140567200987,0.9969173859432799,0.0030826140567200987,0.9147166813278637,2.960748047677764
1.0,soft,microsoft-push,4752,0.0,0.0,0.004208754208754209,0.9957912457912458,0.004208754208754209,0.8639382885818723,2.764520202020202
1.0,soft,microsoft-settings,16055,0.0,0.0,0.0017440049828713797,0.9982559950171286,0.0017440049828713797,0.9599484203478856,2.9570227343506694
1.0,soft,microsoft-update,17297,0.0,0.0,0.036942822454760944,0.963057177545239,0.036942822454760944,0.9479665585321393,2.9905185870382147
1.0,soft,microsoft-weather,639,0.0,0.0,0.0,1.0,0.0,0.8144419184608042,2.8779342723004695
1.0,soft,mlp-search,500,0.0,0.0,0.026,0.974,0.026,0.9748296939037956,2.976
1.0,soft,moneta-ib,39,0.0,0.0,0.0,1.0,0.0,0.9769832216268642,2.9743589743589745
1.0,soft,moodle,1363,0.0,0.003668378576669112,0.10051357300073367,0.8958180484225972,0.10418195157740279,0.880964604556547,2.8818782098312545
1.0,soft,mozilla-location,1108,0.0,0.0,0.009025270758122744,0.9909747292418772,0.009025270758122744,0.9993727724193036,3.0
1.0,soft,mozilla-push,803,0.0,0.019925280199252802,0.0460772104607721,0.933997509339975,0.0660024906600249,0.9996040993261486,3.0
1.0,soft,mozilla-telemetry,1316,0.0,0.0,0.0972644376899696,0.9027355623100304,0.0972644376899696,0.9470225696585487,2.939209726443769
1.0,soft,mozilla-token,542,0.0,0.0,0.0018450184501845018,0.9981549815498155,0.0018450184501845018,0.9999157866140844,3.0
1.0,soft,ndk,1928,0.0,0.0005186721991701245,0.0487551867219917,0.9507261410788381,0.049273858921161824,0.8515803261806566,2.8226141078838176
1.0,soft,netflix,331,0.0,0.0030211480362537764,0.012084592145015106,0.9848942598187311,0.015105740181268883,0.9435705362659215,2.9274924471299095
1.0,soft,npm-registry,533,0.0,0.0,0.009380863039399626,0.9906191369606003,0.009380863039399626,0.9838156158097571,2.9662288930581613
1.0,soft,o2tv,7774,0.0,0.0016722408026755853,0.0644455878569591,0.9338821713403653,0.06611782865963468,0.946502947001659,2.899794185747363
1.0,soft,obalkyknih,806,0.0,0.00620347394540943,0.03225806451612903,0.9615384615384616,0.038461538461538464,0.9723445862634844,2.9516129032258065
1.0,soft,office-365,16990,0.0,0.0002942907592701589,0.010829899941141849,0.988875809299588,0.011124190700412007,0.9233876363739802,2.901353737492643
1.0,soft,opera-autoupdate,298,0.0,0.0,0.003355704697986577,0.9966442953020134,0.003355704697986577,0.9043579537002243,2.88255033557047
1.0,soft,opera-notifications,195,0.0,0.0,0.06153846153846154,0.9384615384615385,0.06153846153846154,0.970277356666486,2.98974358974359
1.0,soft,opera-oauth2,50,0.0,0.0,0.0,1.0,0.0,0.9917895163977398,3.0
1.0,soft,opera-sitecheck,252,0.0,0.0,0.0,1.0,0.0,0.9877335293107594,2.992063492063492
1.0,soft,opera-speeddial,229,0.0,0.0,0.0,1.0,0.0,0.9721768631065456,2.978165938864629
1.0,soft,opera-weather,247,0.0,0.0,0.0,1.0,0.0,0.9915790796650485,3.0
1.0,soft,outlook,14057,0.0,0.0,0.007185032368215124,0.9928149676317849,0.007185032368215124,0.8554105957835242,2.809134239169097
1.0,soft,owncloud,595,0.0,0.0,0.16134453781512606,0.838655462184874,0.16134453781512606,0.9615269500386221,2.981512605042017
1.0,soft,pubmatic,6386,0.0,0.0006263701847792045,0.030848731600375823,0.968524898214845,0.03147510178515503,0.9211230320698262,2.8935170685875353
1.0,soft,r2d2,999,0.0,0.003003003003003003,0.026026026026026026,0.970970970970971,0.02902902902902903,0.9123126601756981,2.8728728728728727
1.0,soft,rb-ib,542,0.0,0.0,0.00922509225092251,0.9907749077490775,0.00922509225092251,0.9928882660274785,2.9981549815498156
1.0,soft,redmine,14,0.0,0.0,0.0,1.0,0.0,0.9988669624085117,3.0
1.0,soft,riot-games,1451,0.0,0.0,0.0013783597518952446,0.9986216402481047,0.0013783597518952446,0.9181952632442185,2.900068917987595
1.0,soft,rozhlas-api,1049,0.0,0.0,0.012392755004766444,0.9876072449952336,0.012392755004766444,0.9822625762629906,2.990467111534795
1.0,soft,rubiconproject,8156,0.0,0.0008582638548307994,0.02636096125551741,0.9727807748896518,0.02721922511034821,0.9692827989861919,2.962113781265326
1.0,soft,salesforce,1133,0.0,0.01588702559576346,0.4077669902912621,0.5763459841129744,0.4236540158870256,0.953074474649346,2.99117387466902
1.0,soft,seznam-authentication,7215,0.0,0.0001386001386001386,0.0012474012474012475,0.9986139986139986,0.001386001386001386,0.9763607818407746,2.986832986832987
1.0,soft,seznam-email,4734,0.0,0.0,0.0038022813688212928,0.9961977186311787,0.0038022813688212928,0.9783878376326455,2.983945923109421
1.0,soft,seznam-media,16022,0.0,0.0006241418050181001,0.007177630757708151,0.9921982274372737,0.007801772562726251,0.8911277539367332,2.8779178629384594
1.0,soft,seznam-notifications,2344,0.0,0.0,0.0008532423208191126,0.9991467576791809,0.0008532423208191126,0.9130113466200716,2.863481228668942
1.0,soft,seznam-search,811,0.0,0.0,0.014796547472256474,0.9852034525277436,0.014796547472256474,0.9351717078580449,2.934648581997534
1.0,soft,seznam-ssp,5949,0.0,0.00016809547823163558,0.023701462430660614,0.9761304420911078,0.02386955790889225,0.9479398054471662,2.9578080349638594
1.0,soft,signageos,189,0.0,0.0,0.0,1.0,0.0,0.5151884171387928,2.142857142857143
1.0,soft,skype,9414,0.0,0.0,0.004567665179519864,0.9954323348204801,0.004567665179519864,0.9453811042178372,2.9532611004886338
1.0,soft,slack,428,0.0,0.0,0.004672897196261682,0.9953271028037384,0.004672897196261682,0.9045756676978076,2.880841121495327
1.0,soft,snapchat,7927,0.0,0.0003784533871578151,0.03683612968336067,0.9627854169294815,0.03721458307051848,0.959118333364493,2.967200706446323
1.0,soft,soundcloud,501,0.0,0.0,0.001996007984031936,0.998003992015968,0.001996007984031936,0.9264800625221261,2.902195608782435
1.0,soft,spotify,7468,0.0,0.0008034279592929834,0.027986073915372254,0.9712104981253348,0.028789501874665238,0.8564645452642555,2.8385109801821105
1.0,soft,steam,1452,0.0,0.0006887052341597796,0.040633608815427,0.9586776859504132,0.04132231404958678,0.9348616886921115,2.902203856749311
1.0,soft,sukl-api,1267,0.0,0.0,0.022099447513812154,0.9779005524861878,0.022099447513812154,0.7524099950955001,2.7687450670876084
1.0,soft,sukl-auth,541,0.0,0.0,0.0,1.0,0.0,0.8823253413776685,2.9944547134935307
1.0,soft,sukl-erecept,865,0.0,0.0,0.0011560693641618498,0.9988439306358381,0.0011560693641618498,0.809996083269698,2.699421965317919
1.0,soft,sumava-camdata,15,0.0,0.0,0.0,1.0,0.0,0.7901618065221442,2.8666666666666667
1.0,soft,super-media,962,0.0,0.0,0.013513513513513514,0.9864864864864865,0.013513513513513514,0.9463036558853278,2.9074844074844073
1.0,soft,teams,12272,0.0,8.148631029986962e-05,0.008148631029986962,0.9917698826597132,0.008230117340286832,0.9210753742139727,2.8869784876140807
1.0,soft,teamviewer-client,457,0.0,0.0,0.00437636761487965,0.9956236323851203,0.00437636761487965,0.9021665469620389,2.8993435448577682
1.0,soft,the-weather-channel,402,0.0,0.0,0.03980099502487562,0.9601990049751243,0.03980099502487562,0.9708790483843509,2.972636815920398
1.0,soft,thunderbird-telemetry,881,0.0,0.0,0.0056753688989784334,0.9943246311010215,0.0056753688989784334,0.9867102609200892,2.9977298524404086
1.0,soft,tiktok,10518,0.0,9.507510933637573e-05,0.1379539836470812,0.8619509412435824,0.13804905875641757,0.9378529709871332,2.9266970907016545
1.0,soft,tinder,879,0.0,0.0,0.011376564277588168,0.9886234357224118,0.011376564277588168,0.9788117702895401,2.9840728100113765
1.0,soft,twitch,3846,0.0,0.0005200208008320333,0.033021320852834116,0.9664586583463338,0.033541341653666144,0.9561360513339917,2.954238169526781
1.0,soft,twitter,5132,0.0,0.00019485580670303975,0.021044427123928292,0.9787607170693686,0.021239282930631334,0.9576809559292248,2.9491426344505065
1.0,soft,ulozto,422,0.0,0.002369668246445498,0.011848341232227487,0.985781990521327,0.014218009478672985,0.8753595483104712,2.7819905213270144
1.0,soft,unity-games,1323,0.0,0.0,0.02418745275888133,0.9758125472411187,0.02418745275888133,0.9700790812240934,2.9614512471655328
1.0,soft,unpkg,653,0.0,0.0,0.07656967840735068,0.9234303215926493,0.07656967840735068,0.852787433668475,2.8162327718223583
1.0,soft,uschovna,373,0.0,0.0,0.08579088471849866,0.9142091152815014,0.08579088471849866,0.9064455699307478,2.836461126005362
1.0,soft,uzis-api,652,0.0,0.0,0.0,1.0,0.0,0.6736590471166286,2.414110429447853
1.0,soft,uzis-ocko,426,0.0,0.007042253521126761,0.04929577464788732,0.9436619718309859,0.056338028169014086,0.8749339298882948,2.863849765258216
1.0,soft,uzis-plf,84,0.0,0.0,0.047619047619047616,0.9523809523809523,0.047619047619047616,0.8582561857418476,2.7976190476190474
1.0,soft,vimeo,264,0.0,0.003787878787878788,0.06060606060606061,0.9356060606060606,0.06439393939393939,0.9286738777689298,2.9166666666666665
1.0,soft,visualstudio-insights,848,0.0,0.0,0.00589622641509434,0.9941037735849056,0.00589622641509434,0.9614366766246704,2.9693396226415096
1.0,soft,vmware-vcsa,1607,0.0,0.0006222775357809583,0.011823273179838207,0.9875544492843809,0.012445550715619166,0.9975257559516423,2.999377722464219
1.0,soft,vsb-sso,732,0.0,0.012295081967213115,0.07923497267759563,0.9084699453551912,0.09153005464480875,0.9891876663685721,2.9863387978142075
1.0,soft,vscode-update,153,0.0,0.0,0.013071895424836602,0.9869281045751634,0.013071895424836602,0.9477027131178375,2.9869281045751634
1.0,soft,vse-insis,1379,0.0,0.014503263234227702,0.12980420594633793,0.8556925308194344,0.14430746918056564,0.7857484509067587,2.8107324147933284
1.0,soft,vzp-api,499,0.0,0.0,0.06813627254509018,0.9318637274549099,0.06813627254509018,0.9659484025010128,2.9599198396793587
1.0,soft,webex,635,0.0,0.0015748031496062992,0.007874015748031496,0.9905511811023622,0.009448818897637795,0.9632719332494036,2.9937007874015746
1.0,soft,whatsapp,1123,0.0,0.0,0.10418521816562779,0.8958147818343722,0.10418521816562779,0.9226735154731053,2.9180765805877114
1.0,soft,wikimedia-commons,2,0.0,0.0,0.0,1.0,0.0,0.9994204920815326,3.0
1.0,soft,xbox-live,1970,0.0,0.0,0.0015228426395939086,0.9984771573604061,0.0015228426395939086,0.9565763019978442,2.9578680203045686
1.0,soft,xiaomi-account,2272,0.0,0.0,0.003961267605633803,0.9960387323943662,0.003961267605633803,0.9580887347285062,2.9920774647887325
1.0,soft,xiaomi-tracking,14,0.0,0.0,0.07142857142857142,0.9285714285714286,0.07142857142857142,0.9710718353924592,3.0
1.0,soft,yahoo-mail,188,0.0,0.0,0.015957446808510637,0.9840425531914894,0.015957446808510637,0.8758166206150919,2.824468085106383
1.0,soft,youtube,8603,0.0,0.0002324770428920144,0.030222015575961873,0.9695455073811461,0.030454492618853888,0.9056601166033491,2.902359641985354
1.0,soft,zoom,1081,0.0,0.0,0.011100832562442183,0.9888991674375578,0.011100832562442183,0.9932277492182505,2.9935245143385756
1.0,soft,zotero,232,0.0,0.004310344827586207,0.09482758620689655,0.9008620689655172,0.09913793103448276,0.9974879928475017,3.0
1.0,hybrid,3dsecure,173,0.0,0.005780346820809248,0.04046242774566474,0.953757225433526,0.046242774566473986,0.49461111959626364,2.9248554913294798
1.0,hybrid,accuweather,2303,0.0,0.0,0.006947459834997829,0.9930525401650022,0.006947459834997829,0.5038374336671194,2.996526270082501
1.0,hybrid,adobe-ads,1325,0.0,0.0022641509433962265,0.06716981132075471,0.930566037735849,0.06943396226415094,0.5336210252328737,2.9471698113207547
1.0,hybrid,adobe-analytics,356,0.0,0.0,0.019662921348314606,0.9803370786516854,0.019662921348314606,0.5095987546733235,3.0
1.0,hybrid,adobe-authentication,1029,0.0,0.0,0.0009718172983479105,0.9990281827016521,0.0009718172983479105,0.5028922437573634,3.0
1.0,hybrid,adobe-cloud,831,0.0,0.0,0.07460890493381468,0.9253910950661853,0.07460890493381468,0.5462909491052572,2.996389891696751
1.0,hybrid,adobe-notifications,823,0.0,0.0,0.002430133657351154,0.9975698663426489,0.002430133657351154,0.5017692795325623,3.0
1.0,hybrid,adobe-search,16,0.0,0.0,0.0,1.0,0.0,0.5,3.0
1.0,hybrid,adobe-updater,579,0.0,0.0,0.0017271157167530224,0.998272884283247,0.0017271157167530224,0.501720520581846,2.9810017271157165
1.0,hybrid,airbank-ib,384,0.0,0.0,0.049479166666666664,0.9505208333333334,0.049479166666666664,0.5187327663784248,2.9505208333333335
1.0,hybrid,alza-bnr,889,0.0,0.003374578177727784,0.1046119235095613,0.8920134983127109,0.10798650168728909,0.532645413232172,2.9178852643419573
1.0,hybrid,alza-cdn,631,0.0,0.0,0.017432646592709985,0.9825673534072901,0.017432646592709985,0.5051408893492231,2.936608557844691
1.0,hybrid,alza-logapi,388,0.0,0.0,0.007731958762886598,0.9922680412371134,0.007731958762886598,0.4878237825517458,2.847938144329897
1.0,hybrid,alza-signalr,565,0.0,0.0,0.01415929203539823,0.9858407079646018,0.01415929203539823,0.5233503843332301,2.7380530973451327
1.0,hybrid,alza-webapi,483,0.0,0.002070393374741201,0.12008281573498965,0.8778467908902692,0.12215320910973085,0.555935597770774,2.9420289855072466
1.0,hybrid,amazon-advertising,2228,0.0,0.0008976660682226212,0.06687612208258528,0.9322262118491921,0.0677737881508079,0.5427424528939505,2.975314183123878
1.0,hybrid,amazon-alexa,148,0.0,0.0,0.02702702702702703,0.972972972972973,0.02702702702702703,0.5091578065553607,2.9864864864864864
1.0,hybrid,amazon-prime,469,0.0,0.0,0.0042643923240938165,0.9957356076759062,0.0042643923240938165,0.501871448402467,2.9424307036247335
1.0,hybrid,apple-authentication,1,0.0,0.0,0.0,1.0,0.0,0.5,3.0
1.0,hybrid,apple-icloud,594,0.0,0.0,0.0,1.0,0.0,0.49917016636879646,2.974747474747475
1.0,hybrid,apple-itunes,8877,0.0,0.00022530134054297624,0.0003379520108144643,0.9994367466486426,0.0005632533513574405,0.5002550056673055,2.984341556832263
1.0,hybrid,apple-location,2928,0.0,0.0,0.0030737704918032786,0.9969262295081968,0.0030737704918032786,0.49921118178027685,2.950478142076503
1.0,hybrid,apple-ocsp,467,0.0,0.0,0.0021413276231263384,0.9978586723768736,0.0021413276231263384,0.5007635625898473,2.982869379014989
1.0,hybrid,apple-pancake,729,0.0,0.0,0.0013717421124828531,0.9986282578875172,0.0013717421124828531,0.5006852474724449,2.880658436213992
1.0,hybrid,apple-siri,5,0.0,0.0,0.0,1.0,0.0,0.5,3.0
1.0,hybrid,apple-updates,2586,0.0,0.0019334880123743233,0.01237432327919567,0.98569218870843,0.014307811291569992,0.5122312852678272,2.9953596287703017
1.0,hybrid,apple-weather,1660,0.0,0.0,0.006024096385542169,0.9939759036144579,0.006024096385542169,0.5042189500619983,2.991566265060241
1.0,hybrid,appnexus,14551,0.0,0.0010308569857741736,0.027283348223489795,0.971685794790736,0.02831420520926397,0.507520730718249,2.9173252697409113
1.0,hybrid,aukro-backend,383,0.0,0.0,0.005221932114882507,0.9947780678851175,0.005221932114882507,0.6548366601217589,2.93733681462141
1.0,hybrid,autodesk,5425,0.0,0.0,0.0018433179723502304,0.9981566820276497,0.0018433179723502304,0.5026249997918577,2.9931797235023043
1.0,hybrid,avast,5624,0.0,0.0,0.012268847795163585,0.9877311522048364,0.012268847795163585,0.5350912160322535,2.829302987197724
1.0,hybrid,bing,5936,0.0,0.0008423180592991914,0.006738544474393531,0.9924191374663073,0.007580862533692723,0.4999303910435576,2.8957210242587603
1.0,hybrid,bitdefender-gravityzone,3923,0.0,0.0,0.2113178689778231,0.7886821310221769,0.2113178689778231,0.6770612112581536,2.99949018608208
1.0,hybrid,bitdefender-nimbus,961,0.0,0.0,0.026014568158168574,0.9739854318418314,0.026014568158168574,0.508622348341755,2.9302809573361084
1.0,hybrid,booking-com,610,0.0,0.0,0.022950819672131147,0.9770491803278688,0.022950819672131147,0.5125282087363393,2.959016393442623
1.0,hybrid,cesnet-filesender,331,0.0,0.0,0.03625377643504532,0.9637462235649547,0.03625377643504532,0.519722840351413,2.211480362537764
1.0,hybrid,cesnet-gerrit,263,0.0,0.0,0.0038022813688212928,0.9961977186311787,0.0038022813688212928,0.5010209216306649,2.9923954372623576
1.0,hybrid,cesnet-kalendar,361,0.0,0.002770083102493075,0.002770083102493075,0.9944598337950139,0.00554016620498615,0.5401488611901472,3.0
1.0,hybrid,cesnet-login,153,0.0,0.0,0.0196078431372549,0.9803921568627451,0.0196078431372549,0.44579386295656254,2.8366013071895426
1.0,hybrid,cesnet-nerd,371,0.0,0.0,0.0,1.0,0.0,0.5,3.0
1.0,hybrid,cesnet-perun,53,0.0,0.0,0.0,1.0,0.0,0.5282447026790421,2.981132075471698
1.0,hybrid,chmi,2622,0.0,0.0,0.08123569794050343,0.9187643020594966,0.08123569794050343,0.5362905318554394,2.719679633867277
1.0,hybrid,chrome-remotedesktop,563,0.0,0.0,0.18650088809946713,0.8134991119005328,0.18650088809946713,0.5118581686571009,2.609236234458259
1.0,hybrid,csas-ib,1,0.0,0.0,0.0,1.0,0.0,0.5,3.0
1.0,hybrid,csas-webchat,481,0.0,0.0,0.0,1.0,0.0,0.5020798142181379,2.991683991683992
1.0,hybrid,ctu-felmail,445,0.0,0.0022471910112359553,0.060674157303370786,0.9370786516853933,0.06292134831460675,0.5811443212397914,2.995505617977528
1.0,hybrid,ctu-idp2,507,0.0,0.0,0.09467455621301775,0.9053254437869822,0.09467455621301775,0.5490334559388488,2.9861932938856017
1.0,hybrid,ctu-kos,320,0.0,0.0,0.0625,0.9375,0.0625,0.5277048738316392,2.965625
1.0,hybrid,ctu-kosapi,31,0.0,0.0,0.03225806451612903,0.967741935483871,0.03225806451612903,0.49123568268523604,2.967741935483871
1.0,hybrid,ctu-matrix,413,0.0,0.0,0.0,1.0,0.0,0.5,2.9661016949152543
1.0,hybrid,datova-schranka,618,0.0,0.0,0.006472491909385114,0.9935275080906149,0.006472491909385114,0.5010612770932874,2.27831715210356
1.0,hybrid,discord,2692,0.0,0.0003714710252600297,0.03937592867756315,0.9602526002971769,0.03974739970282318,0.5253210973042508,2.9093610698365526
1.0,hybrid,dns-doh,1657,0.0,0.0,0.1375980687990344,0.8624019312009656,0.1375980687990344,0.6080960379303506,2.9450814725407364
1.0,hybrid,docker-auth,1249,0.0,0.0,0.0008006405124099279,0.9991993594875901,0.0008006405124099279,0.5003985423381788,3.0
1.0,hybrid,docker-registry,1655,0.0,0.0,0.0006042296072507553,0.9993957703927493,0.0006042296072507553,0.5003018129681536,3.0
1.0,hybrid,dopravniinfo-api,1391,0.0,0.002156721782890007,0.01509705248023005,0.98274622573688,0.017253774263120056,0.504346874367266,2.9511143062544933
1.0,hybrid,dropbox,6786,0.0,0.005747126436781609,0.12791040377247273,0.8663424697907457,0.13365753020925436,0.5789013858778043,2.9406130268199235
1.0,hybrid,duckduckgo,677,0.0,0.0,0.008862629246676515,0.9911373707533235,0.008862629246676515,0.5007871441644625,2.9881831610044314
1.0,hybrid,ea-games,2201,0.0,0.0,0.3112221717401181,0.6887778282598819,0.3112221717401181,0.6609926894200577,2.99273057701045
1.0,hybrid,edge-ntp,1194,0.0,0.0,0.0008375209380234506,0.9991624790619765,0.0008375209380234506,0.5004186328327952,2.9857621440536013
1.0,hybrid,eidentita,34,0.0,0.0,0.0,1.0,0.0,0.5,2.8529411764705883
1.0,hybrid,ekasa,493,0.0,0.0,0.0,1.0,0.0,0.49885855255354256,2.3265720081135903
1.0,hybrid,eset-edf,5035,0.0,0.0,0.009136047666335651,0.9908639523336643,0.009136047666335651,0.508217184789788,3.0
1.0,hybrid,eset-edtd,1900,0.0,0.0,0.0010526315789473684,0.9989473684210526,0.0010526315789473684,0.49948595093575104,2.993684210526316
1.0,hybrid,eset-epns,712,0.0,0.0,0.004213483146067416,0.9957865168539326,0.004213483146067416,0.5601632041303374,3.0
1.0,hybrid,eset-esa,830,0.0,0.0,0.0024096385542168677,0.9975903614457832,0.0024096385542168677,0.7449800896247196,3.0
1.0,hybrid,eset-ts,2018,0.0,0.0,0.0014866204162537165,0.9985133795837463,0.0014866204162537165,0.5056898423964522,2.7329038652130824
1.0,hybrid,facebook-graph,8059,0.0,0.000744509244323117,0.060677503412334036,0.9385779873433429,0.06142201265665715,0.4807174266664043,2.815113537659759
1.0,hybrid,facebook-media,4860,0.0,0.0006172839506172839,0.046296296296296294,0.9530864197530864,0.04691358024691358,0.5006976026075401,2.8228395061728393
1.0,hybrid,facebook-messenger,3465,0.0,0.005194805194805195,0.046753246753246755,0.948051948051948,0.05194805194805195,0.6134541946374871,2.9708513708513706
1.0,hybrid,facebook-web,2740,0.0,0.00145985401459854,0.023722627737226276,0.9748175182481752,0.025182481751824817,0.5186159835153892,2.8124087591240876
1.0,hybrid,fio-ib,585,0.0,0.0,0.08376068376068375,0.9162393162393162,0.08376068376068375,0.5503355536244677,2.6717948717948716
1.0,hybrid,firefox-accounts,920,0.0,0.0,0.002173913043478261,0.9978260869565218,0.002173913043478261,0.5010867452854414,3.0
1.0,hybrid,firefox-settings,1150,0.0,0.0,0.0,1.0,0.0,0.5,2.9521739130434783
1.0,hybrid,font-awesome,756,0.0,0.0013227513227513227,0.07539682539682539,0.9232804232804233,0.07671957671957672,0.5872815068241403,2.8055555555555554
1.0,hybrid,gfe-events,592,0.0,0.0,0.0,1.0,0.0,0.5,3.0
1.0,hybrid,gfe-services,1424,0.0,0.0,0.006320224719101123,0.9936797752808989,0.006320224719101123,0.5031584464327192,2.9978932584269664
1.0,hybrid,github,722,0.0,0.0,0.015235457063711912,0.9847645429362881,0.015235457063711912,0.5295290512436952,2.919667590027701
1.0,hybrid,gitlab,356,0.0,0.0,0.09269662921348315,0.9073033707865169,0.09269662921348315,0.5860633125927932,2.9887640449438204
1.0,hybrid,gmail,289,0.0,0.0,0.02768166089965398,0.972318339100346,0.02768166089965398,0.5023732172554297,2.820069204152249
1.0,hybrid,google-ads,13690,0.0,7.304601899196493e-05,0.02410518626734843,0.9758217677136596,0.024178232286340393,0.5093888093393442,2.900584368151936
1.0,hybrid,google-authentication,2449,0.0,0.0,0.015924867292772562,0.9840751327072275,0.015924867292772562,0.5105329369223214,2.9158840342997143
1.0,hybrid,google-connectivity,3043,0.0,0.0,0.03746302990469931,0.9625369700953007,0.03746302990469931,0.5086993920133015,2.9717384160368057
1.0,hybrid,google-drive,1163,0.0,0.0,0.018916595012897677,0.9810834049871023,0.018916595012897677,0.5045051933794535,2.6818572656921753
1.0,hybrid,google-fonts,3347,0.0,0.0011951000896325067,0.10218105766357932,0.8966238422467881,0.10337615775321184,0.521202259891932,2.680908276068121
1.0,hybrid,google-hangouts,1968,0.0,0.0,0.042682926829268296,0.9573170731707317,0.042682926829268296,0.42158880859040865,2.7322154471544717
1.0,hybrid,google-play,7587,0.0,0.00013180440226703572,0.016211941478845394,0.9836562541188876,0.01634374588111243,0.5213136542051948,2.904178199551865
1.0,hybrid,google-safebrowsing,3824,0.0,0.0002615062761506276,0.02615062761506276,0.9735878661087866,0.02641213389121339,0.5074818438282548,2.837866108786611
1.0,hybrid,google-services,2099,0.0,0.0,0.029537875178656504,0.9704621248213435,0.029537875178656504,0.5091885547196766,2.8527870414483085
1.0,hybrid,google-translate,1081,0.0,0.0,0.009250693802035153,0.9907493061979649,0.009250693802035153,0.5017580608778227,2.9074930619796486
1.0,hybrid,google-userlocation,800,0.0,0.00375,0.1125,0.88375,0.11625,0.6488445945000211,2.92625
1.0,hybrid,google-www,12638,0.0,0.0003165057762304162,0.05799968349422377,0.9416838107295458,0.058316189270454184,0.5141128025981666,2.861133090678905
1.0,hybrid,grammarly,4297,0.0,0.0006981615080288574,0.012799627647195718,0.9865022108447754,0.013497789155224576,0.5141258746937324,2.999767279497324
1.0,hybrid,hicloud-connectivity,331,0.0,0.0,0.02416918429003021,0.9758308157099698,0.02416918429003021,0.48426371020018216,2.915407854984894
1.0,hybrid,hicloud-logservice,274,0.0,0.0,0.029197080291970802,0.9708029197080292,0.029197080291970802,0.516935523484408,2.9927007299270074
1.0,hybrid,instagram,6652,0.0,0.00661455201443175,0.1315393866506314,0.8618460613349369,0.13815393866506315,0.49689606201293607,2.80832832230908
1.0,hybrid,justice-isir,4,0.0,0.0,0.25,0.75,0.25,0.6249784308310306,3.0
1.0,hybrid,kaspersky,4024,0.0,0.00024850894632206757,0.12599403578528828,0.8737574552683897,0.12624254473161034,0.5549440233739044,2.9540258449304173
1.0,hybrid,katastr-nahlizeni,84,0.0,0.0,0.011904761904761904,0.9880952380952381,0.011904761904761904,0.5000064561076156,2.9285714285714284
1.0,hybrid,kb-ib,207,0.0,0.0,0.0,1.0,0.0,0.5,2.9855072463768115
1.0,hybrid,king-games,2885,0.0,0.0,0.3466204506065858,0.6533795493934142,0.3466204506065858,0.6257612192949942,2.8689774696707104
1.0,hybrid,ksrzis,2,0.0,0.0,0.0,1.0,0.0,0.5,3.0
1.0,hybrid,loggly,1068,0.0,0.0,0.17696629213483145,0.8230337078651685,0.17696629213483145,0.6006300543804521,2.993445692883895
1.0,hybrid,malwarebytes-telemetry,1997,0.0,0.0,0.00100150225338007,0.99899849774662,0.00100150225338007,0.9585424158517347,3.0
1.0,hybrid,mapscz,8043,0.0,0.0026109660574412533,0.10182767624020887,0.8955613577023499,0.10443864229765012,0.6004577078551812,2.9019022752704213
1.0,hybrid,mcafee-ccs,1093,0.0,0.0,0.0009149130832570906,0.9990850869167429,0.0009149130832570906,0.5004505254708993,3.0
1.0,hybrid,mcafee-gti,2075,0.0,0.0014457831325301205,0.18265060240963854,0.8159036144578313,0.18409638554216867,0.6018228000813269,2.9691566265060243
1.0,hybrid,mcafee-realprotect,348,0.0,0.0,0.005747126436781609,0.9942528735632183,0.005747126436781609,0.5028703338824783,2.9971264367816093
1.0,hybrid,microsoft-authentication,12900,0.0,0.0,0.0013953488372093023,0.9986046511627907,0.0013953488372093023,0.5006093186024051,2.9410077519379847
1.0,hybrid,microsoft-defender,7970,0.0,0.0,0.0011292346298619825,0.998870765370138,0.0011292346298619825,0.5008070537880275,2.9361355081555836
1.0,hybrid,microsoft-diagnostic,17568,0.0,0.0,0.000569216757741348,0.9994307832422586,0.000569216757741348,0.500572166467311,2.762295081967213
1.0,hybrid,microsoft-notes,310,0.0,0.0,0.0,1.0,0.0,0.5,2.009677419354839
1.0,hybrid,microsoft-onedrive,4866,0.0,0.0,0.0030826140567200987,0.9969173859432799,0.0030826140567200987,0.50013573668064,2.960748047677764
1.0,hybrid,microsoft-push,4752,0.0,0.0,0.004208754208754209,0.9957912457912458,0.004208754208754209,0.5029316264137198,2.764520202020202
1.0,hybrid,microsoft-settings,16055,0.0,0.0,0.0017440049828713797,0.9982559950171286,0.0017440049828713797,0.5061229792921043,2.9570227343506694
1.0,hybrid,microsoft-update,17297,0.0,0.0,0.03520841764467827,0.9647915823553217,0.03520841764467827,0.7781787840323744,2.9905185870382147
1.0,hybrid,microsoft-weather,639,0.0,0.0,0.0,1.0,0.0,0.5,2.8779342723004695
1.0,hybrid,mlp-search,500,0.0,0.0,0.026,0.974,0.026,0.5131653547622925,2.976
1.0,hybrid,moneta-ib,39,0.0,0.0,0.0,1.0,0.0,0.5,2.9743589743589745
1.0,hybrid,moodle,1363,0.0,0.003668378576669112,0.10051357300073367,0.8958180484225972,0.10418195157740279,0.5345788501902292,2.8818782098312545
1.0,hybrid,mozilla-location,1108,0.0,0.0,0.009025270758122744,0.9909747292418772,0.009025270758122744,0.5089559565501754,3.0
1.0,hybrid,mozilla-push,803,0.0,0.019925280199252802,0.0460772104607721,0.933997509339975,0.0660024906600249,0.5870037596494205,3.0
1.0,hybrid,mozilla-telemetry,1316,0.0,0.0,0.0972644376899696,0.9027355623100304,0.0972644376899696,0.5624993074568544,2.939209726443769
1.0,hybrid,mozilla-token,542,0.0,0.0,0.0018450184501845018,0.9981549815498155,0.0018450184501845018,0.5027626441968255,3.0
1.0,hybrid,ndk,1928,0.0,0.0005186721991701245,0.0487551867219917,0.9507261410788381,0.049273858921161824,0.5140732297554667,2.8226141078838176
1.0,hybrid,netflix,331,0.0,0.0030211480362537764,0.012084592145015106,0.9848942598187311,0.015105740181268883,0.5059524273896219,2.9274924471299095
1.0,hybrid,npm-registry,533,0.0,0.0,0.009380863039399626,0.9906191369606003,0.009380863039399626,0.6733714096821564,2.9662288930581613
1.0,hybrid,o2tv,7774,0.0,0.0016722408026755853,0.06418832004116284,0.9341394391561616,0.06586056084383844,0.5636491784088447,2.899794185747363
1.0,hybrid,obalkyknih,806,0.0,0.00620347394540943,0.03225806451612903,0.9615384615384616,0.038461538461538464,0.5249342627053535,2.9516129032258065
1.0,hybrid,office-365,16990,0.0,0.0002942907592701589,0.010829899941141849,0.988875809299588,0.011124190700412007,0.5068059350899904,2.901353737492643
1.0,hybrid,opera-autoupdate,298,0.0,0.0,0.003355704697986577,0.9966442953020134,0.003355704697986577,0.5289631218691525,2.88255033557047
1.0,hybrid,opera-notifications,195,0.0,0.0,0.06153846153846154,0.9384615384615385,0.06153846153846154,0.6776133386535063,2.98974358974359
1.0,hybrid,opera-oauth2,50,0.0,0.0,0.0,1.0,0.0,0.529940416298713,3.0
1.0,hybrid,opera-sitecheck,252,0.0,0.0,0.0,1.0,0.0,0.544938077300696,2.992063492063492
1.0,hybrid,opera-speeddial,229,0.0,0.0,0.0,1.0,0.0,0.5304177519549438,2.978165938864629
1.0,hybrid,opera-weather,247,0.0,0.0,0.0,1.0,0.0,0.5181942193618194,3.0
1.0,hybrid,outlook,14057,0.0,0.0,0.007185032368215124,0.9928149676317849,0.007185032368215124,0.48704002138104674,2.809134239169097
1.0,hybrid,owncloud,595,0.0,0.0,0.16134453781512606,0.838655462184874,0.16134453781512606,0.5760565190248921,2.981512605042017
1.0,hybrid,pubmatic,6386,0.0,0.0006263701847792045,0.03053554650798622,0.9688380833072345,0.031161916692765423,0.5101826664929443,2.8935170685875353
1.0,hybrid,r2d2,999,0.0,0.003003003003003003,0.026026026026026026,0.970970970970971,0.02902902902902903,0.5140214457461798,2.8728728728728727
1.0,hybrid,rb-ib,542,0.0,0.0,0.00922509225092251,0.9907749077490775,0.00922509225092251,0.5222645273850944,2.9981549815498156
1.0,hybrid,redmine,14,0.0,0.0,0.0,1.0,0.0,0.5,3.0
1.0,hybrid,riot-games,1451,0.0,0.0,0.0013783597518952446,0.9986216402481047,0.0013783597518952446,0.500677407998817,2.900068917987595
1.0,hybrid,rozhlas-api,1049,0.0,0.0,0.012392755004766444,0.9876072449952336,0.012392755004766444,0.5044374414564382,2.990467111534795
1.0,hybrid,rubiconproject,8156,0.0,0.0008582638548307994,0.02636096125551741,0.9727807748896518,0.02721922511034821,0.5233476276374599,2.962113781265326
1.0,hybrid,salesforce,1133,0.0,0.01588702559576346,0.4077669902912621,0.5763459841129744,0.4236540158870256,0.6837800706602204,2.99117387466902
1.0,hybrid,seznam-authentication,7215,0.0,0.0001386001386001386,0.0012474012474012475,0.9986139986139986,0.001386001386001386,0.5008899404147322,2.986832986832987
1.0,hybrid,seznam-email,4734,0.0,0.0,0.0038022813688212928,0.9961977186311787,0.0038022813688212928,0.5020255804989903,2.983945923109421
1.0,hybrid,seznam-media,16022,0.0,0.0006241418050181001,0.0071152165772063415,0.9922606416177756,0.007739358382224441,0.49817802531079,2.8779178629384594
1.0,hybrid,seznam-notifications,2344,0.0,0.0,0.0008532423208191126,0.9991467576791809,0.0008532423208191126,0.5015815567373301,2.863481228668942
1.0,hybrid,seznam-search,811,0.0,0.0,0.014796547472256474,0.9852034525277436,0.014796547472256474,0.5043868682171275,2.934648581997534
1.0,hybrid,seznam-ssp,5949,0.0,0.00016809547823163558,0.023701462430660614,0.9761304420911078,0.02386955790889225,0.5132511645354408,2.9578080349638594
1.0,hybrid,signageos,189,0.0,0.0,0.0,1.0,0.0,0.5026454713117461,2.142857142857143
1.0,hybrid,skype,9414,0.0,0.0,0.004567665179519864,0.9954323348204801,0.004567665179519864,0.5009725074780998,2.9532611004886338
1.0,hybrid,slack,428,0.0,0.0,0.004672897196261682,0.9953271028037384,0.004672897196261682,0.4907307757620923,2.880841121495327
1.0,hybrid,snapchat,7927,0.0,0.0003784533871578151,0.03645767629620285,0.9631638703166393,0.03683612968336067,0.5347875428356414,2.967200706446323
1.0,hybrid,soundcloud,501,0.0,0.0,0.001996007984031936,0.998003992015968,0.001996007984031936,0.5009976441513818,2.902195608782435
1.0,hybrid,spotify,7468,0.0,0.0008034279592929834,0.027986073915372254,0.9712104981253348,0.028789501874665238,0.5002899909555701,2.8385109801821105
1.0,hybrid,steam,1452,0.0,0.0006887052341597796,0.040633608815427,0.9586776859504132,0.04132231404958678,0.5306405264772407,2.902203856749311
1.0,hybrid,sukl-api,1267,0.0,0.0,0.022099447513812154,0.9779005524861878,0.022099447513812154,0.46973420567235036,2.7687450670876084
1.0,hybrid,sukl-auth,541,0.0,0.0,0.0,1.0,0.0,0.5,2.9944547134935307
1.0,hybrid,sukl-erecept,865,0.0,0.0,0.0011560693641618498,0.9988439306358381,0.0011560693641618498,0.4999629645897479,2.699421965317919
1.0,hybrid,sumava-camdata,15,0.0,0.0,0.0,1.0,0.0,0.426983535203495,2.8666666666666667
1.0,hybrid,super-media,962,0.0,0.0,0.013513513513513514,0.9864864864864865,0.013513513513513514,0.5088293895674036,2.9074844074844073
1.0,hybrid,teams,12272,0.0,8.148631029986962e-05,0.008148631029986962,0.9917698826597132,0.008230117340286832,0.5032822022678995,2.8869784876140807
1.0,hybrid,teamviewer-client,457,0.0,0.0,0.00437636761487965,0.9956236323851203,0.00437636761487965,0.5070636879046666,2.8993435448577682
1.0,hybrid,the-weather-channel,402,0.0,0.0,0.03731343283582089,0.9626865671641791,0.03731343283582089,0.5204192338451001,2.972636815920398
1.0,hybrid,thunderbird-telemetry,881,0.0,0.0,0.0056753688989784334,0.9943246311010215,0.0056753688989784334,0.5019584896616479,2.9977298524404086
1.0,hybrid,tiktok,10518,0.0,9.507510933637573e-05,0.1370983076630538,0.8628066172276098,0.13719338277239018,0.5711574291368162,2.9266970907016545
1.0,hybrid,tinder,879,0.0,0.0,0.011376564277588168,0.9886234357224118,0.011376564277588168,0.5053403142813843,2.9840728100113765
1.0,hybrid,twitch,3846,0.0,0.0005200208008320333,0.03250130005200208,0.9669786791471658,0.033021320852834116,0.5186368162584571,2.954238169526781
1.0,hybrid,twitter,5132,0.0,0.00019485580670303975,0.021044427123928292,0.9787607170693686,0.021239282930631334,0.5102013199867796,2.9491426344505065
1.0,hybrid,ulozto,422,0.0,0.002369668246445498,0.011848341232227487,0.985781990521327,0.014218009478672985,0.5050012379922156,2.7819905213270144
1.0,hybrid,unity-games,1323,0.0,0.0,0.02418745275888133,0.9758125472411187,0.02418745275888133,0.5222142764785025,2.9614512471655328
1.0,hybrid,unpkg,653,0.0,0.0,0.07503828483920368,0.9249617151607963,0.07503828483920368,0.564958332173351,2.8162327718223583
1.0,hybrid,uschovna,373,0.0,0.0,0.08579088471849866,0.9142091152815014,0.08579088471849866,0.550901934752665,2.836461126005362
1.0,hybrid,uzis-api,652,0.0,0.0,0.0,1.0,0.0,0.5,2.414110429447853
1.0,hybrid,uzis-ocko,426,0.0,0.007042253521126761,0.04929577464788732,0.9436619718309859,0.056338028169014086,0.5036558233177147,2.863849765258216
1.0,hybrid,uzis-plf,84,0.0,0.0,0.047619047619047616,0.9523809523809523,0.047619047619047616,0.4910573917408635,2.7976190476190474
1.0,hybrid,vimeo,264,0.0,0.003787878787878788,0.06060606060606061,0.9356060606060606,0.06439393939393939,0.5233317707488735,2.9166666666666665
1.0,hybrid,visualstudio-insights,848,0.0,0.0,0.00589622641509434,0.9941037735849056,0.00589622641509434,0.5033812703774366,2.9693396226415096
1.0,hybrid,vmware-vcsa,1607,0.0,0.0006222775357809583,0.011823273179838207,0.9875544492843809,0.012445550715619166,0.5056559736282006,2.999377722464219
1.0,hybrid,vsb-sso,732,0.0,0.012295081967213115,0.07923497267759563,0.9084699453551912,0.09153005464480875,0.5478325658222436,2.9863387978142075
1.0,hybrid,vscode-update,153,0.0,0.0,0.013071895424836602,0.9869281045751634,0.013071895424836602,0.5012783367762805,2.9869281045751634
1.0,hybrid,vse-insis,1379,0.0,0.014503263234227702,0.12980420594633793,0.8556925308194344,0.14430746918056564,0.5106815767352719,2.8107324147933284
1.0,hybrid,vzp-api,499,0.0,0.0,0.06813627254509018,0.9318637274549099,0.06813627254509018,0.5350650936966952,2.9599198396793587
1.0,hybrid,webex,635,0.0,0.0015748031496062992,0.007874015748031496,0.9905511811023622,0.009448818897637795,0.5054771800545288,2.9937007874015746
1.0,hybrid,whatsapp,1123,0.0,0.0,0.10418521816562779,0.8958147818343722,0.10418521816562779,0.5827250223030945,2.9180765805877114
1.0,hybrid,wikimedia-commons,2,0.0,0.0,0.0,1.0,0.0,0.5,3.0
1.0,hybrid,xbox-live,1970,0.0,0.0,0.0015228426395939086,0.9984771573604061,0.0015228426395939086,0.5010110335483017,2.9578680203045686
1.0,hybrid,xiaomi-account,2272,0.0,0.0,0.003961267605633803,0.9960387323943662,0.003961267605633803,0.5028147774907221,2.9920774647887325
1.0,hybrid,xiaomi-tracking,14,0.0,0.0,0.07142857142857142,0.9285714285714286,0.07142857142857142,0.6961845030535206,3.0
1.0,hybrid,yahoo-mail,188,0.0,0.0,0.015957446808510637,0.9840425531914894,0.015957446808510637,0.5067554378314563,2.824468085106383
1.0,hybrid,youtube,8603,0.0,0.0002324770428920144,0.02998953853306986,0.9697779844240382,0.030222015575961873,0.5143412280895364,2.902359641985354
1.0,hybrid,zoom,1081,0.0,0.0,0.011100832562442183,0.9888991674375578,0.011100832562442183,0.5072429398031983,2.9935245143385756
1.0,hybrid,zotero,232,0.0,0.004310344827586207,0.09482758620689655,0.9008620689655172,0.09913793103448276,0.5602645018625875,3.0
1.0,stats_gate_only,3dsecure,173,0.0,0.03468208092485549,0.8959537572254336,0.06936416184971098,0.930635838150289,0.9310782425500543,2.9248554913294798
1.0,stats_gate_only,accuweather,2303,0.0,0.01606600086843248,0.9839339991315675,0.0,1.0,0.9999421867237588,2.996526270082501
1.0,stats_gate_only,adobe-ads,1325,0.0,0.11169811320754718,0.8566037735849057,0.03169811320754717,0.9683018867924529,0.9899602250702654,2.9471698113207547
1.0,stats_gate_only,adobe-analytics,356,0.0,0.014044943820224719,0.9859550561797753,0.0,1.0,0.999946238795473,3.0
1.0,stats_gate_only,adobe-authentication,1029,0.0,0.02040816326530612,0.9795918367346939,0.0,1.0,0.99999356958747,3.0
1.0,stats_gate_only,adobe-cloud,831,0.0,0.08182912154031288,0.9181708784596871,0.0,1.0,0.9997534004844288,2.996389891696751
1.0,stats_gate_only,adobe-notifications,823,0.0,0.007290400972053463,0.9927095990279465,0.0,1.0,0.9999904151797875,3.0
1.0,stats_gate_only,adobe-search,16,0.0,0.0,1.0,0.0,1.0,0.9999940512875033,3.0
1.0,stats_gate_only,adobe-updater,579,0.0,0.013816925734024179,0.9861830742659758,0.0,1.0,0.9998443745230298,2.9810017271157165
1.0,stats_gate_only,airbank-ib,384,0.0,0.15625,0.8255208333333334,0.018229166666666668,0.9817708333333334,0.987068793485058,2.9505208333333335
1.0,stats_gate_only,alza-bnr,889,0.0,0.12148481439820022,0.8503937007874016,0.0281214848143982,0.9718785151856018,0.9841596754459758,2.9178852643419573
1.0,stats_gate_only,alza-cdn,631,0.0,0.10142630744849446,0.8938193343898574,0.004754358161648178,0.9952456418383518,0.9983461288321591,2.936608557844691
1.0,stats_gate_only,alza-logapi,388,0.0,0.13659793814432988,0.8247422680412371,0.03865979381443299,0.961340206185567,0.9776984169914377,2.847938144329897
1.0,stats_gate_only,alza-signalr,565,0.0,0.13805309734513274,0.8477876106194691,0.01415929203539823,0.9858407079646018,0.9931593120969633,2.7380530973451327
1.0,stats_gate_only,alza-webapi,483,0.0,0.10766045548654245,0.8778467908902692,0.014492753623188406,0.9855072463768116,0.991561591600433,2.9420289855072466
1.0,stats_gate_only,amazon-advertising,2228,0.0,0.10682226211849193,0.8810592459605027,0.012118491921005385,0.9878815080789947,0.9880912895871261,2.975314183123878
1.0,stats_gate_only,amazon-alexa,148,0.0,0.0472972972972973,0.9527027027027027,0.0,1.0,0.9995994410023226,2.9864864864864864
1.0,stats_gate_only,amazon-prime,469,0.0,0.017057569296375266,0.9808102345415778,0.0021321961620469083,0.997867803837953,0.9995246448359434,2.9424307036247335
1.0,stats_gate_only,apple-authentication,1,0.0,1.0,0.0,0.0,1.0,0.9996237831199315,3.0
1.0,stats_gate_only,apple-icloud,594,0.0,0.010101010101010102,0.9882154882154882,0.0016835016835016834,0.9983164983164983,0.9995154783325971,2.974747474747475
1.0,stats_gate_only,apple-itunes,8877,0.0,0.0027036160865157146,0.9963951785513124,0.000901205362171905,0.9990987946378281,0.9990703199746177,2.984341556832263
1.0,stats_gate_only,apple-location,2928,0.0,0.007513661202185792,0.9877049180327869,0.0047814207650273225,0.9952185792349727,0.9983135160656207,2.950478142076503
1.0,stats_gate_only,apple-ocsp,467,0.0,0.019271948608137045,0.9785867237687366,0.0021413276231263384,0.9978586723768736,0.9974230174426563,2.982869379014989
1.0,stats_gate_only,apple-pancake,729,0.0,0.0,1.0,0.0,1.0,0.9999804128070475,2.880658436213992
1.0,stats_gate_only,apple-siri,5,0.0,0.2,0.8,0.0,1.0,0.9999940608752063,3.0
1.0,stats_gate_only,apple-updates,2586,0.0,0.013921113689095127,0.9853054911059551,0.0007733952049497294,0.9992266047950503,0.9995712194433705,2.9953596287703017
1.0,stats_gate_only,apple-weather,1660,0.0,0.016265060240963854,0.983132530120482,0.0006024096385542169,0.9993975903614458,0.9995705460549865,2.991566265060241
1.0,stats_gate_only,appnexus,14551,0.0,0.07435915057384372,0.884818912789499,0.04082193663665727,0.9591780633633428,0.9664155205606804,2.9173252697409113
1.0,stats_gate_only,aukro-backend,383,0.0,0.5509138381201044,0.4412532637075718,0.007832898172323759,0.9921671018276762,0.9963723812293933,2.93733681462141
1.0,stats_gate_only,autodesk,5425,0.0,0.04110599078341014,0.9588940092165898,0.0,1.0,0.9999681278197132,2.9931797235023043
1.0,stats_gate_only,avast,5624,0.0,0.1934566145092461,0.7988975817923186,0.007645803698435277,0.9923541963015647,0.9963104453392876,2.829302987197724
1.0,stats_gate_only,bing,5936,0.0,0.02021563342318059,0.9693396226415094,0.010444743935309973,0.9895552560646901,0.9969731904699313,2.8957210242587603
1.0,stats_gate_only,bitdefender-gravityzone,3923,0.0,0.40555697170532756,0.5939332143767525,0.0005098139179199592,0.9994901860820801,0.9991922706177216,2.99949018608208
1.0,stats_gate_only,bitdefender-nimbus,961,0.0,0.07908428720083246,0.8772112382934444,0.043704474505723206,0.9562955254942768,0.989052794800849,2.9302809573361084
1.0,stats_gate_only,booking-com,610,0.0,0.11967213114754098,0.8590163934426229,0.021311475409836064,0.978688524590164,0.9853554946689281,2.959016393442623
1.0,stats_gate_only,cesnet-filesender,331,0.0,0.1268882175226586,0.7915407854984894,0.08157099697885196,0.918429003021148,0.9833602026467156,2.211480362537764
1.0,stats_gate_only,cesnet-gerrit,263,0.0,0.019011406844106463,0.9809885931558935,0.0,1.0,0.99975879621346,2.9923954372623576
1.0,stats_gate_only,cesnet-kalendar,361,0.0,0.008310249307479225,0.9916897506925207,0.0,1.0,0.9999935546265983,3.0
1.0,stats_gate_only,cesnet-login,153,0.0,0.08496732026143791,0.8431372549019608,0.0718954248366013,0.9281045751633987,0.9735425524286011,2.8366013071895426
1.0,stats_gate_only,cesnet-nerd,371,0.0,0.0,1.0,0.0,1.0,0.9999938724569783,3.0
1.0,stats_gate_only,cesnet-perun,53,0.0,0.018867924528301886,0.9811320754716981,0.0,1.0,0.9999934059056764,2.981132075471698
1.0,stats_gate_only,chmi,2622,0.0,0.10068649885583524,0.8436308161708619,0.05568268497330282,0.9443173150266971,0.9781540285144522,2.719679633867277
1.0,stats_gate_only,chrome-remotedesktop,563,0.0,0.11190053285968028,0.8614564831261101,0.02664298401420959,0.9733570159857904,0.9517595414766764,2.609236234458259
1.0,stats_gate_only,csas-ib,1,0.0,0.0,1.0,0.0,1.0,0.9999938336238412,3.0
1.0,stats_gate_only,csas-webchat,481,0.0,0.07484407484407485,0.9230769230769231,0.002079002079002079,0.997920997920998,0.9979038483123344,2.991683991683992
1.0,stats_gate_only,ctu-felmail,445,0.0,0.0651685393258427,0.9348314606741573,0.0,1.0,0.9991582754375411,2.995505617977528
1.0,stats_gate_only,ctu-idp2,507,0.0,0.04930966469428008,0.9408284023668639,0.009861932938856016,0.9901380670611439,0.9970884240597682,2.9861932938856017
1.0,stats_gate_only,ctu-kos,320,0.0,0.090625,0.9,0.009375,0.990625,0.9905164742986081,2.965625
1.0,stats_gate_only,ctu-kosapi,31,0.0,0.0,1.0,0.0,1.0,0.9936378832784624,2.967741935483871
1.0,stats_gate_only,ctu-matrix,413,0.0,0.002421307506053269,0.9975786924939467,0.0,1.0,0.9985015539405357,2.9661016949152543
1.0,stats_gate_only,datova-schranka,618,0.0,0.014563106796116505,0.982200647249191,0.003236245954692557,0.9967637540453075,0.9978660440767428,2.27831715210356
1.0,stats_gate_only,discord,2692,0.0,0.1426448736998514,0.8402674591381872,0.017087667161961365,0.9829123328380386,0.989399101550104,2.9093610698365526
1.0,stats_gate_only,dns-doh,1657,0.0,0.2510561255280628,0.7429088714544357,0.006035003017501509,0.9939649969824985,0.9940569963007804,2.9450814725407364
1.0,stats_gate_only,docker-auth,1249,0.0,0.0008006405124099279,0.9991993594875901,0.0,1.0,0.999991807451499,3.0
1.0,stats_gate_only,docker-registry,1655,0.0,0.0018126888217522659,0.9981873111782478,0.0,1.0,0.9999926761354496,3.0
1.0,stats_gate_only,dopravniinfo-api,1391,0.0,0.3342918763479511,0.6484543493889289,0.017253774263120056,0.98274622573688,0.9924511156910013,2.9511143062544933
1.0,stats_gate_only,dropbox,6786,0.0,0.22900088417329797,0.7586206896551724,0.01237842617152962,0.9876215738284704,0.9937529884080734,2.9406130268199235
1.0,stats_gate_only,duckduckgo,677,0.0,0.028064992614475627,0.9615952732644018,0.0103397341211226,0.9896602658788775,0.9974206193898458,2.9881831610044314
1.0,stats_gate_only,ea-games,2201,0.0,0.6006360745115856,0.39709223080417994,0.002271694684234439,0.9977283053157655,0.9994265103167149,2.99273057701045
1.0,stats_gate_only,edge-ntp,1194,0.0,0.018425460636515914,0.981574539363484,0.0,1.0,0.9999562167072047,2.9857621440536013
1.0,stats_gate_only,eidentita,34,0.0,0.029411764705882353,0.9705882352941176,0.0,1.0,0.9998860721432761,2.8529411764705883
1.0,stats_gate_only,ekasa,493,0.0,0.6064908722109533,0.29006085192697767,0.10344827586206896,0.896551724137931,0.9468689101902973,2.3265720081135903
1.0,stats_gate_only,eset-edf,5035,0.0,0.08599801390268123,0.913803376365442,0.00019860973187686197,0.9998013902681231,0.9996458119435574,3.0
1.0,stats_gate_only,eset-edtd,1900,0.0,0.0015789473684210526,0.9968421052631579,0.0015789473684210526,0.998421052631579,0.998743884636154,2.993684210526316
1.0,stats_gate_only,eset-epns,712,0.0,0.30196629213483145,0.6980337078651685,0.0,1.0,0.999971082166588,3.0
1.0,stats_gate_only,eset-esa,830,0.0,0.006024096385542169,0.9939759036144579,0.0,1.0,0.9999721621888715,3.0
1.0,stats_gate_only,eset-ts,2018,0.0,0.012388503468780971,0.9866204162537165,0.0009910802775024777,0.9990089197224975,0.9974847540593555,2.7329038652130824
1.0,stats_gate_only,facebook-graph,8059,0.0,0.10795384042685197,0.7878148653679117,0.10423129420523639,0.8957687057947636,0.9739398592199175,2.815113537659759
1.0,stats_gate_only,facebook-media,4860,0.0,0.11625514403292181,0.7991769547325103,0.08456790123456791,0.9154320987654321,0.9759561518541244,2.8228395061728393
1.0,stats_gate_only,facebook-messenger,3465,0.0,0.12871572871572873,0.8551226551226552,0.01616161616161616,0.9838383838383838,0.9907953111237152,2.9708513708513706
1.0,stats_gate_only,facebook-web,2740,0.0,0.060948905109489054,0.9120437956204379,0.027007299270072994,0.972992700729927,0.9911521152303587,2.8124087591240876
1.0,stats_gate_only,fio-ib,585,0.0,0.1111111111111111,0.8598290598290599,0.02905982905982906,0.9709401709401709,0.9843472054772916,2.6717948717948716
1.0,stats_gate_only,firefox-accounts,920,0.0,0.4880434782608696,0.5119565217391304,0.0,1.0,0.9999939774222991,3.0
1.0,stats_gate_only,firefox-settings,1150,0.0,0.11739130434782609,0.8826086956521739,0.0,1.0,0.9998008509857333,2.9521739130434783
1.0,stats_gate_only,font-awesome,756,0.0,0.38227513227513227,0.5171957671957672,0.10052910052910052,0.8994708994708994,0.9549049048369869,2.8055555555555554
1.0,stats_gate_only,gfe-events,592,0.0,0.005067567567567568,0.9949324324324325,0.0,1.0,0.9999513661880651,3.0
1.0,stats_gate_only,gfe-services,1424,0.0,0.014747191011235955,0.9845505617977528,0.0007022471910112359,0.9992977528089888,0.9995658839912241,2.9978932584269664
1.0,stats_gate_only,github,722,0.0,0.06786703601108034,0.907202216066482,0.024930747922437674,0.9750692520775623,0.9801821191725844,2.919667590027701
1.0,stats_gate_only,gitlab,356,0.0,0.23876404494382023,0.75,0.011235955056179775,0.9887640449438202,0.9880914782384786,2.9887640449438204
1.0,stats_gate_only,gmail,289,0.0,0.23183391003460208,0.7647058823529411,0.0034602076124567475,0.9965397923875432,0.9968984578420645,2.820069204152249
1.0,stats_gate_only,google-ads,13690,0.0,0.08670562454346238,0.8970781592403214,0.016216216216216217,0.9837837837837838,0.9919369731354647,2.900584368151936
1.0,stats_gate_only,google-authentication,2449,0.0,0.10575745202123316,0.8922008983258473,0.002041649652919559,0.9979583503470805,0.9982565138392046,2.9158840342997143
1.0,stats_gate_only,google-connectivity,3043,0.0,0.45054222806441013,0.5402563259940848,0.009201445941505093,0.9907985540584949,0.9953911520267433,2.9717384160368057
1.0,stats_gate_only,google-drive,1163,0.0,0.03267411865864144,0.9638865004299226,0.0034393809114359416,0.9965606190885641,0.9960258775185851,2.6818572656921753
1.0,stats_gate_only,google-fonts,3347,0.0,0.15297281147296085,0.8270092620256947,0.02001792650134449,0.9799820734986555,0.984991333581379,2.680908276068121
1.0,stats_gate_only,google-hangouts,1968,0.0,0.08790650406504065,0.8013211382113821,0.11077235772357724,0.8892276422764228,0.9715516319377594,2.7322154471544717
1.0,stats_gate_only,google-play,7587,0.00013180440226703572,0.057993936997495714,0.9384473441412943,0.003426914458942929,0.99644128113879,0.9967457722887146,2.904178199551865
1.0,stats_gate_only,google-safebrowsing,3824,0.0,0.05256276150627615,0.9414225941422594,0.006014644351464435,0.9939853556485355,0.996284146948725,2.837866108786611
1.0,stats_gate_only,google-services,2099,0.0,0.04859456884230586,0.9423535016674607,0.009051929490233444,0.9909480705097665,0.9958606181144818,2.8527870414483085
1.0,stats_gate_only,google-translate,1081,0.0,0.02127659574468085,0.9528214616096207,0.025901942645698426,0.9740980573543015,0.9941738451331449,2.9074930619796486
1.0,stats_gate_only,google-userlocation,800,0.0,0.09,0.8975,0.0125,0.9875,0.9877693507567542,2.92625
1.0,stats_gate_only,google-www,12638,0.0,0.24560848235480298,0.7421269188162684,0.012264598828928629,0.9877354011710714,0.990481256830482,2.861133090678905
1.0,stats_gate_only,grammarly,4297,0.0,0.03560623690947173,0.9643937630905283,0.0,1.0,0.9999410525150499,2.999767279497324
1.0,stats_gate_only,hicloud-connectivity,331,0.0,0.027190332326283987,0.918429003021148,0.054380664652567974,0.945619335347432,0.9855174569815451,2.915407854984894
1.0,stats_gate_only,hicloud-logservice,274,0.0,0.051094890510948905,0.9416058394160584,0.0072992700729927005,0.9927007299270073,0.9981064554248199,2.9927007299270074
1.0,stats_gate_only,instagram,6652,0.0,0.15003006614552014,0.7121166566446182,0.1378532772098617,0.8621467227901383,0.9637162277352967,2.80832832230908
1.0,stats_gate_only,justice-isir,4,0.0,0.25,0.75,0.0,1.0,0.9999909603443744,3.0
1.0,stats_gate_only,kaspersky,4024,0.0,0.08200795228628231,0.9137673956262425,0.004224652087475149,0.9957753479125249,0.9877821928387386,2.9540258449304173
1.0,stats_gate_only,katastr-nahlizeni,84,0.0,0.0,0.9761904761904762,0.023809523809523808,0.9761904761904762,0.9951584095421294,2.9285714285714284
1.0,stats_gate_only,kb-ib,207,0.0,0.06763285024154589,0.9323671497584541,0.0,1.0,0.9998692884574828,2.9855072463768115
1.0,stats_gate_only,king-games,2885,0.0,0.45788561525129984,0.48596187175043326,0.056152512998266894,0.9438474870017332,0.9731907406715102,2.8689774696707104
1.0,stats_gate_only,ksrzis,2,0.0,0.5,0.0,0.5,0.5,0.7480037961459609,3.0
1.0,stats_gate_only,loggly,1068,0.0,0.24157303370786518,0.7584269662921348,0.0,1.0,0.9995401440570608,2.993445692883895
1.0,stats_gate_only,malwarebytes-telemetry,1997,0.0,0.0485728592889334,0.9509263895843766,0.000500751126690035,0.99949924887331,0.999990033369039,3.0
1.0,stats_gate_only,mapscz,8043,0.0,0.06552281487007336,0.9216710182767625,0.012806166853164241,0.9871938331468357,0.9904458004669826,2.9019022752704213
1.0,stats_gate_only,mcafee-ccs,1093,0.0,0.010978956999085087,0.9890210430009149,0.0,1.0,0.9999935198303916,3.0
1.0,stats_gate_only,mcafee-gti,2075,0.0,0.22457831325301206,0.7749397590361445,0.00048192771084337347,0.9995180722891567,0.9990747767012812,2.9691566265060243
1.0,stats_gate_only,mcafee-realprotect,348,0.0,0.034482758620689655,0.9655172413793104,0.0,1.0,0.9999938434780943,2.9971264367816093
1.0,stats_gate_only,microsoft-authentication,12900,0.0,0.04875968992248062,0.9510077519379845,0.00023255813953488373,0.9997674418604651,0.999790695564633,2.9410077519379847
1.0,stats_gate_only,microsoft-defender,7970,0.0,0.02233375156838143,0.9769134253450439,0.000752823086574655,0.9992471769134254,0.9992532665277882,2.9361355081555836
1.0,stats_gate_only,microsoft-diagnostic,17568,0.0,0.006318306010928962,0.9933401639344263,0.00034153005464480874,0.9996584699453552,0.9996897823563692,2.762295081967213
1.0,stats_gate_only,microsoft-notes,310,0.0,0.9903225806451613,0.00967741935483871,0.0,1.0,0.9995659360763535,2.009677419354839
1.0,stats_gate_only,microsoft-onedrive,4866,0.0,0.010891903000411015,0.9841759145088368,0.004932182490752158,0.9950678175092479,0.9962910417506925,2.960748047677764
1.0,stats_gate_only,microsoft-push,4752,0.0,0.4332912457912458,0.5648148148148148,0.001893939393939394,0.9981060606060606,0.9981429236556995,2.764520202020202
1.0,stats_gate_only,microsoft-settings,16055,0.0,0.019495484272812207,0.979009654313298,0.001494861413889754,0.9985051385861102,0.9991037149320422,2.9570227343506694
1.0,stats_gate_only,microsoft-update,17297,0.0,0.06521362085910852,0.9338613632421807,0.0009250158987107591,0.9990749841012893,0.9990720063434324,2.9905185870382147
1.0,stats_gate_only,microsoft-weather,639,0.0,0.003129890453834116,0.9968701095461658,0.0,1.0,0.9995825313220368,2.8779342723004695
1.0,stats_gate_only,mlp-search,500,0.0,0.046,0.94,0.014,0.986,0.9855562179741241,2.976
1.0,stats_gate_only,moneta-ib,39,0.0,0.02564102564102564,0.9743589743589743,0.0,1.0,0.9999872832805571,2.9743589743589745
1.0,stats_gate_only,moodle,1363,0.0,0.15994130594277328,0.780630961115187,0.05942773294203962,0.9405722670579604,0.965585182326925,2.8818782098312545
1.0,stats_gate_only,mozilla-location,1108,0.0,0.04061371841155235,0.9593862815884476,0.0,1.0,0.9999855212570439,3.0
1.0,stats_gate_only,mozilla-push,803,0.0,0.18929016189290163,0.8107098381070984,0.0,1.0,0.9999833506720145,3.0
1.0,stats_gate_only,mozilla-telemetry,1316,0.0,0.02127659574468085,0.9764437689969605,0.0022796352583586625,0.9977203647416414,0.9978391839590484,2.939209726443769
1.0,stats_gate_only,mozilla-token,542,0.0,0.02029520295202952,0.9797047970479705,0.0,1.0,0.9999938987601912,3.0
1.0,stats_gate_only,ndk,1928,0.0,0.06275933609958506,0.9196058091286307,0.017634854771784232,0.9823651452282157,0.9941717220154229,2.8226141078838176
1.0,stats_gate_only,netflix,331,0.0,0.0513595166163142,0.945619335347432,0.0030211480362537764,0.9969788519637462,0.9969072513131043,2.9274924471299095
1.0,stats_gate_only,npm-registry,533,0.0,0.30393996247654786,0.6941838649155723,0.001876172607879925,0.99812382739212,0.9984151595500487,2.9662288930581613
1.0,stats_gate_only,o2tv,7774,0.0,0.09544635966040649,0.9039104708001029,0.0006431695394906097,0.9993568304605094,0.9995237169122221,2.899794185747363
1.0,stats_gate_only,obalkyknih,806,0.0,0.062034739454094295,0.9354838709677419,0.0024813895781637717,0.9975186104218362,0.9982115507257759,2.9516129032258065
1.0,stats_gate_only,office-365,16990,5.885815185403178e-05,0.03949381989405533,0.9576221306650972,0.0028251912889935256,0.9971159505591525,0.9980032073697587,2.901353737492643
1.0,stats_gate_only,opera-autoupdate,298,0.0,0.03355704697986577,0.9664429530201343,0.0,1.0,0.9998690530026878,2.88255033557047
1.0,stats_gate_only,opera-notifications,195,0.0,0.05128205128205128,0.9384615384615385,0.010256410256410256,0.9897435897435898,0.997619909472816,2.98974358974359
1.0,stats_gate_only,opera-oauth2,50,0.0,0.04,0.96,0.0,1.0,0.9995562785790084,3.0
1.0,stats_gate_only,opera-sitecheck,252,0.0,0.09523809523809523,0.8928571428571429,0.011904761904761904,0.9880952380952381,0.9879897346942177,2.992063492063492
1.0,stats_gate_only,opera-speeddial,229,0.0,0.056768558951965066,0.9432314410480349,0.0,1.0,0.9986504748261134,2.978165938864629
1.0,stats_gate_only,opera-weather,247,0.0,0.05668016194331984,0.9433198380566802,0.0,1.0,0.9987065288756917,3.0
1.0,stats_gate_only,outlook,14057,7.113893433876361e-05,0.07121007327310237,0.905812050935477,0.02290673685708188,0.9770221242085794,0.9923715307765679,2.809134239169097
1.0,stats_gate_only,owncloud,595,0.0,0.3243697478991597,0.6739495798319328,0.0016806722689075631,0.9983193277310924,0.9986212203809324,2.981512605042017
1.0,stats_gate_only,pubmatic,6386,0.0,0.06060131537738803,0.9242092076417162,0.015189476980895709,0.9848105230191043,0.9954480862497929,2.8935170685875353
1.0,stats_gate_only,r2d2,999,0.0,0.05305305305305305,0.9329329329329329,0.014014014014014014,0.985985985985986,0.9946381864406036,2.8728728728728727
1.0,stats_gate_only,rb-ib,542,0.0,0.00922509225092251,0.988929889298893,0.0018450184501845018,0.9981549815498155,0.9994726436476566,2.9981549815498156
1.0,stats_gate_only,redmine,14,0.0,0.0,1.0,0.0,1.0,0.9999614002761325,3.0
1.0,stats_gate_only,riot-games,1451,0.0,0.01171605789110958,0.9882839421088904,0.0,1.0,0.9994493669960743,2.900068917987595
1.0,stats_gate_only,rozhlas-api,1049,0.0,0.03527168732125834,0.9618684461391802,0.002859866539561487,0.9971401334604385,0.9981297508286735,2.990467111534795
1.0,stats_gate_only,rubiconproject,8156,0.0,0.09710642471799902,0.9003187837175086,0.002574791564492398,0.9974252084355076,0.9987632930855825,2.962113781265326
1.0,stats_gate_only,salesforce,1133,0.0,0.42718446601941745,0.5684024713150927,0.00441306266548985,0.9955869373345102,0.995658208990034,2.99117387466902
1.0,stats_gate_only,seznam-authentication,7215,0.0,0.04255024255024255,0.9566181566181566,0.0008316008316008316,0.9991683991683992,0.999251859177529,2.986832986832987
1.0,stats_gate_only,seznam-email,4734,0.0,0.024926066751161807,0.9746514575411914,0.0004224757076468103,0.9995775242923531,0.999348577700011,2.983945923109421
1.0,stats_gate_only,seznam-media,16022,0.0,0.1844963175633504,0.800898764199226,0.014604918237423542,0.9853950817625765,0.9947162665812489,2.8779178629384594
1.0,stats_gate_only,seznam-notifications,2344,0.0,0.0038395904436860067,0.9957337883959044,0.0004266211604095563,0.9995733788395904,0.999345386509175,2.863481228668942
1.0,stats_gate_only,seznam-search,811,0.0,0.059186189889025895,0.9297163995067818,0.011097410604192354,0.9889025893958077,0.9923054046653852,2.934648581997534
1.0,stats_gate_only,seznam-ssp,5949,0.0,0.07076819633551858,0.9139351151454026,0.015296688519078836,0.9847033114809212,0.9911266904885315,2.9578080349638594
1.0,stats_gate_only,signageos,189,0.0,0.0,1.0,0.0,1.0,0.9997994208097386,2.142857142857143
1.0,stats_gate_only,skype,9414,0.0,0.040684087529211814,0.9579349904397706,0.0013809220310176333,0.9986190779689824,0.9992165484993405,2.9532611004886338
1.0,stats_gate_only,slack,428,0.0,0.10514018691588785,0.8691588785046729,0.02570093457943925,0.9742990654205608,0.9886017778059843,2.880841121495327
1.0,stats_gate_only,snapchat,7927,0.0,0.29796896682225305,0.6949665699508011,0.007064463226945881,0.9929355367730541,0.9962725098710769,2.967200706446323
1.0,stats_gate_only,soundcloud,501,0.0,0.08982035928143713,0.9101796407185628,0.0,1.0,0.9999501327726688,2.902195608782435
1.0,stats_gate_only,spotify,7468,0.0,0.08690412426352437,0.8851098018211033,0.027986073915372254,0.9720139260846278,0.9864917799799967,2.8385109801821105
1.0,stats_gate_only,steam,1452,0.0,0.08057851239669421,0.9152892561983471,0.004132231404958678,0.9958677685950413,0.9972620198615675,2.902203856749311
1.0,stats_gate_only,sukl-api,1267,0.0,0.03314917127071823,0.8973954222573007,0.06945540647198106,0.930544593528019,0.985163899773393,2.7687450670876084
1.0,stats_gate_only,sukl-auth,541,0.0,0.0018484288354898336,0.9981515711645101,0.0,1.0,0.9999765185123143,2.9944547134935307
1.0,stats_gate_only,sukl-erecept,865,0.0,0.07630057803468208,0.922543352601156,0.0011560693641618498,0.9988439306358381,0.9997227377556477,2.699421965317919
1.0,stats_gate_only,sumava-camdata,15,0.0,0.06666666666666667,0.8,0.13333333333333333,0.8666666666666667,0.920171682154659,2.8666666666666667
1.0,stats_gate_only,super-media,962,0.0010395010395010396,0.04261954261954262,0.9511434511434511,0.005197505197505198,0.9937629937629938,0.9971738481577253,2.9074844074844073
1.0,stats_gate_only,teams,12272,0.0,0.016378748370273793,0.9811766623207301,0.0024445893089960887,0.997555410691004,0.9989099455947068,2.8869784876140807
1.0,stats_gate_only,teamviewer-client,457,0.0,0.015317286652078774,0.9846827133479212,0.0,1.0,0.9996463538152216,2.8993435448577682
1.0,stats_gate_only,the-weather-channel,402,0.0,0.04228855721393035,0.9527363184079602,0.004975124378109453,0.9950248756218906,0.9950217925459431,2.972636815920398
1.0,stats_gate_only,thunderbird-telemetry,881,0.0,0.0022701475595913734,0.9977298524404086,0.0,1.0,0.9998480339932494,2.9977298524404086
1.0,stats_gate_only,tiktok,10518,0.0,0.2194333523483552,0.7340749191861571,0.046491728465487735,0.9535082715345122,0.9577242348138248,2.9266970907016545
1.0,stats_gate_only,tinder,879,0.0,0.05233219567690557,0.9476678043230944,0.0,1.0,0.9999331505926344,2.9840728100113765
1.0,stats_gate_only,twitch,3846,0.0,0.08814352574102964,0.9030161206448258,0.008840353614144566,0.9911596463858554,0.9912532331414462,2.954238169526781
1.0,stats_gate_only,twitter,5132,0.0,0.10600155884645363,0.8867887763055339,0.007209664848012471,0.9927903351519876,0.9953287955904334,2.9491426344505065
1.0,stats_gate_only,ulozto,422,0.002369668246445498,0.11848341232227488,0.8744075829383886,0.004739336492890996,0.9928909952606635,0.9917656286622702,2.7819905213270144
1.0,stats_gate_only,unity-games,1323,0.0,0.08238851095993953,0.9123204837490552,0.005291005291005291,0.9947089947089947,0.9987261545975108,2.9614512471655328
1.0,stats_gate_only,unpkg,653,0.0,0.2327718223583461,0.7258805513016845,0.04134762633996937,0.9586523736600306,0.9732099703068892,2.8162327718223583
1.0,stats_gate_only,uschovna,373,0.0,0.12064343163538874,0.8793565683646113,0.0,1.0,0.9999482054504889,2.836461126005362
1.0,stats_gate_only,uzis-api,652,0.0,0.0015337423312883436,0.9984662576687117,0.0,1.0,0.9999906927587635,2.414110429447853
1.0,stats_gate_only,uzis-ocko,426,0.0,0.15492957746478872,0.7887323943661971,0.056338028169014086,0.9436619718309859,0.9575579244801365,2.863849765258216
1.0,stats_gate_only,uzis-plf,84,0.0,0.10714285714285714,0.8214285714285714,0.07142857142857142,0.9285714285714286,0.9377806114786372,2.7976190476190474
1.0,stats_gate_only,vimeo,264,0.0,0.1590909090909091,0.7992424242424242,0.041666666666666664,0.9583333333333334,0.9865224760082866,2.9166666666666665
1.0,stats_gate_only,visualstudio-insights,848,0.0,0.045990566037735846,0.9540094339622641,0.0,1.0,0.9998602904447761,2.9693396226415096
1.0,stats_gate_only,vmware-vcsa,1607,0.0,0.05724953329184816,0.9421281891723708,0.0006222775357809583,0.9993777224642191,0.9997521356381057,2.999377722464219
1.0,stats_gate_only,vsb-sso,732,0.0,0.10792349726775956,0.8907103825136612,0.001366120218579235,0.9986338797814208,0.9995459582258006,2.9863387978142075
1.0,stats_gate_only,vscode-update,153,0.0,0.026143790849673203,0.9673202614379085,0.006535947712418301,0.9934640522875817,0.9979618812471565,2.9869281045751634
1.0,stats_gate_only,vse-insis,1379,0.0,0.16388687454677303,0.7121102248005802,0.12400290065264685,0.8759970993473531,0.9674234816068714,2.8107324147933284
1.0,stats_gate_only,vzp-api,499,0.0,0.004008016032064128,0.9919839679358717,0.004008016032064128,0.9959919839679359,0.997597651681706,2.9599198396793587
1.0,stats_gate_only,webex,635,0.0,0.025196850393700787,0.9748031496062992,0.0,1.0,0.9999086993752038,2.9937007874015746
1.0,stats_gate_only,whatsapp,1123,0.0,0.11130899376669635,0.8815672306322351,0.007123775601068566,0.9928762243989314,0.9951564111952278,2.9180765805877114
1.0,stats_gate_only,wikimedia-commons,2,0.0,0.0,1.0,0.0,1.0,0.9999940353079982,3.0
1.0,stats_gate_only,xbox-live,1970,0.0,0.02233502538071066,0.9771573604060914,0.0005076142131979696,0.999492385786802,0.9998475056989471,2.9578680203045686
1.0,stats_gate_only,xiaomi-account,2272,0.0,0.021566901408450703,0.9784330985915493,0.0,1.0,0.9980737455587975,2.9920774647887325
1.0,stats_gate_only,xiaomi-tracking,14,0.0,1.0,0.0,0.0,1.0,0.999913570321275,3.0
1.0,stats_gate_only,yahoo-mail,188,0.0,0.031914893617021274,0.9680851063829787,0.0,1.0,0.9999167260426113,2.824468085106383
1.0,stats_gate_only,youtube,8603,0.0,0.06706962687434616,0.9246774381029873,0.008252935022666512,0.9917470649773334,0.9926029737002627,2.902359641985354
1.0,stats_gate_only,zoom,1081,0.0,0.061979648473635525,0.9380203515263644,0.0,1.0,0.9999421144939308,2.9935245143385756
1.0,stats_gate_only,zotero,232,0.0,0.1810344827586207,0.8189655172413793,0.0,1.0,0.9999754000238357,3.0
1.0,temporal_gate_only,3dsecure,173,0.06936416184971098,0.05202312138728324,0.8728323699421965,0.005780346820809248,0.9248554913294798,0.9211829137965027,2.9248554913294798
1.0,temporal_gate_only,accuweather,2303,0.0,0.28137212331741207,0.7012592270950934,0.017368649587494574,0.9826313504125054,0.9244233746150907,2.996526270082501
1.0,temporal_gate_only,adobe-ads,1325,0.03245283018867925,0.1328301886792453,0.7932075471698113,0.04150943396226415,0.9260377358490566,0.9226880451523726,2.9471698113207547
1.0,temporal_gate_only,adobe-analytics,356,0.0,0.6151685393258427,0.3848314606741573,0.0,1.0,0.9981379588545461,3.0
1.0,temporal_gate_only,adobe-authentication,1029,0.0,0.5587949465500486,0.4412050534499514,0.0,1.0,0.9982504066271654,3.0
1.0,temporal_gate_only,adobe-cloud,831,0.0,0.15403128760529483,0.8411552346570397,0.0048134777376654635,0.9951865222623345,0.9930314396374951,2.996389891696751
1.0,temporal_gate_only,adobe-notifications,823,0.0,0.07897934386391252,0.9210206561360875,0.0,1.0,0.9996217083071767,3.0
1.0,temporal_gate_only,adobe-search,16,0.0,0.0625,0.9375,0.0,1.0,0.9998442651271034,3.0
1.0,temporal_gate_only,adobe-updater,579,0.0,0.046632124352331605,0.9343696027633851,0.018998272884283247,0.9810017271157168,0.9790091620723418,2.9810017271157165
1.0,temporal_gate_only,airbank-ib,384,0.026041666666666668,0.21354166666666666,0.71875,0.041666666666666664,0.9322916666666666,0.9343209291866047,2.9505208333333335
1.0,temporal_gate_only,alza-bnr,889,0.04049493813273341,0.22722159730033745,0.6771653543307087,0.05511811023622047,0.9043869516310461,0.8828163796959979,2.9178852643419573
1.0,temporal_gate_only,alza-cdn,631,0.01584786053882726,0.05388272583201268,0.8605388272583201,0.06973058637083994,0.9144215530903328,0.8994860208146951,2.936608557844691
1.0,temporal_gate_only,alza-logapi,388,0.08247422680412371,0.16752577319587628,0.6675257731958762,0.08247422680412371,0.8350515463917526,0.8142564496350545,2.847938144329897
1.0,temporal_gate_only,alza-signalr,565,0.04601769911504425,0.18584070796460178,0.4,0.368141592920354,0.5858407079646017,0.6573715633212281,2.7380530973451327
1.0,temporal_gate_only,alza-webapi,483,0.026915113871635612,0.2236024844720497,0.7184265010351967,0.031055900621118012,0.9420289855072463,0.9242960685945227,2.9420289855072466
1.0,temporal_gate_only,amazon-advertising,2228,0.0017953321364452424,0.3599640933572711,0.6175942549371634,0.02064631956912029,0.9775583482944344,0.9716604587735242,2.975314183123878
1.0,temporal_gate_only,amazon-alexa,148,0.0,0.060810810810810814,0.9121621621621622,0.02702702702702703,0.972972972972973,0.9706070503348404,2.9864864864864864
1.0,temporal_gate_only,amazon-prime,469,0.0021321961620469083,0.06183368869936034,0.8742004264392325,0.06183368869936034,0.9360341151385928,0.9316675794530093,2.9424307036247335
1.0,temporal_gate_only,apple-authentication,1,0.0,1.0,0.0,0.0,1.0,0.9985029584929507,3.0
1.0,temporal_gate_only,apple-icloud,594,0.003367003367003367,0.13973063973063973,0.8316498316498316,0.025252525252525252,0.9713804713804713,0.9482970794720058,2.974747474747475
1.0,temporal_gate_only,apple-itunes,8877,0.0004506026810859525,0.0075475949081897035,0.9719499831023994,0.020051819308324885,0.9794975780105891,0.9810086056441452,2.984341556832263
1.0,temporal_gate_only,apple-location,2928,0.004098360655737705,0.11270491803278689,0.8326502732240437,0.050546448087431695,0.9453551912568307,0.9155411896319794,2.950478142076503
1.0,temporal_gate_only,apple-ocsp,467,0.0,0.15417558886509636,0.8436830835117773,0.0021413276231263384,0.9978586723768736,0.928902614823234,2.982869379014989
1.0,temporal_gate_only,apple-pancake,729,0.0,0.06584362139917696,0.7750342935528121,0.15912208504801098,0.840877914951989,0.8598575988287478,2.880658436213992
1.0,temporal_gate_only,apple-siri,5,0.0,0.2,0.8,0.0,1.0,0.9994680806580549,3.0
1.0,temporal_gate_only,apple-updates,2586,0.0015467904098994587,0.019721577726218097,0.974477958236659,0.004253673627223511,0.994199535962877,0.9902926150299718,2.9953596287703017
1.0,temporal_gate_only,apple-weather,1660,0.0012048192771084338,0.04096385542168675,0.9560240963855422,0.0018072289156626507,0.9969879518072289,0.9714637224195759,2.991566265060241
1.0,temporal_gate_only,appnexus,14551,0.029826128788399422,0.1074840217167205,0.7980894783863652,0.06460037110851488,0.9055735001030857,0.8862082580633931,2.9173252697409113
1.0,temporal_gate_only,aukro-backend,383,0.007832898172323759,0.5718015665796344,0.3472584856396867,0.0731070496083551,0.9190600522193212,0.9247889551826237,2.93733681462141
1.0,temporal_gate_only,autodesk,5425,0.0,0.8521658986175116,0.1408294930875576,0.007004608294930876,0.9929953917050691,0.9864995264885345,2.9931797235023043
1.0,temporal_gate_only,avast,5624,0.021870554765291608,0.44061166429587484,0.3753556187766714,0.16216216216216217,0.8159672830725462,0.8198388676679953,2.829302987197724
1.0,temporal_gate_only,bing,5936,0.013477088948787063,0.022068733153638814,0.7975067385444744,0.16694743935309972,0.8195754716981132,0.830812228036902,2.8957210242587603
1.0,temporal_gate_only,bitdefender-gravityzone,3923,0.0,0.6709151159826663,0.32806525618149374,0.0010196278358399185,0.9989803721641601,0.9819802325520618,2.99949018608208
1.0,temporal_gate_only,bitdefender-nimbus,961,0.05931321540062435,0.4308012486992716,0.47658688865764826,0.03329864724245578,0.9073881373569199,0.8707472362900629,2.9302809573361084
1.0,temporal_gate_only,booking-com,610,0.021311475409836064,0.16393442622950818,0.7852459016393443,0.029508196721311476,0.9491803278688524,0.9271697877649425,2.959016393442623
1.0,temporal_gate_only,cesnet-filesender,331,0.13293051359516617,0.0634441087613293,0.08157099697885196,0.7220543806646526,0.14501510574018128,0.1978663607797084,2.211480362537764
1.0,temporal_gate_only,cesnet-gerrit,263,0.0,0.46387832699619774,0.5209125475285171,0.015209125475285171,0.9847908745247148,0.9848055147212131,2.9923954372623576
1.0,temporal_gate_only,cesnet-kalendar,361,0.0,0.008310249307479225,0.9916897506925207,0.0,1.0,0.9985292905497544,3.0
1.0,temporal_gate_only,cesnet-login,153,0.16339869281045752,0.013071895424836602,0.803921568627451,0.0196078431372549,0.8169934640522876,0.8158081109944189,2.8366013071895426
1.0,temporal_gate_only,cesnet-nerd,371,0.0,0.02425876010781671,0.9757412398921833,0.0,1.0,0.9985303856155189,3.0
1.0,temporal_gate_only,cesnet-perun,53,0.0,0.0,0.9622641509433962,0.03773584905660377,0.9622641509433962,0.9710931418915487,2.981132075471698
1.0,temporal_gate_only,chmi,2622,0.04462242562929062,0.18954996186117468,0.486651411136537,0.2791762013729977,0.6762013729977117,0.6553095297047001,2.719679633867277
1.0,temporal_gate_only,chrome-remotedesktop,563,0.021314387211367674,0.037300177619893425,0.5559502664298401,0.38543516873889877,0.5932504440497336,0.6458484838136257,2.609236234458259
1.0,temporal_gate_only,csas-ib,1,0.0,0.0,1.0,0.0,1.0,0.9994421841094563,3.0
1.0,temporal_gate_only,csas-webchat,481,0.008316008316008316,0.20582120582120583,0.7796257796257796,0.006237006237006237,0.9854469854469855,0.972352118344131,2.991683991683992
1.0,temporal_gate_only,ctu-felmail,445,0.0,0.0651685393258427,0.9303370786516854,0.0044943820224719105,0.9955056179775281,0.995913542857999,2.995505617977528
1.0,temporal_gate_only,ctu-idp2,507,0.0019723865877712033,0.13609467455621302,0.8185404339250493,0.04339250493096647,0.9546351084812623,0.9591566127630677,2.9861932938856017
1.0,temporal_gate_only,ctu-kos,320,0.01875,0.090625,0.865625,0.025,0.95625,0.9581788495924393,2.965625
1.0,temporal_gate_only,ctu-kosapi,31,0.0,0.0,0.8387096774193549,0.16129032258064516,0.8387096774193549,0.8576160429697685,2.967741935483871
1.0,temporal_gate_only,ctu-matrix,413,0.0,0.014527845036319613,0.9782082324455206,0.007263922518159807,0.9927360774818402,0.9279244947949948,2.9661016949152543
1.0,temporal_gate_only,datova-schranka,618,0.01779935275080906,0.014563106796116505,0.2588996763754045,0.7087378640776699,0.27346278317152106,0.323022235970711,2.27831715210356
1.0,temporal_gate_only,discord,2692,0.006686478454680535,0.1935364041604755,0.6452451708766717,0.15453194650817237,0.8387815750371471,0.8659229448792147,2.9093610698365526
1.0,temporal_gate_only,dns-doh,1657,0.003621001810500905,0.38141219070609533,0.5528062764031382,0.06216053108026554,0.9342184671092335,0.9131349025107296,2.9450814725407364
1.0,temporal_gate_only,docker-auth,1249,0.0,0.018414731785428344,0.9815852682145717,0.0,1.0,0.9986843942277773,3.0
1.0,temporal_gate_only,docker-registry,1655,0.0,0.4501510574018127,0.5498489425981873,0.0,1.0,0.9990685291405744,3.0
1.0,temporal_gate_only,dopravniinfo-api,1391,0.017253774263120056,0.10783608914450037,0.8375269590222861,0.037383177570093455,0.9453630481667865,0.8717296143039028,2.9511143062544933
1.0,temporal_gate_only,dropbox,6786,0.013409961685823755,0.34703801945181256,0.5669024462127911,0.07264957264957266,0.9139404656646036,0.9120152166250974,2.9406130268199235
1.0,temporal_gate_only,duckduckgo,677,0.008862629246676515,0.09601181683899557,0.8906942392909897,0.004431314623338257,0.9867060561299852,0.9734216065452671,2.9881831610044314
1.0,temporal_gate_only,ea-games,2201,0.0027260336210813267,0.7337573830077238,0.2585188550658791,0.004997728305315766,0.9922762380736029,0.9875186077250839,2.99273057701045
1.0,temporal_gate_only,edge-ntp,1194,0.0,0.009212730318257957,0.9656616415410385,0.02512562814070352,0.9748743718592965,0.9785049780372823,2.9857621440536013
1.0,temporal_gate_only,eidentita,34,0.0,0.029411764705882353,0.5588235294117647,0.4117647058823529,0.5882352941176471,0.7083096027551156,2.8529411764705883
1.0,temporal_gate_only,ekasa,493,0.12778904665314403,0.20689655172413793,0.11561866125760649,0.5496957403651116,0.3225152129817444,0.39037365147745,2.3265720081135903
1.0,temporal_gate_only,eset-edf,5035,0.0,0.9692154915590864,0.030784508440913606,0.0,1.0,0.9992373159198107,3.0
1.0,temporal_gate_only,eset-edtd,1900,0.0015789473684210526,0.21473684210526317,0.7536842105263157,0.03,0.968421052631579,0.8931306697766505,2.993684210526316
1.0,temporal_gate_only,eset-epns,712,0.0,0.3061797752808989,0.6938202247191011,0.0,1.0,0.9989476402321488,3.0
1.0,temporal_gate_only,eset-esa,830,0.0,0.7144578313253012,0.2855421686746988,0.0,1.0,0.9939022394635376,3.0
1.0,temporal_gate_only,eset-ts,2018,0.0931615460852329,0.30426164519326065,0.3686818632309217,0.23389494549058473,0.6729435084241824,0.6703949181926284,2.7329038652130824
1.0,temporal_gate_only,facebook-graph,8059,0.09368407991065889,0.18960168755428713,0.595235140836332,0.12147909169872192,0.7848368283906192,0.7905463562715498,2.815113537659759
1.0,temporal_gate_only,facebook-media,4860,0.04835390946502058,0.1360082304526749,0.6666666666666666,0.14897119341563786,0.8026748971193416,0.8159573401474158,2.8228395061728393
1.0,temporal_gate_only,facebook-messenger,3465,0.006060606060606061,0.18268398268398267,0.7803751803751804,0.03088023088023088,0.9630591630591631,0.963797280393869,2.9708513708513706
1.0,temporal_gate_only,facebook-web,2740,0.02408759124087591,0.08138686131386862,0.7098540145985401,0.18467153284671534,0.7912408759124088,0.8046296732233437,2.8124087591240876
1.0,temporal_gate_only,fio-ib,585,0.06837606837606838,0.1111111111111111,0.505982905982906,0.3145299145299145,0.6170940170940171,0.6449198917252006,2.6717948717948716
1.0,temporal_gate_only,firefox-accounts,920,0.0,0.6521739130434783,0.34782608695652173,0.0,1.0,0.9998384357510268,3.0
1.0,temporal_gate_only,firefox-settings,1150,0.02,0.46608695652173915,0.4808695652173913,0.03304347826086956,0.9469565217391305,0.9294786986293911,2.9521739130434783
1.0,temporal_gate_only,font-awesome,756,0.01455026455026455,0.42592592592592593,0.3412698412698413,0.21825396825396826,0.7671957671957672,0.821671190435146,2.8055555555555554
1.0,temporal_gate_only,gfe-events,592,0.0,0.16047297297297297,0.839527027027027,0.0,1.0,0.9137800423207384,3.0
1.0,temporal_gate_only,gfe-services,1424,0.002106741573033708,0.7148876404494382,0.2830056179775281,0.0,0.9978932584269663,0.9970523123505807,2.9978932584269664
1.0,temporal_gate_only,github,722,0.0221606648199446,0.1731301939058172,0.7202216066481995,0.08448753462603878,0.8933518005540166,0.8910027503460468,2.919667590027701
1.0,temporal_gate_only,gitlab,356,0.011235955056179775,0.27808988764044945,0.7050561797752809,0.0056179775280898875,0.9831460674157303,0.9754768346655741,2.9887640449438204
1.0,temporal_gate_only,gmail,289,0.10726643598615918,0.1522491349480969,0.6332179930795848,0.10726643598615918,0.7854671280276817,0.7688017145874662,2.820069204152249
1.0,temporal_gate_only,google-ads,13690,0.0310445580715851,0.16807888970051132,0.6976625273922571,0.10321402483564646,0.8657414170927684,0.8592304305329016,2.900584368151936
1.0,temporal_gate_only,google-authentication,2449,0.023274806043282973,0.16047366271947733,0.7023274806043283,0.11392405063291139,0.8628011433238056,0.8614996056159496,2.9158840342997143
1.0,temporal_gate_only,google-connectivity,3043,0.007229707525468288,0.12323365100230037,0.7200131449227736,0.14952349654945776,0.8432467959250739,0.8643386302104639,2.9717384160368057
1.0,temporal_gate_only,google-drive,1163,0.027515047291487533,0.04557179707652623,0.5907136715391229,0.33619948409286327,0.6362854686156492,0.6505178135029056,2.6818572656921753
1.0,temporal_gate_only,google-fonts,3347,0.03256647744248581,0.19659396474454735,0.44158948311921126,0.3292500746937556,0.6381834478637586,0.6865477948299261,2.680908276068121
1.0,temporal_gate_only,google-hangouts,1968,0.1173780487804878,0.18648373983739838,0.4369918699186992,0.25914634146341464,0.6234756097560976,0.6308346428074936,2.7322154471544717
1.0,temporal_gate_only,google-play,7587,0.017134572294714642,0.136549360748649,0.6932911559246079,0.15302491103202848,0.8298405166732569,0.8295344020139486,2.904178199551865
1.0,temporal_gate_only,google-safebrowsing,3824,0.022489539748953975,0.15664225941422594,0.5672071129707112,0.2536610878661088,0.7238493723849372,0.7468619945509078,2.837866108786611
1.0,temporal_gate_only,google-services,2099,0.016198189614101955,0.12577417818008577,0.6307765602667937,0.22725107193901858,0.7565507384468795,0.7872706940760007,2.8527870414483085
1.0,temporal_gate_only,google-translate,1081,0.03885291396854764,0.08140610545790934,0.7715078630897317,0.10823311748381129,0.8529139685476411,0.8446994395838315,2.9074930619796486
1.0,temporal_gate_only,google-userlocation,800,0.00375,0.10875,0.80625,0.08125,0.915,0.915511216546697,2.92625
1.0,temporal_gate_only,google-www,12638,0.025557841430606108,0.31745529355910745,0.47634119322677637,0.18064567178351004,0.7937964867858839,0.8230515437108119,2.861133090678905
1.0,temporal_gate_only,grammarly,4297,0.0,0.10379334419362346,0.8948103327903189,0.0013963230160577147,0.9986036769839423,0.9973794016402359,2.999767279497324
1.0,temporal_gate_only,hicloud-connectivity,331,0.03927492447129909,0.7009063444108762,0.21148036253776434,0.04833836858006042,0.9123867069486404,0.8772329631142045,2.915407854984894
1.0,temporal_gate_only,hicloud-logservice,274,0.0072992700729927005,0.5766423357664233,0.40145985401459855,0.014598540145985401,0.9781021897810219,0.976838164802421,2.9927007299270074
1.0,temporal_gate_only,instagram,6652,0.10823812387251955,0.19648226097414312,0.5980156343956705,0.09726398075766687,0.7944978953698136,0.7926887611547887,2.80832832230908
1.0,temporal_gate_only,justice-isir,4,0.0,0.25,0.75,0.0,1.0,0.9987702292768524,3.0
1.0,temporal_gate_only,kaspersky,4024,0.0022365805168986083,0.154324055666004,0.7664015904572564,0.07703777335984095,0.9207256461232605,0.909160132453048,2.9540258449304173
1.0,temporal_gate_only,katastr-nahlizeni,84,0.0,0.07142857142857142,0.8452380952380952,0.08333333333333333,0.9166666666666666,0.9227629697169524,2.9285714285714284
1.0,temporal_gate_only,kb-ib,207,0.004830917874396135,0.09178743961352658,0.893719806763285,0.00966183574879227,0.9855072463768116,0.9787802950719344,2.9855072463768115
1.0,temporal_gate_only,king-games,2885,0.06897746967071057,0.4558058925476603,0.3150779896013865,0.16013864818024262,0.7708838821490468,0.7609769879562852,2.8689774696707104
1.0,temporal_gate_only,ksrzis,2,0.0,0.5,0.5,0.0,1.0,0.9344054174813126,3.0
1.0,temporal_gate_only,loggly,1068,0.0,0.5608614232209738,0.4297752808988764,0.009363295880149813,0.9906367041198502,0.9808326491379497,2.993445692883895
1.0,temporal_gate_only,malwarebytes-telemetry,1997,0.0,0.9969954932398598,0.0030045067601402104,0.0,1.0,0.9989034603164825,3.0
1.0,temporal_gate_only,mapscz,8043,0.008081561606365783,0.060798209623274896,0.8110157901280617,0.12010443864229765,0.8718139997513366,0.8587140843506302,2.9019022752704213
1.0,temporal_gate_only,mcafee-ccs,1093,0.0,0.15827996340347666,0.8417200365965233,0.0,1.0,0.9970739962199177,3.0
1.0,temporal_gate_only,mcafee-gti,2075,0.01108433734939759,0.49542168674698794,0.4689156626506024,0.02457831325301205,0.9643373493975904,0.9536202492042128,2.9691566265060243
1.0,temporal_gate_only,mcafee-realprotect,348,0.0,0.9166666666666666,0.07758620689655173,0.005747126436781609,0.9942528735632183,0.9927671297597955,2.9971264367816093
1.0,temporal_gate_only,microsoft-authentication,12900,0.042093023255813954,0.10286821705426356,0.8243410852713178,0.030697674418604652,0.9272093023255814,0.9254148127978077,2.9410077519379847
1.0,temporal_gate_only,microsoft-defender,7970,0.018946047678795482,0.38381430363864494,0.5358845671267252,0.06135508155583438,0.9196988707653702,0.8571756099400092,2.9361355081555836
1.0,temporal_gate_only,microsoft-diagnostic,17568,0.06602914389799636,0.4808173952641166,0.26536885245901637,0.18778460837887068,0.746186247723133,0.7470325622017321,2.762295081967213
1.0,temporal_gate_only,microsoft-notes,310,0.9903225806451613,0.0032258064516129032,0.0064516129032258064,0.0,0.00967741935483871,0.013817836618597264,2.009677419354839
1.0,temporal_gate_only,microsoft-onedrive,4866,0.0032881216605014385,0.024455404849979448,0.9089601315248664,0.0632963419646527,0.9334155363748459,0.853676222050796,2.960748047677764
1.0,temporal_gate_only,microsoft-push,4752,0.16835016835016836,0.46464646464646464,0.29335016835016836,0.07365319865319865,0.757996632996633,0.7322144282082734,2.764520202020202
1.0,temporal_gate_only,microsoft-settings,16055,0.01146060417315478,0.7763936468389909,0.17209592027405793,0.04004982871379632,0.9484895671130489,0.9276903402110077,2.9570227343506694
1.0,temporal_gate_only,microsoft-update,17297,0.0009828293923801815,0.31664450482742673,0.6024744175290513,0.07989824825114182,0.919118922356478,0.9062703966461052,2.9905185870382147
1.0,temporal_gate_only,microsoft-weather,639,0.001564945226917058,0.081377151799687,0.4209702660406886,0.49608763693270735,0.5023474178403756,0.6617551081549278,2.8779342723004695
1.0,temporal_gate_only,mlp-search,500,0.014,0.082,0.888,0.016,0.97,0.9676065464040147,2.976
1.0,temporal_gate_only,moneta-ib,39,0.0,0.05128205128205128,0.9230769230769231,0.02564102564102564,0.9743589743589743,0.9608074924941209,2.9743589743589745
1.0,temporal_gate_only,moodle,1363,0.06456346294937637,0.1929567131327953,0.6647101980924431,0.07776962582538519,0.8576669112252384,0.8533173784841251,2.8818782098312545
1.0,temporal_gate_only,mozilla-location,1108,0.0,0.3989169675090253,0.6010830324909747,0.0,1.0,0.9989361057458687,3.0
1.0,temporal_gate_only,mozilla-push,803,0.0,0.8530510585305106,0.14694894146948942,0.0,1.0,0.9993748808049479,3.0
1.0,temporal_gate_only,mozilla-telemetry,1316,0.007598784194528876,0.067629179331307,0.8662613981762918,0.05851063829787234,0.9338905775075987,0.9140345379103139,2.939209726443769
1.0,temporal_gate_only,mozilla-token,542,0.0,0.05350553505535055,0.9464944649446494,0.0,1.0,0.99985575623301,3.0
1.0,temporal_gate_only,ndk,1928,0.021265560165975105,0.08298755186721991,0.7131742738589212,0.1825726141078838,0.796161825726141,0.7822973980233898,2.8226141078838176
1.0,temporal_gate_only,netflix,331,0.006042296072507553,0.2809667673716012,0.6435045317220544,0.06948640483383686,0.9244712990936556,0.9046517724766634,2.9274924471299095
1.0,temporal_gate_only,npm-registry,533,0.001876172607879925,0.46153846153846156,0.5028142589118199,0.03377110694183865,0.9643527204502814,0.9747204173069052,2.9662288930581613
1.0,temporal_gate_only,o2tv,7774,0.00038590172369436584,0.20735785953177258,0.6816310779521482,0.11062516079238487,0.8889889374839207,0.9092920490589285,2.899794185747363
1.0,temporal_gate_only,obalkyknih,806,0.007444168734491315,0.1488833746898263,0.8002481389578163,0.043424317617866005,0.9491315136476427,0.9531627919367753,2.9516129032258065
1.0,temporal_gate_only,office-365,16990,0.013596233078281342,0.24337845791642143,0.6289582107121836,0.1140670982931136,0.872336668628605,0.8673658122054063,2.901353737492643
1.0,temporal_gate_only,opera-autoupdate,298,0.020134228187919462,0.24161073825503357,0.5805369127516778,0.15771812080536912,0.8221476510067114,0.8328605263059091,2.88255033557047
1.0,temporal_gate_only,opera-notifications,195,0.010256410256410256,0.4153846153846154,0.5641025641025641,0.010256410256410256,0.9794871794871794,0.9639216406301142,2.98974358974359
1.0,temporal_gate_only,opera-oauth2,50,0.0,0.1,0.88,0.02,0.98,0.9840493090287592,3.0
1.0,temporal_gate_only,opera-sitecheck,252,0.0,0.38095238095238093,0.6071428571428571,0.011904761904761904,0.9880952380952381,0.9820210353033499,2.992063492063492
1.0,temporal_gate_only,opera-speeddial,229,0.0,0.44541484716157204,0.5283842794759825,0.026200873362445413,0.9737991266375546,0.9508564006131958,2.978165938864629
1.0,temporal_gate_only,opera-weather,247,0.0,0.4777327935222672,0.5060728744939271,0.016194331983805668,0.9838056680161943,0.9847276255138784,3.0
1.0,temporal_gate_only,outlook,14057,0.04254108273458063,0.16020488013089565,0.6214697303834389,0.17578430675108486,0.7816746105143345,0.7768291699041522,2.809134239169097
1.0,temporal_gate_only,owncloud,595,0.0016806722689075631,0.35294117647058826,0.5915966386554622,0.05378151260504202,0.9445378151260504,0.9512820213234954,2.981512605042017
1.0,temporal_gate_only,pubmatic,6386,0.03946132164108988,0.16943313498277482,0.7118697150015659,0.07923582837456937,0.8813028499843407,0.87445493466662,2.8935170685875353
1.0,temporal_gate_only,r2d2,999,0.02002002002002002,0.06306306306306306,0.7927927927927928,0.12412412412412413,0.8558558558558559,0.8579462650260025,2.8728728728728727
1.0,temporal_gate_only,rb-ib,542,0.0018450184501845018,0.02952029520295203,0.9630996309963099,0.005535055350553505,0.992619926199262,0.9909501349942882,2.9981549815498156
1.0,temporal_gate_only,redmine,14,0.0,0.0,1.0,0.0,1.0,0.9981194025210219,3.0
1.0,temporal_gate_only,riot-games,1451,0.0,0.1509303928325293,0.7429359062715368,0.10613370089593384,0.8938662991040661,0.8598954565029402,2.900068917987595
1.0,temporal_gate_only,rozhlas-api,1049,0.0038131553860819827,0.0438512869399428,0.9389895138226882,0.01334604385128694,0.982840800762631,0.9757828929652085,2.990467111534795
1.0,temporal_gate_only,rubiconproject,8156,0.0196174595389897,0.4872486512996567,0.45953898970083373,0.03359489946051986,0.9467876410004904,0.9466524209830736,2.962113781265326
1.0,temporal_gate_only,salesforce,1133,0.00353045013239188,0.6451897616946161,0.33715798764342453,0.01412180052956752,0.9823477493380406,0.9495836861625742,2.99117387466902
1.0,temporal_gate_only,seznam-authentication,7215,0.0033264033264033266,0.046015246015246015,0.9190575190575191,0.0316008316008316,0.9650727650727651,0.9563164281654318,2.986832986832987
1.0,temporal_gate_only,seznam-email,4734,0.0021123785382340513,0.13392479932403886,0.8500211237853823,0.01394169835234474,0.9839459231094212,0.9630417224133286,2.983945923109421
1.0,temporal_gate_only,seznam-media,16022,0.04081887404818375,0.08369741605292723,0.763138184995631,0.11234552490325803,0.8468356010485583,0.8151115618838816,2.8779178629384594
1.0,temporal_gate_only,seznam-notifications,2344,0.001279863481228669,0.031569965870307165,0.8110068259385665,0.1561433447098976,0.8425767918088737,0.8521664362939999,2.863481228668942
1.0,temporal_gate_only,seznam-search,811,0.01972872996300863,0.02342786683107275,0.8754623921085081,0.08138101109741061,0.8988902589395807,0.8953134368166207,2.934648581997534
1.0,temporal_gate_only,seznam-ssp,5949,0.021011934778954446,0.09816775928727517,0.8350983358547656,0.04572197007900487,0.9332660951420407,0.9297583293964733,2.9578080349638594
1.0,temporal_gate_only,signageos,189,0.015873015873015872,0.0,0.14285714285714285,0.8412698412698413,0.14285714285714285,0.18602192735623335,2.142857142857143
1.0,temporal_gate_only,skype,9414,0.014871468026343744,0.26715530061610365,0.6814319099213937,0.03654132143615891,0.9485872105374974,0.902294618936805,2.9532611004886338
1.0,temporal_gate_only,slack,428,0.04672897196261682,0.14953271028037382,0.6985981308411215,0.10514018691588785,0.8481308411214953,0.8640439441277168,2.880841121495327
1.0,temporal_gate_only,snapchat,7927,0.006686009839788066,0.3066733947268828,0.6446322694588117,0.04200832597451747,0.9513056641856945,0.9389789806173945,2.967200706446323
1.0,temporal_gate_only,soundcloud,501,0.003992015968063872,0.05189620758483034,0.8183632734530938,0.12574850299401197,0.8702594810379242,0.8683037638437248,2.902195608782435
1.0,temporal_gate_only,spotify,7468,0.06280128548473488,0.19925013390465987,0.5623995715050883,0.17554900910551688,0.7616497054097483,0.7894839427648969,2.8385109801821105
1.0,temporal_gate_only,steam,1452,0.008264462809917356,0.128099173553719,0.7575757575757576,0.10606060606060606,0.8856749311294766,0.8969548673148195,2.902203856749311
1.0,temporal_gate_only,sukl-api,1267,0.10023677979479084,0.028413575374901343,0.6803472770323599,0.1910023677979479,0.7087608524072613,0.6364556343422076,2.7687450670876084
1.0,temporal_gate_only,sukl-auth,541,0.0018484288354898336,0.024029574861367836,0.9704251386321626,0.0036968576709796672,0.9944547134935305,0.7944727794581712,2.9944547134935307
1.0,temporal_gate_only,sukl-erecept,865,0.08092485549132948,0.19537572254335261,0.4624277456647399,0.261271676300578,0.6578034682080924,0.6645322925774869,2.699421965317919
1.0,temporal_gate_only,sumava-camdata,15,0.13333333333333333,0.3333333333333333,0.4,0.13333333333333333,0.7333333333333333,0.7563651994181874,2.8666666666666667
1.0,temporal_gate_only,super-media,962,0.015592515592515593,0.07692307692307693,0.8274428274428275,0.08004158004158005,0.9043659043659044,0.9105229163179686,2.9074844074844073
1.0,temporal_gate_only,teams,12272,0.01051173402868318,0.121251629726206,0.7499185136897001,0.11831812255541069,0.8711701434159062,0.8668377048652549,2.8869784876140807
1.0,temporal_gate_only,teamviewer-client,457,0.002188183807439825,0.24507658643326038,0.6323851203501094,0.12035010940919037,0.8774617067833698,0.8262685572720698,2.8993435448577682
1.0,temporal_gate_only,the-weather-channel,402,0.004975124378109453,0.08706467661691543,0.8830845771144279,0.024875621890547265,0.9701492537313433,0.9605013006760659,2.972636815920398
1.0,temporal_gate_only,thunderbird-telemetry,881,0.0,0.094211123723042,0.8864926220204313,0.019296254256526674,0.9807037457434733,0.9783731203038469,2.9977298524404086
1.0,temporal_gate_only,tiktok,10518,0.03498764023578627,0.225708309564556,0.7070735881346264,0.03223046206503138,0.9327818976991824,0.9270094561288702,2.9266970907016545
1.0,temporal_gate_only,tinder,879,0.0,0.19681456200227532,0.7781569965870307,0.02502844141069397,0.9749715585893061,0.9633820928060186,2.9840728100113765
1.0,temporal_gate_only,twitch,3846,0.0093603744149766,0.18408736349453977,0.7527301092043682,0.05382215288611544,0.9368174726989079,0.9311798803364166,2.954238169526781
1.0,temporal_gate_only,twitter,5132,0.010911925175370226,0.1794621979734996,0.7677318784099766,0.041893998441153546,0.9471940763834762,0.9333543793064504,2.9491426344505065
1.0,temporal_gate_only,ulozto,422,0.011848341232227487,0.10426540284360189,0.6753554502369669,0.20853080568720378,0.7796208530805687,0.7949003118974493,2.7819905213270144
1.0,temporal_gate_only,unity-games,1323,0.010582010582010581,0.11337868480725624,0.8450491307634165,0.030990173847316706,0.9584278155706727,0.9541829489988249,2.9614512471655328
1.0,temporal_gate_only,unpkg,653,0.004594180704441042,0.30474732006125577,0.47320061255742724,0.21745788667687596,0.777947932618683,0.8108555149165059,2.8162327718223583
1.0,temporal_gate_only,uschovna,373,0.005361930294906166,0.1581769436997319,0.646112600536193,0.1903485254691689,0.8042895442359249,0.8448920039936139,2.836461126005362
1.0,temporal_gate_only,uzis-api,652,0.009202453987730062,0.0,0.4125766871165644,0.5782208588957055,0.4125766871165644,0.44350066124660775,2.414110429447853
1.0,temporal_gate_only,uzis-ocko,426,0.06103286384976526,0.17370892018779344,0.6643192488262911,0.10093896713615023,0.8380281690140845,0.83198802366956,2.863849765258216
1.0,temporal_gate_only,uzis-plf,84,0.07142857142857142,0.09523809523809523,0.7023809523809523,0.13095238095238096,0.7976190476190477,0.8095456284212164,2.7976190476190474
1.0,temporal_gate_only,vimeo,264,0.041666666666666664,0.17803030303030304,0.7272727272727273,0.05303030303030303,0.9053030303030303,0.9066439739458891,2.9166666666666665
1.0,temporal_gate_only,visualstudio-insights,848,0.02240566037735849,0.15566037735849056,0.7948113207547169,0.027122641509433963,0.9504716981132075,0.9280532297950167,2.9693396226415096
1.0,temporal_gate_only,vmware-vcsa,1607,0.0,0.7529558182949595,0.2464219041692595,0.0006222775357809583,0.9993777224642191,0.996300178280599,2.999377722464219
1.0,temporal_gate_only,vsb-sso,732,0.006830601092896175,0.11065573770491803,0.8702185792349727,0.012295081967213115,0.9808743169398907,0.9813900360097947,2.9863387978142075
1.0,temporal_gate_only,vscode-update,153,0.006535947712418301,0.5620915032679739,0.42483660130718953,0.006535947712418301,0.9869281045751634,0.912958149509901,2.9869281045751634
1.0,temporal_gate_only,vse-insis,1379,0.11385061638868746,0.2472806381435823,0.5025380710659898,0.1363306744017404,0.7498187092095722,0.758691162332709,2.8107324147933284
1.0,temporal_gate_only,vzp-api,499,0.012024048096192385,0.026052104208416832,0.9138276553106213,0.04809619238476954,0.9398797595190381,0.9430546981672078,2.9599198396793587
1.0,temporal_gate_only,webex,635,0.0,0.22992125984251968,0.6897637795275591,0.08031496062992126,0.9196850393700787,0.932988358945632,2.9937007874015746
1.0,temporal_gate_only,whatsapp,1123,0.004452359750667854,0.12822796081923418,0.7756010685663401,0.0917186108637578,0.9038290293855743,0.8854656771431307,2.9180765805877114
1.0,temporal_gate_only,wikimedia-commons,2,0.0,0.0,1.0,0.0,1.0,0.9990164486415771,3.0
1.0,temporal_gate_only,xbox-live,1970,0.005076142131979695,0.23401015228426397,0.6994923857868021,0.06142131979695432,0.933502538071066,0.9228663832423842,2.9578680203045686
1.0,temporal_gate_only,xiaomi-account,2272,0.0,0.397887323943662,0.6007922535211268,0.0013204225352112676,0.9986795774647887,0.9247650017477151,2.9920774647887325
1.0,temporal_gate_only,xiaomi-tracking,14,0.0,0.8571428571428571,0.14285714285714285,0.0,1.0,0.954602988932406,3.0
1.0,temporal_gate_only,yahoo-mail,188,0.0,0.03723404255319149,0.7393617021276596,0.22340425531914893,0.776595744680851,0.7905330791458093,2.824468085106383
1.0,temporal_gate_only,youtube,8603,0.011740090666046728,0.14099732651400673,0.6990584679762873,0.1482041148436592,0.8400557944902941,0.8533431187479144,2.902359641985354
1.0,temporal_gate_only,zoom,1081,0.0,0.5346901017576319,0.4551341350601295,0.010175763182238668,0.9898242368177613,0.988371472176461,2.9935245143385756
1.0,temporal_gate_only,zotero,232,0.0,0.20689655172413793,0.7931034482758621,0.0,1.0,0.995294316603279,3.0
