capture_id,capture_group_id,role,binary_label,browser,tool,resolver,csv_archive,csv_entry,csv_candidate_entries,csv_pair_mode,pcap_path,pcap_sha256,pcap_size_bytes,archive_name,archive_sha256,archive_member,relative_path,alignment_only_fields_enter_detector_input
fresh-c149f87859de484c00ed,fresh-c149f87859de484c00ed,train,benign,firefox,,cloudflare,data/raw/DoHBrw/auxiliary_csv_archives/CSVs/BenignDoH-NonDoH-CSVs.zip,,"[""CSVs/Firefox/Separate/dump.003ce1.csv"", ""CSVs/Firefox/Separate/dump.1da2a3.csv"", ""CSVs/Firefox/Separate/dump.218564.csv"", ""CSVs/Firefox/Separate/dump.22e976.csv"", ""CSVs/Firefox/Separate/dump.6dbe55.csv"", ""CSVs/Firefox/Separate/dump.e022b7.csv""]",firefox_maximum_5tuple_overlap,data/raw/DoHBrw/pcap/_w282_fresh_training/BenignDoH_NonDoH-Firefox-CloudFlare/CloudFlare/1/dump.pcap,d7c90744c1168e14a95ac8bff0cbaa6aca02863e21a3549340bc3f304f76e490,5002698752,BenignDoH_NonDoH-Firefox-CloudFlare.zip,8620845355f2ba2f26493eb388472c07839d7de533c3c578dadbb95ef6e59b62,CloudFlare/1/dump.pcap,BenignDoH_NonDoH-Firefox-CloudFlare.zip/CloudFlare/1/dump.pcap,False
fresh-6dd7464fd001a2038f80,fresh-6dd7464fd001a2038f80,selection,benign,firefox,,cloudflare,data/raw/DoHBrw/auxiliary_csv_archives/CSVs/BenignDoH-NonDoH-CSVs.zip,,"[""CSVs/Firefox/Separate/dump.003ce1.csv"", ""CSVs/Firefox/Separate/dump.1da2a3.csv"", ""CSVs/Firefox/Separate/dump.218564.csv"", ""CSVs/Firefox/Separate/dump.22e976.csv"", ""CSVs/Firefox/Separate/dump.6dbe55.csv"", ""CSVs/Firefox/Separate/dump.e022b7.csv""]",firefox_maximum_5tuple_overlap,data/raw/DoHBrw/pcap/_w282_fresh_training/BenignDoH_NonDoH-Firefox-CloudFlare/CloudFlare/2/dump.pcap,3ac780b5c1aaa4396266e77dd047c252e401fe037a4241f282dfd70fe19c3015,5050975247,BenignDoH_NonDoH-Firefox-CloudFlare.zip,8620845355f2ba2f26493eb388472c07839d7de533c3c578dadbb95ef6e59b62,CloudFlare/2/dump.pcap,BenignDoH_NonDoH-Firefox-CloudFlare.zip/CloudFlare/2/dump.pcap,False
fresh-732f9a0511e116dad7ad,fresh-732f9a0511e116dad7ad,train,benign,firefox,,quad9,data/raw/DoHBrw/auxiliary_csv_archives/CSVs/BenignDoH-NonDoH-CSVs.zip,,"[""CSVs/Firefox/Separate/dump.003ce1.csv"", ""CSVs/Firefox/Separate/dump.1da2a3.csv"", ""CSVs/Firefox/Separate/dump.218564.csv"", ""CSVs/Firefox/Separate/dump.22e976.csv"", ""CSVs/Firefox/Separate/dump.6dbe55.csv"", ""CSVs/Firefox/Separate/dump.e022b7.csv""]",firefox_maximum_5tuple_overlap,data/raw/DoHBrw/pcap/BenignDoH_NonDoH-Firefox-Quad9/Quad9/1/dump.pcap,8f5a63d91a5e08cf175171303285ae46a6467781f1aa0b7daed2018912490017,5022515200,BenignDoH_NonDoH-Firefox-Quad9.zip,5a07b37125f69b9b234505dedf9cfb42896fba24b78cdc60ee2e69ee57b30c35,Quad9/1/dump.pcap,BenignDoH_NonDoH-Firefox-Quad9.zip/Quad9/1/dump.pcap,False
fresh-7c6c8fd21d3360a27c56,fresh-7c6c8fd21d3360a27c56,acceptance,benign,firefox,,quad9,data/raw/DoHBrw/auxiliary_csv_archives/CSVs/BenignDoH-NonDoH-CSVs.zip,,"[""CSVs/Firefox/Separate/dump.003ce1.csv"", ""CSVs/Firefox/Separate/dump.1da2a3.csv"", ""CSVs/Firefox/Separate/dump.218564.csv"", ""CSVs/Firefox/Separate/dump.22e976.csv"", ""CSVs/Firefox/Separate/dump.6dbe55.csv"", ""CSVs/Firefox/Separate/dump.e022b7.csv""]",firefox_maximum_5tuple_overlap,data/raw/DoHBrw/pcap/BenignDoH_NonDoH-Firefox-Quad9/Quad9/2/dump.pcap,14c9af3366cd2c264dbf3c946213264ee4b7327ad7d557eed03d380a2bb1678a,5442487424,BenignDoH_NonDoH-Firefox-Quad9.zip,5a07b37125f69b9b234505dedf9cfb42896fba24b78cdc60ee2e69ee57b30c35,Quad9/2/dump.pcap,BenignDoH_NonDoH-Firefox-Quad9.zip/Quad9/2/dump.pcap,False
fresh-1e2c8af679f3b99fa4af,fresh-1e2c8af679f3b99fa4af,train,malicious,,dnscat2,,data/raw/DoHBrw/auxiliary_csv_archives/CSVs/MaliciousDoH-CSVs.zip,CSVs/dnscat2/Separate/dsncat2_default-tunnel_99911_doh8_2020-03-25T06:59:18.126697.csv,,exact_official_capture_csv,data/raw/DoHBrw/pcap/_w282_fresh_training/MaliciousDoH-dnscat2-Pcap-1202_1802/dsncat2_default-tunnel_99911_doh8_2020-03-25T06_59_18.126697.pcap,cb5d63aa453bb81242a8636520e142299c19bc21153dc46940374a73987c73ac,3135413,MaliciousDoH-dnscat2-Pcap-1202_1802.zip,b97d7ac6d3dd7e65ff7c7610c3a95fff80664ba0e4e2ab25fcb62d15069388fa,dsncat2_default-tunnel_99911_doh8_2020-03-25T06:59:18.126697.pcap,MaliciousDoH-dnscat2-Pcap-1202_1802.zip/dsncat2_default-tunnel_99911_doh8_2020-03-25T06:59:18.126697.pcap,False
fresh-7e88de5cd3139ca04890,fresh-7e88de5cd3139ca04890,train,malicious,,dnscat2,,data/raw/DoHBrw/auxiliary_csv_archives/CSVs/MaliciousDoH-CSVs.zip,CSVs/dnscat2/Separate/dsncat2_default-tunnel_dnsadguardcom_doh4_2020-03-28T17:29:19.375480.csv,,exact_official_capture_csv,data/raw/DoHBrw/pcap/_w282_fresh_training/MaliciousDoH-dnscat2-Pcap-1202_1802/dsncat2_default-tunnel_dnsadguardcom_doh4_2020-03-28T17_29_19.375480.pcap,ed6c28c2c02707842b1fb1c15a7e50f95db01ae7b8fc35b9e595352da0661838,27615,MaliciousDoH-dnscat2-Pcap-1202_1802.zip,b97d7ac6d3dd7e65ff7c7610c3a95fff80664ba0e4e2ab25fcb62d15069388fa,dsncat2_default-tunnel_dnsadguardcom_doh4_2020-03-28T17:29:19.375480.pcap,MaliciousDoH-dnscat2-Pcap-1202_1802.zip/dsncat2_default-tunnel_dnsadguardcom_doh4_2020-03-28T17:29:19.375480.pcap,False
fresh-0268f892a23c38d1aa76,fresh-0268f892a23c38d1aa76,train,malicious,,dnscat2,,data/raw/DoHBrw/auxiliary_csv_archives/CSVs/MaliciousDoH-CSVs.zip,CSVs/dnscat2/Separate/dsncat2_default-tunnel_99911_doh9_2020-03-25T02:47:28.911404.csv,,exact_official_capture_csv,data/raw/DoHBrw/pcap/_w282_fresh_training/MaliciousDoH-dnscat2-Pcap-1202_1802/dsncat2_default-tunnel_99911_doh9_2020-03-25T02_47_28.911404.pcap,c27610d88742e8def536a9be14a02cb0d273abd16ebcbace5d7f1ad88c448698,2667692,MaliciousDoH-dnscat2-Pcap-1202_1802.zip,b97d7ac6d3dd7e65ff7c7610c3a95fff80664ba0e4e2ab25fcb62d15069388fa,dsncat2_default-tunnel_99911_doh9_2020-03-25T02:47:28.911404.pcap,MaliciousDoH-dnscat2-Pcap-1202_1802.zip/dsncat2_default-tunnel_99911_doh9_2020-03-25T02:47:28.911404.pcap,False
fresh-67472420714256d28142,fresh-67472420714256d28142,train,malicious,,dnscat2,,data/raw/DoHBrw/auxiliary_csv_archives/CSVs/MaliciousDoH-CSVs.zip,CSVs/dnscat2/Separate/dsncat2_default-tunnel_99911_doh8_2020-03-25T13:57:55.571021.csv,,exact_official_capture_csv,data/raw/DoHBrw/pcap/_w282_fresh_training/MaliciousDoH-dnscat2-Pcap-1202_1802/dsncat2_default-tunnel_99911_doh8_2020-03-25T13_57_55.571021.pcap,cac69ab90610b221fba21394cd1ef0687d079c18c74d8c6201f4fde4f6292516,3069505,MaliciousDoH-dnscat2-Pcap-1202_1802.zip,b97d7ac6d3dd7e65ff7c7610c3a95fff80664ba0e4e2ab25fcb62d15069388fa,dsncat2_default-tunnel_99911_doh8_2020-03-25T13:57:55.571021.pcap,MaliciousDoH-dnscat2-Pcap-1202_1802.zip/dsncat2_default-tunnel_99911_doh8_2020-03-25T13:57:55.571021.pcap,False
fresh-6f0f128de4e560e7aef0,fresh-6f0f128de4e560e7aef0,train,malicious,,dnscat2,,data/raw/DoHBrw/auxiliary_csv_archives/CSVs/MaliciousDoH-CSVs.zip,CSVs/dnscat2/Separate/dsncat2_default-tunnel_dnsadguardcom_doh6_2020-03-29T08:13:08.843891.csv,,exact_official_capture_csv,data/raw/DoHBrw/pcap/_w282_fresh_training/MaliciousDoH-dnscat2-Pcap-1202_1802/dsncat2_default-tunnel_dnsadguardcom_doh6_2020-03-29T08_13_08.843891.pcap,d09cea319e921040619bf93ab6096ce08cd2ccd13117d06ef9cfd3067c708df2,27677,MaliciousDoH-dnscat2-Pcap-1202_1802.zip,b97d7ac6d3dd7e65ff7c7610c3a95fff80664ba0e4e2ab25fcb62d15069388fa,dsncat2_default-tunnel_dnsadguardcom_doh6_2020-03-29T08:13:08.843891.pcap,MaliciousDoH-dnscat2-Pcap-1202_1802.zip/dsncat2_default-tunnel_dnsadguardcom_doh6_2020-03-29T08:13:08.843891.pcap,False
fresh-ed6b5b86a5f916ffb72c,fresh-ed6b5b86a5f916ffb72c,train,malicious,,dnscat2,,data/raw/DoHBrw/auxiliary_csv_archives/CSVs/MaliciousDoH-CSVs.zip,CSVs/dnscat2/Separate/dsncat2_default-tunnel_99911_doh9_2020-03-24T21:38:09.404981.csv,,exact_official_capture_csv,data/raw/DoHBrw/pcap/_w282_fresh_training/MaliciousDoH-dnscat2-Pcap-1202_1802/dsncat2_default-tunnel_99911_doh9_2020-03-24T21_38_09.404981.pcap,9352e8be82be2c55aefc70e8c2b7a7d20a8f4ab4e6cad35a972baf9dc3fd8213,3277723,MaliciousDoH-dnscat2-Pcap-1202_1802.zip,b97d7ac6d3dd7e65ff7c7610c3a95fff80664ba0e4e2ab25fcb62d15069388fa,dsncat2_default-tunnel_99911_doh9_2020-03-24T21:38:09.404981.pcap,MaliciousDoH-dnscat2-Pcap-1202_1802.zip/dsncat2_default-tunnel_99911_doh9_2020-03-24T21:38:09.404981.pcap,False
fresh-376c3297c78f05c86957,fresh-376c3297c78f05c86957,train,malicious,,dnscat2,,data/raw/DoHBrw/auxiliary_csv_archives/CSVs/MaliciousDoH-CSVs.zip,CSVs/dnscat2/Separate/dsncat2_default-tunnel_dnsadguardcom_doh2_2020-03-29T00:23:55.752946.csv,,exact_official_capture_csv,data/raw/DoHBrw/pcap/_w282_fresh_training/MaliciousDoH-dnscat2-Pcap-1202_1802/dsncat2_default-tunnel_dnsadguardcom_doh2_2020-03-29T00_23_55.752946.pcap,2a98353ea5a802c2b25df94ecc2063bb90a3f6979303bb0f4afbe6dbcf001c9e,28044,MaliciousDoH-dnscat2-Pcap-1202_1802.zip,b97d7ac6d3dd7e65ff7c7610c3a95fff80664ba0e4e2ab25fcb62d15069388fa,dsncat2_default-tunnel_dnsadguardcom_doh2_2020-03-29T00:23:55.752946.pcap,MaliciousDoH-dnscat2-Pcap-1202_1802.zip/dsncat2_default-tunnel_dnsadguardcom_doh2_2020-03-29T00:23:55.752946.pcap,False
fresh-a5b950bf723f54e11792,fresh-a5b950bf723f54e11792,train,malicious,,dnscat2,,data/raw/DoHBrw/auxiliary_csv_archives/CSVs/MaliciousDoH-CSVs.zip,CSVs/dnscat2/Separate/dsncat2_default-tunnel_dnsadguardcom_doh3_2020-03-29T09:08:29.630071.csv,,exact_official_capture_csv,data/raw/DoHBrw/pcap/_w282_fresh_training/MaliciousDoH-dnscat2-Pcap-1202_1802/dsncat2_default-tunnel_dnsadguardcom_doh3_2020-03-29T09_08_29.630071.pcap,8a904b6cbb939ea49e5edba55c73dec601d8fb648c422e12b07c01ad71760dcd,28277,MaliciousDoH-dnscat2-Pcap-1202_1802.zip,b97d7ac6d3dd7e65ff7c7610c3a95fff80664ba0e4e2ab25fcb62d15069388fa,dsncat2_default-tunnel_dnsadguardcom_doh3_2020-03-29T09:08:29.630071.pcap,MaliciousDoH-dnscat2-Pcap-1202_1802.zip/dsncat2_default-tunnel_dnsadguardcom_doh3_2020-03-29T09:08:29.630071.pcap,False
fresh-b937fd2fc9f121b70cd6,fresh-b937fd2fc9f121b70cd6,train,malicious,,dnscat2,,data/raw/DoHBrw/auxiliary_csv_archives/CSVs/MaliciousDoH-CSVs.zip,CSVs/dnscat2/Separate/dsncat2_default-tunnel_dnsadguardcom_doh5_2020-03-28T18:52:14.764661.csv,,exact_official_capture_csv,data/raw/DoHBrw/pcap/_w282_fresh_training/MaliciousDoH-dnscat2-Pcap-1202_1802/dsncat2_default-tunnel_dnsadguardcom_doh5_2020-03-28T18_52_14.764661.pcap,36d8c19f832cf5d5afd676b4f11d606b6952431ca2ea9702c4897a1677b8d677,28010,MaliciousDoH-dnscat2-Pcap-1202_1802.zip,b97d7ac6d3dd7e65ff7c7610c3a95fff80664ba0e4e2ab25fcb62d15069388fa,dsncat2_default-tunnel_dnsadguardcom_doh5_2020-03-28T18:52:14.764661.pcap,MaliciousDoH-dnscat2-Pcap-1202_1802.zip/dsncat2_default-tunnel_dnsadguardcom_doh5_2020-03-28T18:52:14.764661.pcap,False
fresh-e4f83f45e8ff957bee8c,fresh-e4f83f45e8ff957bee8c,train,malicious,,dnscat2,,data/raw/DoHBrw/auxiliary_csv_archives/CSVs/MaliciousDoH-CSVs.zip,CSVs/dnscat2/Separate/dsncat2_default-tunnel_dnsadguardcom_doh6_2020-03-28T12:25:16.447878.csv,,exact_official_capture_csv,data/raw/DoHBrw/pcap/_w282_fresh_training/MaliciousDoH-dnscat2-Pcap-1202_1802/dsncat2_default-tunnel_dnsadguardcom_doh6_2020-03-28T12_25_16.447878.pcap,35879bba5f8d90bc13d15936f1322b9a5e0761a2c11c3ef9895e6cfcfe97b642,27627,MaliciousDoH-dnscat2-Pcap-1202_1802.zip,b97d7ac6d3dd7e65ff7c7610c3a95fff80664ba0e4e2ab25fcb62d15069388fa,dsncat2_default-tunnel_dnsadguardcom_doh6_2020-03-28T12:25:16.447878.pcap,MaliciousDoH-dnscat2-Pcap-1202_1802.zip/dsncat2_default-tunnel_dnsadguardcom_doh6_2020-03-28T12:25:16.447878.pcap,False
fresh-eb2f88cdee651d3323af,fresh-eb2f88cdee651d3323af,train,malicious,,dnscat2,,data/raw/DoHBrw/auxiliary_csv_archives/CSVs/MaliciousDoH-CSVs.zip,CSVs/dnscat2/Separate/dsncat2_default-tunnel_99911_doh7_2020-03-25T14:25:40.902981.csv,,exact_official_capture_csv,data/raw/DoHBrw/pcap/_w282_fresh_training/MaliciousDoH-dnscat2-Pcap-1202_1802/dsncat2_default-tunnel_99911_doh7_2020-03-25T14_25_40.902981.pcap,01ae9a9ece698fa50b566e10ec3be53e6dbfdb67b6dc08c155f50bb5a489edab,2608723,MaliciousDoH-dnscat2-Pcap-1202_1802.zip,b97d7ac6d3dd7e65ff7c7610c3a95fff80664ba0e4e2ab25fcb62d15069388fa,dsncat2_default-tunnel_99911_doh7_2020-03-25T14:25:40.902981.pcap,MaliciousDoH-dnscat2-Pcap-1202_1802.zip/dsncat2_default-tunnel_99911_doh7_2020-03-25T14:25:40.902981.pcap,False
fresh-0d7778f9051b3e42ccf7,fresh-0d7778f9051b3e42ccf7,train,malicious,,dnscat2,,data/raw/DoHBrw/auxiliary_csv_archives/CSVs/MaliciousDoH-CSVs.zip,CSVs/dnscat2/Separate/dsncat2_default-tunnel_99911_doh7_2020-03-25T08:23:30.839066.csv,,exact_official_capture_csv,data/raw/DoHBrw/pcap/_w282_fresh_training/MaliciousDoH-dnscat2-Pcap-1202_1802/dsncat2_default-tunnel_99911_doh7_2020-03-25T08_23_30.839066.pcap,5f86ad5592672078eae05b7bb16cedb0b2449e31bc56ae79ecbef29c164e378f,2187501,MaliciousDoH-dnscat2-Pcap-1202_1802.zip,b97d7ac6d3dd7e65ff7c7610c3a95fff80664ba0e4e2ab25fcb62d15069388fa,dsncat2_default-tunnel_99911_doh7_2020-03-25T08:23:30.839066.pcap,MaliciousDoH-dnscat2-Pcap-1202_1802.zip/dsncat2_default-tunnel_99911_doh7_2020-03-25T08:23:30.839066.pcap,False
fresh-febb67cd4a3535051299,fresh-febb67cd4a3535051299,train,malicious,,dnscat2,,data/raw/DoHBrw/auxiliary_csv_archives/CSVs/MaliciousDoH-CSVs.zip,CSVs/dnscat2/Separate/dsncat2_default-tunnel_99911_doh8_2020-03-25T16:44:50.689568.csv,,exact_official_capture_csv,data/raw/DoHBrw/pcap/_w282_fresh_training/MaliciousDoH-dnscat2-Pcap-1202_1802/dsncat2_default-tunnel_99911_doh8_2020-03-25T16_44_50.689568.pcap,702d122c2612716d0f3d851dfdbb94181890903ecea0d4e2dbaa5b2714a59081,2497268,MaliciousDoH-dnscat2-Pcap-1202_1802.zip,b97d7ac6d3dd7e65ff7c7610c3a95fff80664ba0e4e2ab25fcb62d15069388fa,dsncat2_default-tunnel_99911_doh8_2020-03-25T16:44:50.689568.pcap,MaliciousDoH-dnscat2-Pcap-1202_1802.zip/dsncat2_default-tunnel_99911_doh8_2020-03-25T16:44:50.689568.pcap,False
fresh-e634e35ab6f6af0c342e,fresh-e634e35ab6f6af0c342e,train,malicious,,dnscat2,,data/raw/DoHBrw/auxiliary_csv_archives/CSVs/MaliciousDoH-CSVs.zip,CSVs/dnscat2/Separate/dsncat2_default-tunnel_dnsadguardcom_doh2_2020-03-29T07:45:25.017052.csv,,exact_official_capture_csv,data/raw/DoHBrw/pcap/_w282_fresh_training/MaliciousDoH-dnscat2-Pcap-1202_1802/dsncat2_default-tunnel_dnsadguardcom_doh2_2020-03-29T07_45_25.017052.pcap,cc1bd7825ff48cfcd1ffd08955f9e522a7a2d8161cd6b4359960df0d1e0607ae,27679,MaliciousDoH-dnscat2-Pcap-1202_1802.zip,b97d7ac6d3dd7e65ff7c7610c3a95fff80664ba0e4e2ab25fcb62d15069388fa,dsncat2_default-tunnel_dnsadguardcom_doh2_2020-03-29T07:45:25.017052.pcap,MaliciousDoH-dnscat2-Pcap-1202_1802.zip/dsncat2_default-tunnel_dnsadguardcom_doh2_2020-03-29T07:45:25.017052.pcap,False
fresh-dc4ec0796136c7c17ce5,fresh-dc4ec0796136c7c17ce5,train,malicious,,dnscat2,,data/raw/DoHBrw/auxiliary_csv_archives/CSVs/MaliciousDoH-CSVs.zip,CSVs/dnscat2/Separate/dsncat2_default-tunnel_dnsadguardcom_doh6_2020-03-28T10:34:43.805933.csv,,exact_official_capture_csv,data/raw/DoHBrw/pcap/_w282_fresh_training/MaliciousDoH-dnscat2-Pcap-1202_1802/dsncat2_default-tunnel_dnsadguardcom_doh6_2020-03-28T10_34_43.805933.pcap,9757656e4daa5e3a5f7619d5c94071237ef35ce960e69e9fe6655d558de02419,28024,MaliciousDoH-dnscat2-Pcap-1202_1802.zip,b97d7ac6d3dd7e65ff7c7610c3a95fff80664ba0e4e2ab25fcb62d15069388fa,dsncat2_default-tunnel_dnsadguardcom_doh6_2020-03-28T10:34:43.805933.pcap,MaliciousDoH-dnscat2-Pcap-1202_1802.zip/dsncat2_default-tunnel_dnsadguardcom_doh6_2020-03-28T10:34:43.805933.pcap,False
fresh-267eef22d46e5c1c6f97,fresh-267eef22d46e5c1c6f97,train,malicious,,dnscat2,,data/raw/DoHBrw/auxiliary_csv_archives/CSVs/MaliciousDoH-CSVs.zip,CSVs/dnscat2/Separate/dsncat2_default-tunnel_dnsadguardcom_doh3_2020-03-28T13:20:27.949298.csv,,exact_official_capture_csv,data/raw/DoHBrw/pcap/_w282_fresh_training/MaliciousDoH-dnscat2-Pcap-1202_1802/dsncat2_default-tunnel_dnsadguardcom_doh3_2020-03-28T13_20_27.949298.pcap,a9ef7e21af1e2f4880e1756c6ab99af3a6293326a62eccbc899d64e4177142ef,27942,MaliciousDoH-dnscat2-Pcap-1202_1802.zip,b97d7ac6d3dd7e65ff7c7610c3a95fff80664ba0e4e2ab25fcb62d15069388fa,dsncat2_default-tunnel_dnsadguardcom_doh3_2020-03-28T13:20:27.949298.pcap,MaliciousDoH-dnscat2-Pcap-1202_1802.zip/dsncat2_default-tunnel_dnsadguardcom_doh3_2020-03-28T13:20:27.949298.pcap,False
fresh-732867d4df13923c1e44,fresh-732867d4df13923c1e44,train,malicious,,dnscat2,,data/raw/DoHBrw/auxiliary_csv_archives/CSVs/MaliciousDoH-CSVs.zip,CSVs/dnscat2/Separate/dsncat2_default-tunnel_99911_doh9_2020-03-25T20:30:42.603998.csv,,exact_official_capture_csv,data/raw/DoHBrw/pcap/_w282_fresh_training/MaliciousDoH-dnscat2-Pcap-1202_1802/dsncat2_default-tunnel_99911_doh9_2020-03-25T20_30_42.603998.pcap,edb1d9351f2d7b86730f257ff7c01cd9f433024223848a5306018e25f453ea1a,3289218,MaliciousDoH-dnscat2-Pcap-1202_1802.zip,b97d7ac6d3dd7e65ff7c7610c3a95fff80664ba0e4e2ab25fcb62d15069388fa,dsncat2_default-tunnel_99911_doh9_2020-03-25T20:30:42.603998.pcap,MaliciousDoH-dnscat2-Pcap-1202_1802.zip/dsncat2_default-tunnel_99911_doh9_2020-03-25T20:30:42.603998.pcap,False
fresh-0123df13a48e170febd0,fresh-0123df13a48e170febd0,train,malicious,,dnscat2,,data/raw/DoHBrw/auxiliary_csv_archives/CSVs/MaliciousDoH-CSVs.zip,CSVs/dnscat2/Separate/dsncat2_default-tunnel_99911_doh10_2020-03-25T06:03:31.438806.csv,,exact_official_capture_csv,data/raw/DoHBrw/pcap/_w282_fresh_training/MaliciousDoH-dnscat2-Pcap-1202_1802/dsncat2_default-tunnel_99911_doh10_2020-03-25T06_03_31.438806.pcap,b5ce47498e69d99a060ad5d4a747e0feb4d1a6a453161983e0c5ec7c43301d84,3157421,MaliciousDoH-dnscat2-Pcap-1202_1802.zip,b97d7ac6d3dd7e65ff7c7610c3a95fff80664ba0e4e2ab25fcb62d15069388fa,dsncat2_default-tunnel_99911_doh10_2020-03-25T06:03:31.438806.pcap,MaliciousDoH-dnscat2-Pcap-1202_1802.zip/dsncat2_default-tunnel_99911_doh10_2020-03-25T06:03:31.438806.pcap,False
fresh-2a4f67d01677891321a0,fresh-2a4f67d01677891321a0,train,malicious,,dnscat2,,data/raw/DoHBrw/auxiliary_csv_archives/CSVs/MaliciousDoH-CSVs.zip,CSVs/dnscat2/Separate/dsncat2_default-tunnel_99911_doh7_2020-03-25T09:47:18.119864.csv,,exact_official_capture_csv,data/raw/DoHBrw/pcap/_w282_fresh_training/MaliciousDoH-dnscat2-Pcap-1202_1802/dsncat2_default-tunnel_99911_doh7_2020-03-25T09_47_18.119864.pcap,a7132624398dee3450cd903effc000869fce1b9c437aa6e107775ffd9f3a01f6,2545250,MaliciousDoH-dnscat2-Pcap-1202_1802.zip,b97d7ac6d3dd7e65ff7c7610c3a95fff80664ba0e4e2ab25fcb62d15069388fa,dsncat2_default-tunnel_99911_doh7_2020-03-25T09:47:18.119864.pcap,MaliciousDoH-dnscat2-Pcap-1202_1802.zip/dsncat2_default-tunnel_99911_doh7_2020-03-25T09:47:18.119864.pcap,False
fresh-f4de9d9b0014027d284d,fresh-f4de9d9b0014027d284d,train,malicious,,dnscat2,,data/raw/DoHBrw/auxiliary_csv_archives/CSVs/MaliciousDoH-CSVs.zip,CSVs/dnscat2/Separate/dsncat2_default-tunnel_dnsadguardcom_doh5_2020-03-29T04:04:45.346398.csv,,exact_official_capture_csv,data/raw/DoHBrw/pcap/_w282_fresh_training/MaliciousDoH-dnscat2-Pcap-1202_1802/dsncat2_default-tunnel_dnsadguardcom_doh5_2020-03-29T04_04_45.346398.pcap,dafa41398e20d522d9025dfe6ee528e17018d4c77f41adea6d3f3e193d564a0e,28105,MaliciousDoH-dnscat2-Pcap-1202_1802.zip,b97d7ac6d3dd7e65ff7c7610c3a95fff80664ba0e4e2ab25fcb62d15069388fa,dsncat2_default-tunnel_dnsadguardcom_doh5_2020-03-29T04:04:45.346398.pcap,MaliciousDoH-dnscat2-Pcap-1202_1802.zip/dsncat2_default-tunnel_dnsadguardcom_doh5_2020-03-29T04:04:45.346398.pcap,False
fresh-6fe9c7ae0c822fbb7dcc,fresh-6fe9c7ae0c822fbb7dcc,train,malicious,,dnscat2,,data/raw/DoHBrw/auxiliary_csv_archives/CSVs/MaliciousDoH-CSVs.zip,CSVs/dnscat2/Separate/dsncat2_default-tunnel_99911_doh9_2020-03-25T13:57:56.317252.csv,,exact_official_capture_csv,data/raw/DoHBrw/pcap/_w282_fresh_training/MaliciousDoH-dnscat2-Pcap-1202_1802/dsncat2_default-tunnel_99911_doh9_2020-03-25T13_57_56.317252.pcap,d36176d57f2614103ac4c208234cf60e5b933281025681ec05d460992eb127a9,3092469,MaliciousDoH-dnscat2-Pcap-1202_1802.zip,b97d7ac6d3dd7e65ff7c7610c3a95fff80664ba0e4e2ab25fcb62d15069388fa,dsncat2_default-tunnel_99911_doh9_2020-03-25T13:57:56.317252.pcap,MaliciousDoH-dnscat2-Pcap-1202_1802.zip/dsncat2_default-tunnel_99911_doh9_2020-03-25T13:57:56.317252.pcap,False
fresh-7faa22159e097a55e14a,fresh-7faa22159e097a55e14a,train,malicious,,dnscat2,,data/raw/DoHBrw/auxiliary_csv_archives/CSVs/MaliciousDoH-CSVs.zip,CSVs/dnscat2/Separate/dsncat2_default-tunnel_99911_doh10_2020-03-25T02:19:19.028160.csv,,exact_official_capture_csv,data/raw/DoHBrw/pcap/_w282_fresh_training/MaliciousDoH-dnscat2-Pcap-1202_1802/dsncat2_default-tunnel_99911_doh10_2020-03-25T02_19_19.028160.pcap,36d38fbb6d14162d5327025160aa76fd1e0808cc23a54c2dbd0bbd4fa26c4985,3243674,MaliciousDoH-dnscat2-Pcap-1202_1802.zip,b97d7ac6d3dd7e65ff7c7610c3a95fff80664ba0e4e2ab25fcb62d15069388fa,dsncat2_default-tunnel_99911_doh10_2020-03-25T02:19:19.028160.pcap,MaliciousDoH-dnscat2-Pcap-1202_1802.zip/dsncat2_default-tunnel_99911_doh10_2020-03-25T02:19:19.028160.pcap,False
fresh-84742a8bd01fb339cd36,fresh-84742a8bd01fb339cd36,train,malicious,,dnscat2,,data/raw/DoHBrw/auxiliary_csv_archives/CSVs/MaliciousDoH-CSVs.zip,CSVs/dnscat2/Separate/dsncat2_default-tunnel_dnsadguardcom_doh3_2020-03-28T10:34:42.594542.csv,,exact_official_capture_csv,data/raw/DoHBrw/pcap/_w282_fresh_training/MaliciousDoH-dnscat2-Pcap-1202_1802/dsncat2_default-tunnel_dnsadguardcom_doh3_2020-03-28T10_34_42.594542.pcap,02b62de5536108140206a02e3ff827552213194e0a25f14955ce544fed7fab56,27767,MaliciousDoH-dnscat2-Pcap-1202_1802.zip,b97d7ac6d3dd7e65ff7c7610c3a95fff80664ba0e4e2ab25fcb62d15069388fa,dsncat2_default-tunnel_dnsadguardcom_doh3_2020-03-28T10:34:42.594542.pcap,MaliciousDoH-dnscat2-Pcap-1202_1802.zip/dsncat2_default-tunnel_dnsadguardcom_doh3_2020-03-28T10:34:42.594542.pcap,False
fresh-071afaf239096772416f,fresh-071afaf239096772416f,train,malicious,,dnscat2,,data/raw/DoHBrw/auxiliary_csv_archives/CSVs/MaliciousDoH-CSVs.zip,CSVs/dnscat2/Separate/dsncat2_default-tunnel_dnsadguardcom_doh2_2020-03-29T02:14:21.723498.csv,,exact_official_capture_csv,data/raw/DoHBrw/pcap/_w282_fresh_training/MaliciousDoH-dnscat2-Pcap-1202_1802/dsncat2_default-tunnel_dnsadguardcom_doh2_2020-03-29T02_14_21.723498.pcap,7d3f2dc17990317895a5dd4d7dfb3b80006c7ea4811efddb281e2358a5092884,28153,MaliciousDoH-dnscat2-Pcap-1202_1802.zip,b97d7ac6d3dd7e65ff7c7610c3a95fff80664ba0e4e2ab25fcb62d15069388fa,dsncat2_default-tunnel_dnsadguardcom_doh2_2020-03-29T02:14:21.723498.pcap,MaliciousDoH-dnscat2-Pcap-1202_1802.zip/dsncat2_default-tunnel_dnsadguardcom_doh2_2020-03-29T02:14:21.723498.pcap,False
fresh-8c0e0f16acf958821c3f,fresh-8c0e0f16acf958821c3f,train,malicious,,dnscat2,,data/raw/DoHBrw/auxiliary_csv_archives/CSVs/MaliciousDoH-CSVs.zip,CSVs/dnscat2/Separate/dsncat2_default-tunnel_99911_doh7_2020-03-25T20:30:40.028345.csv,,exact_official_capture_csv,data/raw/DoHBrw/pcap/_w282_fresh_training/MaliciousDoH-dnscat2-Pcap-1202_1802/dsncat2_default-tunnel_99911_doh7_2020-03-25T20_30_40.028345.pcap,c5fe1e5a623502709d6afcdb3e582240a0c2180d2abaa00fd098965f5c6056e3,3292196,MaliciousDoH-dnscat2-Pcap-1202_1802.zip,b97d7ac6d3dd7e65ff7c7610c3a95fff80664ba0e4e2ab25fcb62d15069388fa,dsncat2_default-tunnel_99911_doh7_2020-03-25T20:30:40.028345.pcap,MaliciousDoH-dnscat2-Pcap-1202_1802.zip/dsncat2_default-tunnel_99911_doh7_2020-03-25T20:30:40.028345.pcap,False
fresh-683c61dfc474e13be750,fresh-683c61dfc474e13be750,train,malicious,,dnscat2,,data/raw/DoHBrw/auxiliary_csv_archives/CSVs/MaliciousDoH-CSVs.zip,CSVs/dnscat2/Separate/dsncat2_default-tunnel_99911_doh7_2020-03-25T05:35:39.176601.csv,,exact_official_capture_csv,data/raw/DoHBrw/pcap/_w282_fresh_training/MaliciousDoH-dnscat2-Pcap-1202_1802/dsncat2_default-tunnel_99911_doh7_2020-03-25T05_35_39.176601.pcap,52964629090492b87444152f76913ab80224e389cfc9c641a9dd320583d9d050,3273767,MaliciousDoH-dnscat2-Pcap-1202_1802.zip,b97d7ac6d3dd7e65ff7c7610c3a95fff80664ba0e4e2ab25fcb62d15069388fa,dsncat2_default-tunnel_99911_doh7_2020-03-25T05:35:39.176601.pcap,MaliciousDoH-dnscat2-Pcap-1202_1802.zip/dsncat2_default-tunnel_99911_doh7_2020-03-25T05:35:39.176601.pcap,False
fresh-cd87f9a7bb48ab56cf1f,fresh-cd87f9a7bb48ab56cf1f,train,malicious,,dnscat2,,data/raw/DoHBrw/auxiliary_csv_archives/CSVs/MaliciousDoH-CSVs.zip,CSVs/dnscat2/Separate/dsncat2_default-tunnel_dnsadguardcom_doh5_2020-03-29T05:55:06.449196.csv,,exact_official_capture_csv,data/raw/DoHBrw/pcap/_w282_fresh_training/MaliciousDoH-dnscat2-Pcap-1202_1802/dsncat2_default-tunnel_dnsadguardcom_doh5_2020-03-29T05_55_06.449196.pcap,e75d1eca9f663e4c1037f4f8e84fad24a7bb5397f8f38549518f2dfac31356b1,28003,MaliciousDoH-dnscat2-Pcap-1202_1802.zip,b97d7ac6d3dd7e65ff7c7610c3a95fff80664ba0e4e2ab25fcb62d15069388fa,dsncat2_default-tunnel_dnsadguardcom_doh5_2020-03-29T05:55:06.449196.pcap,MaliciousDoH-dnscat2-Pcap-1202_1802.zip/dsncat2_default-tunnel_dnsadguardcom_doh5_2020-03-29T05:55:06.449196.pcap,False
fresh-9636bdb17b47fb48e4bc,fresh-9636bdb17b47fb48e4bc,train,malicious,,dnscat2,,data/raw/DoHBrw/auxiliary_csv_archives/CSVs/MaliciousDoH-CSVs.zip,CSVs/dnscat2/Separate/dsncat2_default-tunnel_dnsadguardcom_doh1_2020-03-29T08:13:06.491347.csv,,exact_official_capture_csv,data/raw/DoHBrw/pcap/_w282_fresh_training/MaliciousDoH-dnscat2-Pcap-1202_1802/dsncat2_default-tunnel_dnsadguardcom_doh1_2020-03-29T08_13_06.491347.pcap,43f98d554ca7e9aeeb3a02b7939b063966497becfac486db1f7040c1b7086c9e,2082449,MaliciousDoH-dnscat2-Pcap-1202_1802.zip,b97d7ac6d3dd7e65ff7c7610c3a95fff80664ba0e4e2ab25fcb62d15069388fa,dsncat2_default-tunnel_dnsadguardcom_doh1_2020-03-29T08:13:06.491347.pcap,MaliciousDoH-dnscat2-Pcap-1202_1802.zip/dsncat2_default-tunnel_dnsadguardcom_doh1_2020-03-29T08:13:06.491347.pcap,False
fresh-97b1a4bb647043a431b5,fresh-97b1a4bb647043a431b5,train,malicious,,dnscat2,,data/raw/DoHBrw/auxiliary_csv_archives/CSVs/MaliciousDoH-CSVs.zip,CSVs/dnscat2/Separate/dsncat2_default-tunnel_99911_doh9_2020-03-25T15:21:12.268187.csv,,exact_official_capture_csv,data/raw/DoHBrw/pcap/_w282_fresh_training/MaliciousDoH-dnscat2-Pcap-1202_1802/dsncat2_default-tunnel_99911_doh9_2020-03-25T15_21_12.268187.pcap,281976d6ceefb237fac733d26a37a4aacabe4cc1a9d87ccb87c7e7c5de24846b,2554441,MaliciousDoH-dnscat2-Pcap-1202_1802.zip,b97d7ac6d3dd7e65ff7c7610c3a95fff80664ba0e4e2ab25fcb62d15069388fa,dsncat2_default-tunnel_99911_doh9_2020-03-25T15:21:12.268187.pcap,MaliciousDoH-dnscat2-Pcap-1202_1802.zip/dsncat2_default-tunnel_99911_doh9_2020-03-25T15:21:12.268187.pcap,False
fresh-e73fd09a698c83557888,fresh-e73fd09a698c83557888,train,malicious,,dnscat2,,data/raw/DoHBrw/auxiliary_csv_archives/CSVs/MaliciousDoH-CSVs.zip,CSVs/dnscat2/Separate/dsncat2_default-tunnel_dnsadguardcom_doh4_2020-03-29T02:14:22.498811.csv,,exact_official_capture_csv,data/raw/DoHBrw/pcap/_w282_fresh_training/MaliciousDoH-dnscat2-Pcap-1202_1802/dsncat2_default-tunnel_dnsadguardcom_doh4_2020-03-29T02_14_22.498811.pcap,b32a2159a905b948cc83d255b4eea04307b2e986c7d7ff39ce3c66a7217fe329,27577,MaliciousDoH-dnscat2-Pcap-1202_1802.zip,b97d7ac6d3dd7e65ff7c7610c3a95fff80664ba0e4e2ab25fcb62d15069388fa,dsncat2_default-tunnel_dnsadguardcom_doh4_2020-03-29T02:14:22.498811.pcap,MaliciousDoH-dnscat2-Pcap-1202_1802.zip/dsncat2_default-tunnel_dnsadguardcom_doh4_2020-03-29T02:14:22.498811.pcap,False
fresh-5ac33e4abefb46922635,fresh-5ac33e4abefb46922635,train,malicious,,dnscat2,,data/raw/DoHBrw/auxiliary_csv_archives/CSVs/MaliciousDoH-CSVs.zip,CSVs/dnscat2/Separate/dsncat2_default-tunnel_99911_doh7_2020-03-25T14:53:25.940450.csv,,exact_official_capture_csv,data/raw/DoHBrw/pcap/_w282_fresh_training/MaliciousDoH-dnscat2-Pcap-1202_1802/dsncat2_default-tunnel_99911_doh7_2020-03-25T14_53_25.940450.pcap,038a96bfbaf07b40eac0f6c579c730e91c236b04a8483210b6574e08559daa1d,3288495,MaliciousDoH-dnscat2-Pcap-1202_1802.zip,b97d7ac6d3dd7e65ff7c7610c3a95fff80664ba0e4e2ab25fcb62d15069388fa,dsncat2_default-tunnel_99911_doh7_2020-03-25T14:53:25.940450.pcap,MaliciousDoH-dnscat2-Pcap-1202_1802.zip/dsncat2_default-tunnel_99911_doh7_2020-03-25T14:53:25.940450.pcap,False
fresh-5288058ed23fab14c027,fresh-5288058ed23fab14c027,train,malicious,,dnscat2,,data/raw/DoHBrw/auxiliary_csv_archives/CSVs/MaliciousDoH-CSVs.zip,CSVs/dnscat2/Separate/dsncat2_default-tunnel_99911_doh9_2020-03-25T03:15:37.332324.csv,,exact_official_capture_csv,data/raw/DoHBrw/pcap/_w282_fresh_training/MaliciousDoH-dnscat2-Pcap-1202_1802/dsncat2_default-tunnel_99911_doh9_2020-03-25T03_15_37.332324.pcap,632afaabb3dc8db2f83078f5a7556644249956efb4e17f1f81b37eca5b920fd7,3209023,MaliciousDoH-dnscat2-Pcap-1202_1802.zip,b97d7ac6d3dd7e65ff7c7610c3a95fff80664ba0e4e2ab25fcb62d15069388fa,dsncat2_default-tunnel_99911_doh9_2020-03-25T03:15:37.332324.pcap,MaliciousDoH-dnscat2-Pcap-1202_1802.zip/dsncat2_default-tunnel_99911_doh9_2020-03-25T03:15:37.332324.pcap,False
fresh-08dba6245b6a78e019c7,fresh-08dba6245b6a78e019c7,train,malicious,,dnscat2,,data/raw/DoHBrw/auxiliary_csv_archives/CSVs/MaliciousDoH-CSVs.zip,CSVs/dnscat2/Separate/dsncat2_default-tunnel_dnsadguardcom_doh1_2020-03-29T04:32:18.916823.csv,,exact_official_capture_csv,data/raw/DoHBrw/pcap/_w282_fresh_training/MaliciousDoH-dnscat2-Pcap-1202_1802/dsncat2_default-tunnel_dnsadguardcom_doh1_2020-03-29T04_32_18.916823.pcap,fbcb1e815d5eff9b70e893b17181371b33944d0618459c7e48fbf4bed7f0242a,2108131,MaliciousDoH-dnscat2-Pcap-1202_1802.zip,b97d7ac6d3dd7e65ff7c7610c3a95fff80664ba0e4e2ab25fcb62d15069388fa,dsncat2_default-tunnel_dnsadguardcom_doh1_2020-03-29T04:32:18.916823.pcap,MaliciousDoH-dnscat2-Pcap-1202_1802.zip/dsncat2_default-tunnel_dnsadguardcom_doh1_2020-03-29T04:32:18.916823.pcap,False
fresh-daced2f109ed42db0b90,fresh-daced2f109ed42db0b90,train,malicious,,dnscat2,,data/raw/DoHBrw/auxiliary_csv_archives/CSVs/MaliciousDoH-CSVs.zip,CSVs/dnscat2/Separate/dsncat2_default-tunnel_dnsadguardcom_doh6_2020-03-28T19:19:51.629894.csv,,exact_official_capture_csv,data/raw/DoHBrw/pcap/_w282_fresh_training/MaliciousDoH-dnscat2-Pcap-1202_1802/dsncat2_default-tunnel_dnsadguardcom_doh6_2020-03-28T19_19_51.629894.pcap,7ec5248c8fd55fec9bb9d9189d67ccf225db5c5ab23ef57752eaf999f02cc939,27581,MaliciousDoH-dnscat2-Pcap-1202_1802.zip,b97d7ac6d3dd7e65ff7c7610c3a95fff80664ba0e4e2ab25fcb62d15069388fa,dsncat2_default-tunnel_dnsadguardcom_doh6_2020-03-28T19:19:51.629894.pcap,MaliciousDoH-dnscat2-Pcap-1202_1802.zip/dsncat2_default-tunnel_dnsadguardcom_doh6_2020-03-28T19:19:51.629894.pcap,False
fresh-d077ece94aafaf361d8b,fresh-d077ece94aafaf361d8b,train,malicious,,dnscat2,,data/raw/DoHBrw/auxiliary_csv_archives/CSVs/MaliciousDoH-CSVs.zip,CSVs/dnscat2/Separate/dsncat2_default-tunnel_dnsadguardcom_doh2_2020-03-28T17:29:18.365120.csv,,exact_official_capture_csv,data/raw/DoHBrw/pcap/_w282_fresh_training/MaliciousDoH-dnscat2-Pcap-1202_1802/dsncat2_default-tunnel_dnsadguardcom_doh2_2020-03-28T17_29_18.365120.pcap,71bf5bc29211ebf837e96b58478d98630a412c737432cd50ea8dd084b90adad4,27845,MaliciousDoH-dnscat2-Pcap-1202_1802.zip,b97d7ac6d3dd7e65ff7c7610c3a95fff80664ba0e4e2ab25fcb62d15069388fa,dsncat2_default-tunnel_dnsadguardcom_doh2_2020-03-28T17:29:18.365120.pcap,MaliciousDoH-dnscat2-Pcap-1202_1802.zip/dsncat2_default-tunnel_dnsadguardcom_doh2_2020-03-28T17:29:18.365120.pcap,False
fresh-a4fadb415dcf4bcb6a37,fresh-a4fadb415dcf4bcb6a37,train,malicious,,dnscat2,,data/raw/DoHBrw/auxiliary_csv_archives/CSVs/MaliciousDoH-CSVs.zip,CSVs/dnscat2/Separate/dsncat2_default-tunnel_dnsadguardcom_doh5_2020-03-28T08:16:20.910993.csv,,exact_official_capture_csv,data/raw/DoHBrw/pcap/_w282_fresh_training/MaliciousDoH-dnscat2-Pcap-1202_1802/dsncat2_default-tunnel_dnsadguardcom_doh5_2020-03-28T08_16_20.910993.pcap,e06397912c5cf03e3e05326b61383f742cb2b362355e896c445595688ad99a1b,27840,MaliciousDoH-dnscat2-Pcap-1202_1802.zip,b97d7ac6d3dd7e65ff7c7610c3a95fff80664ba0e4e2ab25fcb62d15069388fa,dsncat2_default-tunnel_dnsadguardcom_doh5_2020-03-28T08:16:20.910993.pcap,MaliciousDoH-dnscat2-Pcap-1202_1802.zip/dsncat2_default-tunnel_dnsadguardcom_doh5_2020-03-28T08:16:20.910993.pcap,False
fresh-0ad44685ff674c4506e4,fresh-0ad44685ff674c4506e4,train,malicious,,dnscat2,,data/raw/DoHBrw/auxiliary_csv_archives/CSVs/MaliciousDoH-CSVs.zip,CSVs/dnscat2/Separate/dsncat2_default-tunnel_dnsadguardcom_doh3_2020-03-29T10:03:45.953873.csv,,exact_official_capture_csv,data/raw/DoHBrw/pcap/_w282_fresh_training/MaliciousDoH-dnscat2-Pcap-1202_1802/dsncat2_default-tunnel_dnsadguardcom_doh3_2020-03-29T10_03_45.953873.pcap,51e78cc585575459e625b75a173981fc5a66c524ee5c6f198eaee974b83e27a4,27590,MaliciousDoH-dnscat2-Pcap-1202_1802.zip,b97d7ac6d3dd7e65ff7c7610c3a95fff80664ba0e4e2ab25fcb62d15069388fa,dsncat2_default-tunnel_dnsadguardcom_doh3_2020-03-29T10:03:45.953873.pcap,MaliciousDoH-dnscat2-Pcap-1202_1802.zip/dsncat2_default-tunnel_dnsadguardcom_doh3_2020-03-29T10:03:45.953873.pcap,False
fresh-06134eef11d8fcdce469,fresh-06134eef11d8fcdce469,train,malicious,,dnscat2,,data/raw/DoHBrw/auxiliary_csv_archives/CSVs/MaliciousDoH-CSVs.zip,CSVs/dnscat2/Separate/dsncat2_default-tunnel_99911_doh7_2020-03-25T04:11:35.267767.csv,,exact_official_capture_csv,data/raw/DoHBrw/pcap/_w282_fresh_training/MaliciousDoH-dnscat2-Pcap-1202_1802/dsncat2_default-tunnel_99911_doh7_2020-03-25T04_11_35.267767.pcap,b411519dd6334a56ea5b88aa94af1123c4944ae7f3580406e16360e1169c16b5,3034562,MaliciousDoH-dnscat2-Pcap-1202_1802.zip,b97d7ac6d3dd7e65ff7c7610c3a95fff80664ba0e4e2ab25fcb62d15069388fa,dsncat2_default-tunnel_99911_doh7_2020-03-25T04:11:35.267767.pcap,MaliciousDoH-dnscat2-Pcap-1202_1802.zip/dsncat2_default-tunnel_99911_doh7_2020-03-25T04:11:35.267767.pcap,False
fresh-fb39c75afd545124543b,fresh-fb39c75afd545124543b,train,malicious,,dnscat2,,data/raw/DoHBrw/auxiliary_csv_archives/CSVs/MaliciousDoH-CSVs.zip,CSVs/dnscat2/Separate/dsncat2_default-tunnel_99911_doh9_2020-03-25T04:11:38.075144.csv,,exact_official_capture_csv,data/raw/DoHBrw/pcap/_w282_fresh_training/MaliciousDoH-dnscat2-Pcap-1202_1802/dsncat2_default-tunnel_99911_doh9_2020-03-25T04_11_38.075144.pcap,a3e4afbfdef79d5651e555a44af7bfb43aa81a49b4588be0da406367b821f128,3263109,MaliciousDoH-dnscat2-Pcap-1202_1802.zip,b97d7ac6d3dd7e65ff7c7610c3a95fff80664ba0e4e2ab25fcb62d15069388fa,dsncat2_default-tunnel_99911_doh9_2020-03-25T04:11:38.075144.pcap,MaliciousDoH-dnscat2-Pcap-1202_1802.zip/dsncat2_default-tunnel_99911_doh9_2020-03-25T04:11:38.075144.pcap,False
fresh-2e18c3015c3d3c93662e,fresh-2e18c3015c3d3c93662e,train,malicious,,dnscat2,,data/raw/DoHBrw/auxiliary_csv_archives/CSVs/MaliciousDoH-CSVs.zip,CSVs/dnscat2/Separate/dsncat2_default-tunnel_99911_doh9_2020-03-25T20:58:46.753299.csv,,exact_official_capture_csv,data/raw/DoHBrw/pcap/_w282_fresh_training/MaliciousDoH-dnscat2-Pcap-1202_1802/dsncat2_default-tunnel_99911_doh9_2020-03-25T20_58_46.753299.pcap,df92ef22d2ebedb9fde35abfe9138bb1ce1798bcff27e2a1fc19212506de1f5f,2520111,MaliciousDoH-dnscat2-Pcap-1202_1802.zip,b97d7ac6d3dd7e65ff7c7610c3a95fff80664ba0e4e2ab25fcb62d15069388fa,dsncat2_default-tunnel_99911_doh9_2020-03-25T20:58:46.753299.pcap,MaliciousDoH-dnscat2-Pcap-1202_1802.zip/dsncat2_default-tunnel_99911_doh9_2020-03-25T20:58:46.753299.pcap,False
fresh-6a782fdb5bfec5bf7d76,fresh-6a782fdb5bfec5bf7d76,train,malicious,,dnscat2,,data/raw/DoHBrw/auxiliary_csv_archives/CSVs/MaliciousDoH-CSVs.zip,CSVs/dnscat2/Separate/dsncat2_default-tunnel_dnsadguardcom_doh2_2020-03-29T08:13:07.276750.csv,,exact_official_capture_csv,data/raw/DoHBrw/pcap/_w282_fresh_training/MaliciousDoH-dnscat2-Pcap-1202_1802/dsncat2_default-tunnel_dnsadguardcom_doh2_2020-03-29T08_13_07.276750.pcap,bda5003686a36a3252424977ea8d0d6842764a19f80541ff4eac80e330a36c79,27855,MaliciousDoH-dnscat2-Pcap-1202_1802.zip,b97d7ac6d3dd7e65ff7c7610c3a95fff80664ba0e4e2ab25fcb62d15069388fa,dsncat2_default-tunnel_dnsadguardcom_doh2_2020-03-29T08:13:07.276750.pcap,MaliciousDoH-dnscat2-Pcap-1202_1802.zip/dsncat2_default-tunnel_dnsadguardcom_doh2_2020-03-29T08:13:07.276750.pcap,False
fresh-1c919e0f963507fd0d5e,fresh-1c919e0f963507fd0d5e,train,malicious,,dnscat2,,data/raw/DoHBrw/auxiliary_csv_archives/CSVs/MaliciousDoH-CSVs.zip,CSVs/dnscat2/Separate/dsncat2_default-tunnel_dnsadguardcom_doh2_2020-03-29T04:32:21.431738.csv,,exact_official_capture_csv,data/raw/DoHBrw/pcap/_w282_fresh_training/MaliciousDoH-dnscat2-Pcap-1202_1802/dsncat2_default-tunnel_dnsadguardcom_doh2_2020-03-29T04_32_21.431738.pcap,ac680b9405ade267b5afd5b5ba687ceb2c00adeeb1727198300dad49714466b2,27756,MaliciousDoH-dnscat2-Pcap-1202_1802.zip,b97d7ac6d3dd7e65ff7c7610c3a95fff80664ba0e4e2ab25fcb62d15069388fa,dsncat2_default-tunnel_dnsadguardcom_doh2_2020-03-29T04:32:21.431738.pcap,MaliciousDoH-dnscat2-Pcap-1202_1802.zip/dsncat2_default-tunnel_dnsadguardcom_doh2_2020-03-29T04:32:21.431738.pcap,False
fresh-11e61efb48f8c4534221,fresh-11e61efb48f8c4534221,train,malicious,,dnscat2,,data/raw/DoHBrw/auxiliary_csv_archives/CSVs/MaliciousDoH-CSVs.zip,CSVs/dnscat2/Separate/dsncat2_default-tunnel_dnsadguardcom_doh3_2020-03-29T04:59:58.040597.csv,,exact_official_capture_csv,data/raw/DoHBrw/pcap/_w282_fresh_training/MaliciousDoH-dnscat2-Pcap-1202_1802/dsncat2_default-tunnel_dnsadguardcom_doh3_2020-03-29T04_59_58.040597.pcap,71952544a45b5dc017b3a700f986f92367ed79af40577bd70189ee04c20a1623,27683,MaliciousDoH-dnscat2-Pcap-1202_1802.zip,b97d7ac6d3dd7e65ff7c7610c3a95fff80664ba0e4e2ab25fcb62d15069388fa,dsncat2_default-tunnel_dnsadguardcom_doh3_2020-03-29T04:59:58.040597.pcap,MaliciousDoH-dnscat2-Pcap-1202_1802.zip/dsncat2_default-tunnel_dnsadguardcom_doh3_2020-03-29T04:59:58.040597.pcap,False
fresh-6503b8659789d479f6b4,fresh-6503b8659789d479f6b4,train,malicious,,dnscat2,,data/raw/DoHBrw/auxiliary_csv_archives/CSVs/MaliciousDoH-CSVs.zip,CSVs/dnscat2/Separate/dsncat2_default-tunnel_99911_doh9_2020-03-25T12:06:44.651673.csv,,exact_official_capture_csv,data/raw/DoHBrw/pcap/_w282_fresh_training/MaliciousDoH-dnscat2-Pcap-1202_1802/dsncat2_default-tunnel_99911_doh9_2020-03-25T12_06_44.651673.pcap,3d3c5718b1eca76ad29854b0731b30ac11ddbde06313269133140f95769d4348,2251896,MaliciousDoH-dnscat2-Pcap-1202_1802.zip,b97d7ac6d3dd7e65ff7c7610c3a95fff80664ba0e4e2ab25fcb62d15069388fa,dsncat2_default-tunnel_99911_doh9_2020-03-25T12:06:44.651673.pcap,MaliciousDoH-dnscat2-Pcap-1202_1802.zip/dsncat2_default-tunnel_99911_doh9_2020-03-25T12:06:44.651673.pcap,False
fresh-f0c797c21afcac6ae535,fresh-f0c797c21afcac6ae535,train,malicious,,dnscat2,,data/raw/DoHBrw/auxiliary_csv_archives/CSVs/MaliciousDoH-CSVs.zip,CSVs/dnscat2/Separate/dsncat2_default-tunnel_99911_doh8_2020-03-25T11:10:58.917702.csv,,exact_official_capture_csv,data/raw/DoHBrw/pcap/_w282_fresh_training/MaliciousDoH-dnscat2-Pcap-1202_1802/dsncat2_default-tunnel_99911_doh8_2020-03-25T11_10_58.917702.pcap,4e8a4b6ca1ecb83d8435113707768589db56f210048460f4f953c005763ee037,3270462,MaliciousDoH-dnscat2-Pcap-1202_1802.zip,b97d7ac6d3dd7e65ff7c7610c3a95fff80664ba0e4e2ab25fcb62d15069388fa,dsncat2_default-tunnel_99911_doh8_2020-03-25T11:10:58.917702.pcap,MaliciousDoH-dnscat2-Pcap-1202_1802.zip/dsncat2_default-tunnel_99911_doh8_2020-03-25T11:10:58.917702.pcap,False
fresh-b0fbd2483ac2b48e22bc,fresh-b0fbd2483ac2b48e22bc,train,malicious,,dnscat2,,data/raw/DoHBrw/auxiliary_csv_archives/CSVs/MaliciousDoH-CSVs.zip,CSVs/dnscat2/Separate/dsncat2_default-tunnel_dnsadguardcom_doh2_2020-03-28T08:16:19.801143.csv,,exact_official_capture_csv,data/raw/DoHBrw/pcap/_w282_fresh_training/MaliciousDoH-dnscat2-Pcap-1202_1802/dsncat2_default-tunnel_dnsadguardcom_doh2_2020-03-28T08_16_19.801143.pcap,9579dcfec98d26289780538ddd56816733a1bf5a736b737234a22d8387f49857,27594,MaliciousDoH-dnscat2-Pcap-1202_1802.zip,b97d7ac6d3dd7e65ff7c7610c3a95fff80664ba0e4e2ab25fcb62d15069388fa,dsncat2_default-tunnel_dnsadguardcom_doh2_2020-03-28T08:16:19.801143.pcap,MaliciousDoH-dnscat2-Pcap-1202_1802.zip/dsncat2_default-tunnel_dnsadguardcom_doh2_2020-03-28T08:16:19.801143.pcap,False
fresh-7afe17e8f7715430f468,fresh-7afe17e8f7715430f468,train,malicious,,dnscat2,,data/raw/DoHBrw/auxiliary_csv_archives/CSVs/MaliciousDoH-CSVs.zip,CSVs/dnscat2/Separate/dsncat2_default-tunnel_dnsadguardcom_doh1_2020-03-29T06:22:39.439895.csv,,exact_official_capture_csv,data/raw/DoHBrw/pcap/_w282_fresh_training/MaliciousDoH-dnscat2-Pcap-1202_1802/dsncat2_default-tunnel_dnsadguardcom_doh1_2020-03-29T06_22_39.439895.pcap,df5a2af6bc36e9aa36db407750ae9081aa5661b7dc960dc0d83375ad33c44cc3,1999465,MaliciousDoH-dnscat2-Pcap-1202_1802.zip,b97d7ac6d3dd7e65ff7c7610c3a95fff80664ba0e4e2ab25fcb62d15069388fa,dsncat2_default-tunnel_dnsadguardcom_doh1_2020-03-29T06:22:39.439895.pcap,MaliciousDoH-dnscat2-Pcap-1202_1802.zip/dsncat2_default-tunnel_dnsadguardcom_doh1_2020-03-29T06:22:39.439895.pcap,False
fresh-d15162aae8098bfa7292,fresh-d15162aae8098bfa7292,train,malicious,,dnscat2,,data/raw/DoHBrw/auxiliary_csv_archives/CSVs/MaliciousDoH-CSVs.zip,CSVs/dnscat2/Separate/dsncat2_default-tunnel_dnsadguardcom_doh4_2020-03-28T07:21:03.361021.csv,,exact_official_capture_csv,data/raw/DoHBrw/pcap/_w282_fresh_training/MaliciousDoH-dnscat2-Pcap-1202_1802/dsncat2_default-tunnel_dnsadguardcom_doh4_2020-03-28T07_21_03.361021.pcap,a2e690808acb8d62ea2a8f239177ac4f5879c6620e029c1648aabe45780ef705,27673,MaliciousDoH-dnscat2-Pcap-1202_1802.zip,b97d7ac6d3dd7e65ff7c7610c3a95fff80664ba0e4e2ab25fcb62d15069388fa,dsncat2_default-tunnel_dnsadguardcom_doh4_2020-03-28T07:21:03.361021.pcap,MaliciousDoH-dnscat2-Pcap-1202_1802.zip/dsncat2_default-tunnel_dnsadguardcom_doh4_2020-03-28T07:21:03.361021.pcap,False
fresh-a38ca49ef2158c914c6a,fresh-a38ca49ef2158c914c6a,train,malicious,,dnscat2,,data/raw/DoHBrw/auxiliary_csv_archives/CSVs/MaliciousDoH-CSVs.zip,CSVs/dnscat2/Separate/dsncat2_default-tunnel_99911_doh8_2020-03-24T23:03:00.878555.csv,,exact_official_capture_csv,data/raw/DoHBrw/pcap/_w282_fresh_training/MaliciousDoH-dnscat2-Pcap-1202_1802/dsncat2_default-tunnel_99911_doh8_2020-03-24T23_03_00.878555.pcap,b033db3c0e7cf64fa3c7abaa60ae2d79bb6af13c7d21854ffcea27aee1fca9c2,3176614,MaliciousDoH-dnscat2-Pcap-1202_1802.zip,b97d7ac6d3dd7e65ff7c7610c3a95fff80664ba0e4e2ab25fcb62d15069388fa,dsncat2_default-tunnel_99911_doh8_2020-03-24T23:03:00.878555.pcap,MaliciousDoH-dnscat2-Pcap-1202_1802.zip/dsncat2_default-tunnel_99911_doh8_2020-03-24T23:03:00.878555.pcap,False
fresh-4a879be04d8a02297126,fresh-4a879be04d8a02297126,train,malicious,,dnscat2,,data/raw/DoHBrw/auxiliary_csv_archives/CSVs/MaliciousDoH-CSVs.zip,CSVs/dnscat2/Separate/dsncat2_default-tunnel_dnsadguardcom_doh5_2020-03-28T16:34:02.428848.csv,,exact_official_capture_csv,data/raw/DoHBrw/pcap/_w282_fresh_training/MaliciousDoH-dnscat2-Pcap-1202_1802/dsncat2_default-tunnel_dnsadguardcom_doh5_2020-03-28T16_34_02.428848.pcap,4ab3049514e5c5f20ee11d46b5beaff9e84418d187b496735e6d7fe410a3b41e,28471,MaliciousDoH-dnscat2-Pcap-1202_1802.zip,b97d7ac6d3dd7e65ff7c7610c3a95fff80664ba0e4e2ab25fcb62d15069388fa,dsncat2_default-tunnel_dnsadguardcom_doh5_2020-03-28T16:34:02.428848.pcap,MaliciousDoH-dnscat2-Pcap-1202_1802.zip/dsncat2_default-tunnel_dnsadguardcom_doh5_2020-03-28T16:34:02.428848.pcap,False
fresh-746b655f7ac9b5119336,fresh-746b655f7ac9b5119336,train,malicious,,dnscat2,,data/raw/DoHBrw/auxiliary_csv_archives/CSVs/MaliciousDoH-CSVs.zip,CSVs/dnscat2/Separate/dsncat2_default-tunnel_99911_doh10_2020-03-25T20:58:47.806349.csv,,exact_official_capture_csv,data/raw/DoHBrw/pcap/_w282_fresh_training/MaliciousDoH-dnscat2-Pcap-1202_1802/dsncat2_default-tunnel_99911_doh10_2020-03-25T20_58_47.806349.pcap,6bc45ddaf3a4c7a50ecc4073c4ef63bb7f0d8d7c93eabf6f72c3de31c186c92a,3245932,MaliciousDoH-dnscat2-Pcap-1202_1802.zip,b97d7ac6d3dd7e65ff7c7610c3a95fff80664ba0e4e2ab25fcb62d15069388fa,dsncat2_default-tunnel_99911_doh10_2020-03-25T20:58:47.806349.pcap,MaliciousDoH-dnscat2-Pcap-1202_1802.zip/dsncat2_default-tunnel_99911_doh10_2020-03-25T20:58:47.806349.pcap,False
fresh-5133d98af944da3cabce,fresh-5133d98af944da3cabce,train,malicious,,dnscat2,,data/raw/DoHBrw/auxiliary_csv_archives/CSVs/MaliciousDoH-CSVs.zip,CSVs/dnscat2/Separate/dsncat2_default-tunnel_dnsadguardcom_doh5_2020-03-29T02:14:22.918008.csv,,exact_official_capture_csv,data/raw/DoHBrw/pcap/_w282_fresh_training/MaliciousDoH-dnscat2-Pcap-1202_1802/dsncat2_default-tunnel_dnsadguardcom_doh5_2020-03-29T02_14_22.918008.pcap,c388ba9c6a3539d111a362d0a930953356746d89f197c68c455ae1661ec80284,28013,MaliciousDoH-dnscat2-Pcap-1202_1802.zip,b97d7ac6d3dd7e65ff7c7610c3a95fff80664ba0e4e2ab25fcb62d15069388fa,dsncat2_default-tunnel_dnsadguardcom_doh5_2020-03-29T02:14:22.918008.pcap,MaliciousDoH-dnscat2-Pcap-1202_1802.zip/dsncat2_default-tunnel_dnsadguardcom_doh5_2020-03-29T02:14:22.918008.pcap,False
fresh-5099fd2b2b188bd66a83,fresh-5099fd2b2b188bd66a83,train,malicious,,dnscat2,,data/raw/DoHBrw/auxiliary_csv_archives/CSVs/MaliciousDoH-CSVs.zip,CSVs/dnscat2/Separate/dsncat2_default-tunnel_dnsadguardcom_doh2_2020-03-28T07:21:02.520399.csv,,exact_official_capture_csv,data/raw/DoHBrw/pcap/_w282_fresh_training/MaliciousDoH-dnscat2-Pcap-1202_1802/dsncat2_default-tunnel_dnsadguardcom_doh2_2020-03-28T07_21_02.520399.pcap,90466ed1b9aca3f8d4f0c04b0bbed7dfa4b6303c9b6fcdc1cb1f92ec82718e63,28139,MaliciousDoH-dnscat2-Pcap-1202_1802.zip,b97d7ac6d3dd7e65ff7c7610c3a95fff80664ba0e4e2ab25fcb62d15069388fa,dsncat2_default-tunnel_dnsadguardcom_doh2_2020-03-28T07:21:02.520399.pcap,MaliciousDoH-dnscat2-Pcap-1202_1802.zip/dsncat2_default-tunnel_dnsadguardcom_doh2_2020-03-28T07:21:02.520399.pcap,False
fresh-bb848411deff3aca94e8,fresh-bb848411deff3aca94e8,train,malicious,,dnscat2,,data/raw/DoHBrw/auxiliary_csv_archives/CSVs/MaliciousDoH-CSVs.zip,CSVs/dnscat2/Separate/dsncat2_default-tunnel_dnsadguardcom_doh5_2020-03-29T04:32:22.595472.csv,,exact_official_capture_csv,data/raw/DoHBrw/pcap/_w282_fresh_training/MaliciousDoH-dnscat2-Pcap-1202_1802/dsncat2_default-tunnel_dnsadguardcom_doh5_2020-03-29T04_32_22.595472.pcap,eb8a5232c3d10a19ddac764519d95bcaa0122720e9c2c92c84d0443aadfbab50,28016,MaliciousDoH-dnscat2-Pcap-1202_1802.zip,b97d7ac6d3dd7e65ff7c7610c3a95fff80664ba0e4e2ab25fcb62d15069388fa,dsncat2_default-tunnel_dnsadguardcom_doh5_2020-03-29T04:32:22.595472.pcap,MaliciousDoH-dnscat2-Pcap-1202_1802.zip/dsncat2_default-tunnel_dnsadguardcom_doh5_2020-03-29T04:32:22.595472.pcap,False
fresh-8b59754562ecdb0eac21,fresh-8b59754562ecdb0eac21,train,malicious,,dnscat2,,data/raw/DoHBrw/auxiliary_csv_archives/CSVs/MaliciousDoH-CSVs.zip,CSVs/dnscat2/Separate/dsncat2_default-tunnel_dnsadguardcom_doh6_2020-03-28T10:07:00.629365.csv,,exact_official_capture_csv,data/raw/DoHBrw/pcap/_w282_fresh_training/MaliciousDoH-dnscat2-Pcap-1202_1802/dsncat2_default-tunnel_dnsadguardcom_doh6_2020-03-28T10_07_00.629365.pcap,e4e6ada6e4715654910f1af79acbbabf8ccbf56bd10596e96a08b810df109c4c,27777,MaliciousDoH-dnscat2-Pcap-1202_1802.zip,b97d7ac6d3dd7e65ff7c7610c3a95fff80664ba0e4e2ab25fcb62d15069388fa,dsncat2_default-tunnel_dnsadguardcom_doh6_2020-03-28T10:07:00.629365.pcap,MaliciousDoH-dnscat2-Pcap-1202_1802.zip/dsncat2_default-tunnel_dnsadguardcom_doh6_2020-03-28T10:07:00.629365.pcap,False
fresh-5500a3444f6a26bc6a31,fresh-5500a3444f6a26bc6a31,train,malicious,,dnscat2,,data/raw/DoHBrw/auxiliary_csv_archives/CSVs/MaliciousDoH-CSVs.zip,CSVs/dnscat2/Separate/dsncat2_default-tunnel_dnsadguardcom_doh5_2020-03-29T00:23:56.908869.csv,,exact_official_capture_csv,data/raw/DoHBrw/pcap/_w282_fresh_training/MaliciousDoH-dnscat2-Pcap-1202_1802/dsncat2_default-tunnel_dnsadguardcom_doh5_2020-03-29T00_23_56.908869.pcap,dc30dcff5e561b96df869d46049371e7e7185fee68e147485b630562c88215b8,28281,MaliciousDoH-dnscat2-Pcap-1202_1802.zip,b97d7ac6d3dd7e65ff7c7610c3a95fff80664ba0e4e2ab25fcb62d15069388fa,dsncat2_default-tunnel_dnsadguardcom_doh5_2020-03-29T00:23:56.908869.pcap,MaliciousDoH-dnscat2-Pcap-1202_1802.zip/dsncat2_default-tunnel_dnsadguardcom_doh5_2020-03-29T00:23:56.908869.pcap,False
fresh-702d51bcf9c9fad62eba,fresh-702d51bcf9c9fad62eba,train,malicious,,dnscat2,,data/raw/DoHBrw/auxiliary_csv_archives/CSVs/MaliciousDoH-CSVs.zip,CSVs/dnscat2/Separate/dsncat2_default-tunnel_dnsadguardcom_doh6_2020-03-29T09:08:31.017464.csv,,exact_official_capture_csv,data/raw/DoHBrw/pcap/_w282_fresh_training/MaliciousDoH-dnscat2-Pcap-1202_1802/dsncat2_default-tunnel_dnsadguardcom_doh6_2020-03-29T09_08_31.017464.pcap,443f78220aa58acd5dde9c8541f44ec0880d926780ff673c1bf84131cc7cc1d8,27593,MaliciousDoH-dnscat2-Pcap-1202_1802.zip,b97d7ac6d3dd7e65ff7c7610c3a95fff80664ba0e4e2ab25fcb62d15069388fa,dsncat2_default-tunnel_dnsadguardcom_doh6_2020-03-29T09:08:31.017464.pcap,MaliciousDoH-dnscat2-Pcap-1202_1802.zip/dsncat2_default-tunnel_dnsadguardcom_doh6_2020-03-29T09:08:31.017464.pcap,False
fresh-7c652eab15af2ebca325,fresh-7c652eab15af2ebca325,train,malicious,,dnscat2,,data/raw/DoHBrw/auxiliary_csv_archives/CSVs/MaliciousDoH-CSVs.zip,CSVs/dnscat2/Separate/dsncat2_default-tunnel_dnsadguardcom_doh4_2020-03-28T19:19:50.855460.csv,,exact_official_capture_csv,data/raw/DoHBrw/pcap/_w282_fresh_training/MaliciousDoH-dnscat2-Pcap-1202_1802/dsncat2_default-tunnel_dnsadguardcom_doh4_2020-03-28T19_19_50.855460.pcap,5a161f58bb8a313e29a14ceaaaba4bd712d3fb0bc0695a27c02a101d1d7fa76c,27936,MaliciousDoH-dnscat2-Pcap-1202_1802.zip,b97d7ac6d3dd7e65ff7c7610c3a95fff80664ba0e4e2ab25fcb62d15069388fa,dsncat2_default-tunnel_dnsadguardcom_doh4_2020-03-28T19:19:50.855460.pcap,MaliciousDoH-dnscat2-Pcap-1202_1802.zip/dsncat2_default-tunnel_dnsadguardcom_doh4_2020-03-28T19:19:50.855460.pcap,False
fresh-66f4a3e31aceaae54cab,fresh-66f4a3e31aceaae54cab,train,malicious,,dnscat2,,data/raw/DoHBrw/auxiliary_csv_archives/CSVs/MaliciousDoH-CSVs.zip,CSVs/dnscat2/Separate/dsncat2_default-tunnel_dnsadguardcom_doh4_2020-03-29T08:13:08.070459.csv,,exact_official_capture_csv,data/raw/DoHBrw/pcap/_w282_fresh_training/MaliciousDoH-dnscat2-Pcap-1202_1802/dsncat2_default-tunnel_dnsadguardcom_doh4_2020-03-29T08_13_08.070459.pcap,a547b452dd6fe300829949c331967e3741abeffc1a4f224b84448d3c19dec7b7,27677,MaliciousDoH-dnscat2-Pcap-1202_1802.zip,b97d7ac6d3dd7e65ff7c7610c3a95fff80664ba0e4e2ab25fcb62d15069388fa,dsncat2_default-tunnel_dnsadguardcom_doh4_2020-03-29T08:13:08.070459.pcap,MaliciousDoH-dnscat2-Pcap-1202_1802.zip/dsncat2_default-tunnel_dnsadguardcom_doh4_2020-03-29T08:13:08.070459.pcap,False
fresh-d22f370d63b5492406f8,fresh-d22f370d63b5492406f8,train,malicious,,dnscat2,,data/raw/DoHBrw/auxiliary_csv_archives/CSVs/MaliciousDoH-CSVs.zip,CSVs/dnscat2/Separate/dsncat2_default-tunnel_dnsadguardcom_doh1_2020-03-28T16:06:20.787810.csv,,exact_official_capture_csv,data/raw/DoHBrw/pcap/_w282_fresh_training/MaliciousDoH-dnscat2-Pcap-1202_1802/dsncat2_default-tunnel_dnsadguardcom_doh1_2020-03-28T16_06_20.787810.pcap,ab2f1be165000061ef954749ca5c6b457c248b7070649565a57998d8adb13b4b,1393034,MaliciousDoH-dnscat2-Pcap-1202_1802.zip,b97d7ac6d3dd7e65ff7c7610c3a95fff80664ba0e4e2ab25fcb62d15069388fa,dsncat2_default-tunnel_dnsadguardcom_doh1_2020-03-28T16:06:20.787810.pcap,MaliciousDoH-dnscat2-Pcap-1202_1802.zip/dsncat2_default-tunnel_dnsadguardcom_doh1_2020-03-28T16:06:20.787810.pcap,False
fresh-b3a2ea3ff21e8eeaeea5,fresh-b3a2ea3ff21e8eeaeea5,selection,malicious,,dnscat2,,data/raw/DoHBrw/auxiliary_csv_archives/CSVs/MaliciousDoH-CSVs.zip,CSVs/dnscat2/Separate/dsncat2_default-tunnel_dnsadguardcom_doh6_2020-03-29T10:31:25.859053.csv,,exact_official_capture_csv,data/raw/DoHBrw/pcap/_w282_fresh_training/MaliciousDoH-dnscat2-Pcap-1202_1802/dsncat2_default-tunnel_dnsadguardcom_doh6_2020-03-29T10_31_25.859053.pcap,7701978298f5cfcdfa16a0525385a31637bc8b46fad317a317ba33a46e63859a,27759,MaliciousDoH-dnscat2-Pcap-1202_1802.zip,b97d7ac6d3dd7e65ff7c7610c3a95fff80664ba0e4e2ab25fcb62d15069388fa,dsncat2_default-tunnel_dnsadguardcom_doh6_2020-03-29T10:31:25.859053.pcap,MaliciousDoH-dnscat2-Pcap-1202_1802.zip/dsncat2_default-tunnel_dnsadguardcom_doh6_2020-03-29T10:31:25.859053.pcap,False
fresh-24b36b7f099d5d05751c,fresh-24b36b7f099d5d05751c,selection,malicious,,dnscat2,,data/raw/DoHBrw/auxiliary_csv_archives/CSVs/MaliciousDoH-CSVs.zip,CSVs/dnscat2/Separate/dsncat2_default-tunnel_99911_doh10_2020-03-25T05:35:41.788770.csv,,exact_official_capture_csv,data/raw/DoHBrw/pcap/_w282_fresh_training/MaliciousDoH-dnscat2-Pcap-1202_1802/dsncat2_default-tunnel_99911_doh10_2020-03-25T05_35_41.788770.pcap,bc72c642a2c2c41e9a0b932473314fdcaa1fef495a05d10cb7dbada8c4209618,3228554,MaliciousDoH-dnscat2-Pcap-1202_1802.zip,b97d7ac6d3dd7e65ff7c7610c3a95fff80664ba0e4e2ab25fcb62d15069388fa,dsncat2_default-tunnel_99911_doh10_2020-03-25T05:35:41.788770.pcap,MaliciousDoH-dnscat2-Pcap-1202_1802.zip/dsncat2_default-tunnel_99911_doh10_2020-03-25T05:35:41.788770.pcap,False
fresh-0fd9dc5d3cb59975b650,fresh-0fd9dc5d3cb59975b650,selection,malicious,,dnscat2,,data/raw/DoHBrw/auxiliary_csv_archives/CSVs/MaliciousDoH-CSVs.zip,CSVs/dnscat2/Separate/dsncat2_default-tunnel_99911_doh7_2020-03-25T18:37:40.511793.csv,,exact_official_capture_csv,data/raw/DoHBrw/pcap/_w282_fresh_training/MaliciousDoH-dnscat2-Pcap-1202_1802/dsncat2_default-tunnel_99911_doh7_2020-03-25T18_37_40.511793.pcap,bb8bae02a8e3aa745b81715e73df9966dc7657a6ec5e656016c6503d3fcd3677,3190662,MaliciousDoH-dnscat2-Pcap-1202_1802.zip,b97d7ac6d3dd7e65ff7c7610c3a95fff80664ba0e4e2ab25fcb62d15069388fa,dsncat2_default-tunnel_99911_doh7_2020-03-25T18:37:40.511793.pcap,MaliciousDoH-dnscat2-Pcap-1202_1802.zip/dsncat2_default-tunnel_99911_doh7_2020-03-25T18:37:40.511793.pcap,False
fresh-5dc31bac0be041f8b82a,fresh-5dc31bac0be041f8b82a,selection,malicious,,dnscat2,,data/raw/DoHBrw/auxiliary_csv_archives/CSVs/MaliciousDoH-CSVs.zip,CSVs/dnscat2/Separate/dsncat2_default-tunnel_dnsadguardcom_doh6_2020-03-29T03:37:08.839851.csv,,exact_official_capture_csv,data/raw/DoHBrw/pcap/_w282_fresh_training/MaliciousDoH-dnscat2-Pcap-1202_1802/dsncat2_default-tunnel_dnsadguardcom_doh6_2020-03-29T03_37_08.839851.pcap,827a1300959013afda148812f962ac63a4733e4cabc6c1d1fd72113f2b89f996,27759,MaliciousDoH-dnscat2-Pcap-1202_1802.zip,b97d7ac6d3dd7e65ff7c7610c3a95fff80664ba0e4e2ab25fcb62d15069388fa,dsncat2_default-tunnel_dnsadguardcom_doh6_2020-03-29T03:37:08.839851.pcap,MaliciousDoH-dnscat2-Pcap-1202_1802.zip/dsncat2_default-tunnel_dnsadguardcom_doh6_2020-03-29T03:37:08.839851.pcap,False
fresh-eeef8c63a84ae476a0e2,fresh-eeef8c63a84ae476a0e2,selection,malicious,,dnscat2,,data/raw/DoHBrw/auxiliary_csv_archives/CSVs/MaliciousDoH-CSVs.zip,CSVs/dnscat2/Separate/dsncat2_default-tunnel_99911_doh8_2020-03-25T06:03:29.759666.csv,,exact_official_capture_csv,data/raw/DoHBrw/pcap/_w282_fresh_training/MaliciousDoH-dnscat2-Pcap-1202_1802/dsncat2_default-tunnel_99911_doh8_2020-03-25T06_03_29.759666.pcap,4f3b5a399d7404aae6d5dac3ffbc3e78a24a8dc1d87aee074c3a9371c7661a22,3461707,MaliciousDoH-dnscat2-Pcap-1202_1802.zip,b97d7ac6d3dd7e65ff7c7610c3a95fff80664ba0e4e2ab25fcb62d15069388fa,dsncat2_default-tunnel_99911_doh8_2020-03-25T06:03:29.759666.pcap,MaliciousDoH-dnscat2-Pcap-1202_1802.zip/dsncat2_default-tunnel_99911_doh8_2020-03-25T06:03:29.759666.pcap,False
fresh-d84abceb008be4b09beb,fresh-d84abceb008be4b09beb,selection,malicious,,dnscat2,,data/raw/DoHBrw/auxiliary_csv_archives/CSVs/MaliciousDoH-CSVs.zip,CSVs/dnscat2/Separate/dsncat2_default-tunnel_dnsadguardcom_doh5_2020-03-28T20:15:08.927344.csv,,exact_official_capture_csv,data/raw/DoHBrw/pcap/_w282_fresh_training/MaliciousDoH-dnscat2-Pcap-1202_1802/dsncat2_default-tunnel_dnsadguardcom_doh5_2020-03-28T20_15_08.927344.pcap,65fc3e2fb49d486832924ee75ef4747ab5dbe3e60939432249b34136cabfecd6,28097,MaliciousDoH-dnscat2-Pcap-1202_1802.zip,b97d7ac6d3dd7e65ff7c7610c3a95fff80664ba0e4e2ab25fcb62d15069388fa,dsncat2_default-tunnel_dnsadguardcom_doh5_2020-03-28T20:15:08.927344.pcap,MaliciousDoH-dnscat2-Pcap-1202_1802.zip/dsncat2_default-tunnel_dnsadguardcom_doh5_2020-03-28T20:15:08.927344.pcap,False
fresh-f2a7ee14e1d0e046f746,fresh-f2a7ee14e1d0e046f746,selection,malicious,,dnscat2,,data/raw/DoHBrw/auxiliary_csv_archives/CSVs/MaliciousDoH-CSVs.zip,CSVs/dnscat2/Separate/dsncat2_default-tunnel_dnsadguardcom_doh1_2020-03-28T18:24:34.719863.csv,,exact_official_capture_csv,data/raw/DoHBrw/pcap/_w282_fresh_training/MaliciousDoH-dnscat2-Pcap-1202_1802/dsncat2_default-tunnel_dnsadguardcom_doh1_2020-03-28T18_24_34.719863.pcap,dbd67011aba96756b6ff026de0975ca80ef2eb9073c6e96828d065c84043e7ba,2082702,MaliciousDoH-dnscat2-Pcap-1202_1802.zip,b97d7ac6d3dd7e65ff7c7610c3a95fff80664ba0e4e2ab25fcb62d15069388fa,dsncat2_default-tunnel_dnsadguardcom_doh1_2020-03-28T18:24:34.719863.pcap,MaliciousDoH-dnscat2-Pcap-1202_1802.zip/dsncat2_default-tunnel_dnsadguardcom_doh1_2020-03-28T18:24:34.719863.pcap,False
fresh-d86b7764aff123170707,fresh-d86b7764aff123170707,selection,malicious,,dnscat2,,data/raw/DoHBrw/auxiliary_csv_archives/CSVs/MaliciousDoH-CSVs.zip,CSVs/dnscat2/Separate/dsncat2_default-tunnel_99911_doh8_2020-03-25T22:22:52.923530.csv,,exact_official_capture_csv,data/raw/DoHBrw/pcap/_w282_fresh_training/MaliciousDoH-dnscat2-Pcap-1202_1802/dsncat2_default-tunnel_99911_doh8_2020-03-25T22_22_52.923530.pcap,ebdeebc18a71560500a8e5d25cb4592a7f4b2599e237e1eb91363037638f4089,2269157,MaliciousDoH-dnscat2-Pcap-1202_1802.zip,b97d7ac6d3dd7e65ff7c7610c3a95fff80664ba0e4e2ab25fcb62d15069388fa,dsncat2_default-tunnel_99911_doh8_2020-03-25T22:22:52.923530.pcap,MaliciousDoH-dnscat2-Pcap-1202_1802.zip/dsncat2_default-tunnel_99911_doh8_2020-03-25T22:22:52.923530.pcap,False
fresh-769478e9864d43366158,fresh-769478e9864d43366158,selection,malicious,,dnscat2,,data/raw/DoHBrw/auxiliary_csv_archives/CSVs/MaliciousDoH-CSVs.zip,CSVs/dnscat2/Separate/dsncat2_default-tunnel_99911_doh10_2020-03-24T23:31:08.058724.csv,,exact_official_capture_csv,data/raw/DoHBrw/pcap/_w282_fresh_training/MaliciousDoH-dnscat2-Pcap-1202_1802/dsncat2_default-tunnel_99911_doh10_2020-03-24T23_31_08.058724.pcap,0a0d417d99f9c46ef5bd143cbad498a1feeff2725632886e2d612243bc51fb2a,2517341,MaliciousDoH-dnscat2-Pcap-1202_1802.zip,b97d7ac6d3dd7e65ff7c7610c3a95fff80664ba0e4e2ab25fcb62d15069388fa,dsncat2_default-tunnel_99911_doh10_2020-03-24T23:31:08.058724.pcap,MaliciousDoH-dnscat2-Pcap-1202_1802.zip/dsncat2_default-tunnel_99911_doh10_2020-03-24T23:31:08.058724.pcap,False
fresh-c6b90f4ea3b9882ea633,fresh-c6b90f4ea3b9882ea633,selection,malicious,,dnscat2,,data/raw/DoHBrw/auxiliary_csv_archives/CSVs/MaliciousDoH-CSVs.zip,CSVs/dnscat2/Separate/dsncat2_default-tunnel_dnsadguardcom_doh3_2020-03-28T11:57:37.589213.csv,,exact_official_capture_csv,data/raw/DoHBrw/pcap/_w282_fresh_training/MaliciousDoH-dnscat2-Pcap-1202_1802/dsncat2_default-tunnel_dnsadguardcom_doh3_2020-03-28T11_57_37.589213.pcap,b33056406d00aa55ea876d184492a50b681086ab485cddefc33e2cf2bc63ab5c,27522,MaliciousDoH-dnscat2-Pcap-1202_1802.zip,b97d7ac6d3dd7e65ff7c7610c3a95fff80664ba0e4e2ab25fcb62d15069388fa,dsncat2_default-tunnel_dnsadguardcom_doh3_2020-03-28T11:57:37.589213.pcap,MaliciousDoH-dnscat2-Pcap-1202_1802.zip/dsncat2_default-tunnel_dnsadguardcom_doh3_2020-03-28T11:57:37.589213.pcap,False
fresh-cefc1f8e6a9377e87ac6,fresh-cefc1f8e6a9377e87ac6,selection,malicious,,dnscat2,,data/raw/DoHBrw/auxiliary_csv_archives/CSVs/MaliciousDoH-CSVs.zip,CSVs/dnscat2/Separate/dsncat2_default-tunnel_dnsadguardcom_doh4_2020-03-28T13:48:04.886441.csv,,exact_official_capture_csv,data/raw/DoHBrw/pcap/_w282_fresh_training/MaliciousDoH-dnscat2-Pcap-1202_1802/dsncat2_default-tunnel_dnsadguardcom_doh4_2020-03-28T13_48_04.886441.pcap,683ead2758a75b80bb1441af12ff38823c78ee4b8512a8bc560430205abd639a,27679,MaliciousDoH-dnscat2-Pcap-1202_1802.zip,b97d7ac6d3dd7e65ff7c7610c3a95fff80664ba0e4e2ab25fcb62d15069388fa,dsncat2_default-tunnel_dnsadguardcom_doh4_2020-03-28T13:48:04.886441.pcap,MaliciousDoH-dnscat2-Pcap-1202_1802.zip/dsncat2_default-tunnel_dnsadguardcom_doh4_2020-03-28T13:48:04.886441.pcap,False
fresh-32e7dda332fcb31b2b5d,fresh-32e7dda332fcb31b2b5d,selection,malicious,,dnscat2,,data/raw/DoHBrw/auxiliary_csv_archives/CSVs/MaliciousDoH-CSVs.zip,CSVs/dnscat2/Separate/dsncat2_default-tunnel_dnsadguardcom_doh1_2020-03-28T12:52:51.488381.csv,,exact_official_capture_csv,data/raw/DoHBrw/pcap/_w282_fresh_training/MaliciousDoH-dnscat2-Pcap-1202_1802/dsncat2_default-tunnel_dnsadguardcom_doh1_2020-03-28T12_52_51.488381.pcap,ce8ec08474df41b2950c4108f656c11d446f0d2cffebc00d1fc6404ba6b01fbf,2075324,MaliciousDoH-dnscat2-Pcap-1202_1802.zip,b97d7ac6d3dd7e65ff7c7610c3a95fff80664ba0e4e2ab25fcb62d15069388fa,dsncat2_default-tunnel_dnsadguardcom_doh1_2020-03-28T12:52:51.488381.pcap,MaliciousDoH-dnscat2-Pcap-1202_1802.zip/dsncat2_default-tunnel_dnsadguardcom_doh1_2020-03-28T12:52:51.488381.pcap,False
fresh-e5d6b8e489a5b3a32fdc,fresh-e5d6b8e489a5b3a32fdc,selection,malicious,,dnscat2,,data/raw/DoHBrw/auxiliary_csv_archives/CSVs/MaliciousDoH-CSVs.zip,CSVs/dnscat2/Separate/dsncat2_default-tunnel_dnsadguardcom_doh6_2020-03-29T04:32:22.929101.csv,,exact_official_capture_csv,data/raw/DoHBrw/pcap/_w282_fresh_training/MaliciousDoH-dnscat2-Pcap-1202_1802/dsncat2_default-tunnel_dnsadguardcom_doh6_2020-03-29T04_32_22.929101.pcap,22ff097653df96b250acde3ee2fcafcdd4c8f5f6697ac15180ad0353125d5481,27934,MaliciousDoH-dnscat2-Pcap-1202_1802.zip,b97d7ac6d3dd7e65ff7c7610c3a95fff80664ba0e4e2ab25fcb62d15069388fa,dsncat2_default-tunnel_dnsadguardcom_doh6_2020-03-29T04:32:22.929101.pcap,MaliciousDoH-dnscat2-Pcap-1202_1802.zip/dsncat2_default-tunnel_dnsadguardcom_doh6_2020-03-29T04:32:22.929101.pcap,False
fresh-4729a42f7aee9e4d338d,fresh-4729a42f7aee9e4d338d,selection,malicious,,dnscat2,,data/raw/DoHBrw/auxiliary_csv_archives/CSVs/MaliciousDoH-CSVs.zip,CSVs/dnscat2/Separate/dsncat2_default-tunnel_dnsadguardcom_doh6_2020-03-28T11:57:38.796046.csv,,exact_official_capture_csv,data/raw/DoHBrw/pcap/_w282_fresh_training/MaliciousDoH-dnscat2-Pcap-1202_1802/dsncat2_default-tunnel_dnsadguardcom_doh6_2020-03-28T11_57_38.796046.pcap,f126e78d9f5d6078d8459657d235445650f2b37e53a1170f2826d7a2fce99ff9,27601,MaliciousDoH-dnscat2-Pcap-1202_1802.zip,b97d7ac6d3dd7e65ff7c7610c3a95fff80664ba0e4e2ab25fcb62d15069388fa,dsncat2_default-tunnel_dnsadguardcom_doh6_2020-03-28T11:57:38.796046.pcap,MaliciousDoH-dnscat2-Pcap-1202_1802.zip/dsncat2_default-tunnel_dnsadguardcom_doh6_2020-03-28T11:57:38.796046.pcap,False
fresh-54a525e9ed8f31994aee,fresh-54a525e9ed8f31994aee,selection,malicious,,dnscat2,,data/raw/DoHBrw/auxiliary_csv_archives/CSVs/MaliciousDoH-CSVs.zip,CSVs/dnscat2/Separate/dsncat2_default-tunnel_99911_doh10_2020-03-25T07:55:34.886742.csv,,exact_official_capture_csv,data/raw/DoHBrw/pcap/_w282_fresh_training/MaliciousDoH-dnscat2-Pcap-1202_1802/dsncat2_default-tunnel_99911_doh10_2020-03-25T07_55_34.886742.pcap,5ea0815d6f89b81f42c53f3ab1ebf86f619ba7f976f4939f100ef70d56b619c3,2554296,MaliciousDoH-dnscat2-Pcap-1202_1802.zip,b97d7ac6d3dd7e65ff7c7610c3a95fff80664ba0e4e2ab25fcb62d15069388fa,dsncat2_default-tunnel_99911_doh10_2020-03-25T07:55:34.886742.pcap,MaliciousDoH-dnscat2-Pcap-1202_1802.zip/dsncat2_default-tunnel_99911_doh10_2020-03-25T07:55:34.886742.pcap,False
fresh-4e99e836bf2bdcf8df0f,fresh-4e99e836bf2bdcf8df0f,selection,malicious,,dnscat2,,data/raw/DoHBrw/auxiliary_csv_archives/CSVs/MaliciousDoH-CSVs.zip,CSVs/dnscat2/Separate/dsncat2_default-tunnel_dnsadguardcom_doh1_2020-03-29T03:09:31.581883.csv,,exact_official_capture_csv,data/raw/DoHBrw/pcap/_w282_fresh_training/MaliciousDoH-dnscat2-Pcap-1202_1802/dsncat2_default-tunnel_dnsadguardcom_doh1_2020-03-29T03_09_31.581883.pcap,2573a2ad6bfed0dfdd80e65e47f9d658efa2774ca40900357efd4bbeb4c269f1,2079102,MaliciousDoH-dnscat2-Pcap-1202_1802.zip,b97d7ac6d3dd7e65ff7c7610c3a95fff80664ba0e4e2ab25fcb62d15069388fa,dsncat2_default-tunnel_dnsadguardcom_doh1_2020-03-29T03:09:31.581883.pcap,MaliciousDoH-dnscat2-Pcap-1202_1802.zip/dsncat2_default-tunnel_dnsadguardcom_doh1_2020-03-29T03:09:31.581883.pcap,False
fresh-94da4b0abd4de5eec128,fresh-94da4b0abd4de5eec128,selection,malicious,,dnscat2,,data/raw/DoHBrw/auxiliary_csv_archives/CSVs/MaliciousDoH-CSVs.zip,CSVs/dnscat2/Separate/dsncat2_default-tunnel_dnsadguardcom_doh6_2020-03-28T20:15:09.496146.csv,,exact_official_capture_csv,data/raw/DoHBrw/pcap/_w282_fresh_training/MaliciousDoH-dnscat2-Pcap-1202_1802/dsncat2_default-tunnel_dnsadguardcom_doh6_2020-03-28T20_15_09.496146.pcap,1ca8dada7a999cb5ebb6cce175f10fcc635c99c9e40b3ddc753b2f3e2dc778f9,27514,MaliciousDoH-dnscat2-Pcap-1202_1802.zip,b97d7ac6d3dd7e65ff7c7610c3a95fff80664ba0e4e2ab25fcb62d15069388fa,dsncat2_default-tunnel_dnsadguardcom_doh6_2020-03-28T20:15:09.496146.pcap,MaliciousDoH-dnscat2-Pcap-1202_1802.zip/dsncat2_default-tunnel_dnsadguardcom_doh6_2020-03-28T20:15:09.496146.pcap,False
fresh-adeeae27c03efaa28f8c,fresh-adeeae27c03efaa28f8c,selection,malicious,,dnscat2,,data/raw/DoHBrw/auxiliary_csv_archives/CSVs/MaliciousDoH-CSVs.zip,CSVs/dnscat2/Separate/dsncat2_default-tunnel_99911_doh8_2020-03-25T02:19:16.504881.csv,,exact_official_capture_csv,data/raw/DoHBrw/pcap/_w282_fresh_training/MaliciousDoH-dnscat2-Pcap-1202_1802/dsncat2_default-tunnel_99911_doh8_2020-03-25T02_19_16.504881.pcap,c7244e4169eda207daec8c4be5f95963fd6e02597e87b009cce286e5b3677177,2448349,MaliciousDoH-dnscat2-Pcap-1202_1802.zip,b97d7ac6d3dd7e65ff7c7610c3a95fff80664ba0e4e2ab25fcb62d15069388fa,dsncat2_default-tunnel_99911_doh8_2020-03-25T02:19:16.504881.pcap,MaliciousDoH-dnscat2-Pcap-1202_1802.zip/dsncat2_default-tunnel_99911_doh8_2020-03-25T02:19:16.504881.pcap,False
fresh-2c4a0ea441587a5dd588,fresh-2c4a0ea441587a5dd588,selection,malicious,,dnscat2,,data/raw/DoHBrw/auxiliary_csv_archives/CSVs/MaliciousDoH-CSVs.zip,CSVs/dnscat2/Separate/dsncat2_default-tunnel_99911_doh7_2020-03-26T00:42:12.324826.csv,,exact_official_capture_csv,data/raw/DoHBrw/pcap/_w282_fresh_training/MaliciousDoH-dnscat2-Pcap-1202_1802/dsncat2_default-tunnel_99911_doh7_2020-03-26T00_42_12.324826.pcap,e0e36a0f0a56be5eee2904a33c748efedbf9a35088fddc34a29d9a11fb84434d,2902211,MaliciousDoH-dnscat2-Pcap-1202_1802.zip,b97d7ac6d3dd7e65ff7c7610c3a95fff80664ba0e4e2ab25fcb62d15069388fa,dsncat2_default-tunnel_99911_doh7_2020-03-26T00:42:12.324826.pcap,MaliciousDoH-dnscat2-Pcap-1202_1802.zip/dsncat2_default-tunnel_99911_doh7_2020-03-26T00:42:12.324826.pcap,False
fresh-05189ffab558483527cd,fresh-05189ffab558483527cd,selection,malicious,,dnscat2,,data/raw/DoHBrw/auxiliary_csv_archives/CSVs/MaliciousDoH-CSVs.zip,CSVs/dnscat2/Separate/dsncat2_default-tunnel_99911_doh7_2020-03-25T07:27:25.297131.csv,,exact_official_capture_csv,data/raw/DoHBrw/pcap/_w282_fresh_training/MaliciousDoH-dnscat2-Pcap-1202_1802/dsncat2_default-tunnel_99911_doh7_2020-03-25T07_27_25.297131.pcap,77c298b060de5bf24c96b732d3e864a977d4f70d51a79de250847720a67645d3,2326978,MaliciousDoH-dnscat2-Pcap-1202_1802.zip,b97d7ac6d3dd7e65ff7c7610c3a95fff80664ba0e4e2ab25fcb62d15069388fa,dsncat2_default-tunnel_99911_doh7_2020-03-25T07:27:25.297131.pcap,MaliciousDoH-dnscat2-Pcap-1202_1802.zip/dsncat2_default-tunnel_99911_doh7_2020-03-25T07:27:25.297131.pcap,False
fresh-d1bff2bb7dfa217e48e8,fresh-d1bff2bb7dfa217e48e8,acceptance,malicious,,dnscat2,,data/raw/DoHBrw/auxiliary_csv_archives/CSVs/MaliciousDoH-CSVs.zip,CSVs/dnscat2/Separate/dsncat2_default-tunnel_dnsadguardcom_doh1_2020-03-29T07:45:23.888818.csv,,exact_official_capture_csv,data/raw/DoHBrw/pcap/_w282_fresh_training/MaliciousDoH-dnscat2-Pcap-1202_1802/dsncat2_default-tunnel_dnsadguardcom_doh1_2020-03-29T07_45_23.888818.pcap,28664fcbd23352482ecc02cc3b4e16ae87364507cd925d7eb6930a01f9e91045,2117301,MaliciousDoH-dnscat2-Pcap-1202_1802.zip,b97d7ac6d3dd7e65ff7c7610c3a95fff80664ba0e4e2ab25fcb62d15069388fa,dsncat2_default-tunnel_dnsadguardcom_doh1_2020-03-29T07:45:23.888818.pcap,MaliciousDoH-dnscat2-Pcap-1202_1802.zip/dsncat2_default-tunnel_dnsadguardcom_doh1_2020-03-29T07:45:23.888818.pcap,False
fresh-12fad864881cca22e8b2,fresh-12fad864881cca22e8b2,acceptance,malicious,,dnscat2,,data/raw/DoHBrw/auxiliary_csv_archives/CSVs/MaliciousDoH-CSVs.zip,CSVs/dnscat2/Separate/dsncat2_default-tunnel_99911_doh10_2020-03-25T15:48:58.147451.csv,,exact_official_capture_csv,data/raw/DoHBrw/pcap/_w282_fresh_training/MaliciousDoH-dnscat2-Pcap-1202_1802/dsncat2_default-tunnel_99911_doh10_2020-03-25T15_48_58.147451.pcap,586e8cd4386a0b5d3150d81f2c2b6b5522376b4c9b8c721a05096b9ed0f39560,3239857,MaliciousDoH-dnscat2-Pcap-1202_1802.zip,b97d7ac6d3dd7e65ff7c7610c3a95fff80664ba0e4e2ab25fcb62d15069388fa,dsncat2_default-tunnel_99911_doh10_2020-03-25T15:48:58.147451.pcap,MaliciousDoH-dnscat2-Pcap-1202_1802.zip/dsncat2_default-tunnel_99911_doh10_2020-03-25T15:48:58.147451.pcap,False
fresh-61ed10e1b519dee3cc2e,fresh-61ed10e1b519dee3cc2e,acceptance,malicious,,dnscat2,,data/raw/DoHBrw/auxiliary_csv_archives/CSVs/MaliciousDoH-CSVs.zip,CSVs/dnscat2/Separate/dsncat2_default-tunnel_dnsadguardcom_doh3_2020-03-28T09:39:17.626683.csv,,exact_official_capture_csv,data/raw/DoHBrw/pcap/_w282_fresh_training/MaliciousDoH-dnscat2-Pcap-1202_1802/dsncat2_default-tunnel_dnsadguardcom_doh3_2020-03-28T09_39_17.626683.pcap,b2355a3af9ffec9e0843ff66998eed3bf14ba93b269220d0bb003b495fb5843e,25962,MaliciousDoH-dnscat2-Pcap-1202_1802.zip,b97d7ac6d3dd7e65ff7c7610c3a95fff80664ba0e4e2ab25fcb62d15069388fa,dsncat2_default-tunnel_dnsadguardcom_doh3_2020-03-28T09:39:17.626683.pcap,MaliciousDoH-dnscat2-Pcap-1202_1802.zip/dsncat2_default-tunnel_dnsadguardcom_doh3_2020-03-28T09:39:17.626683.pcap,False
fresh-f9f876448aee33a0f90c,fresh-f9f876448aee33a0f90c,acceptance,malicious,,dnscat2,,data/raw/DoHBrw/auxiliary_csv_archives/CSVs/MaliciousDoH-CSVs.zip,CSVs/dnscat2/Separate/dsncat2_default-tunnel_dnsadguardcom_doh2_2020-03-28T08:43:59.173899.csv,,exact_official_capture_csv,data/raw/DoHBrw/pcap/_w282_fresh_training/MaliciousDoH-dnscat2-Pcap-1202_1802/dsncat2_default-tunnel_dnsadguardcom_doh2_2020-03-28T08_43_59.173899.pcap,a06917225854e5c291eabfb21b45c04948319bb15eddaa63b91f8c611084f109,27593,MaliciousDoH-dnscat2-Pcap-1202_1802.zip,b97d7ac6d3dd7e65ff7c7610c3a95fff80664ba0e4e2ab25fcb62d15069388fa,dsncat2_default-tunnel_dnsadguardcom_doh2_2020-03-28T08:43:59.173899.pcap,MaliciousDoH-dnscat2-Pcap-1202_1802.zip/dsncat2_default-tunnel_dnsadguardcom_doh2_2020-03-28T08:43:59.173899.pcap,False
fresh-6157b9e2da80ebc6d7fc,fresh-6157b9e2da80ebc6d7fc,acceptance,malicious,,dnscat2,,data/raw/DoHBrw/auxiliary_csv_archives/CSVs/MaliciousDoH-CSVs.zip,CSVs/dnscat2/Separate/dsncat2_default-tunnel_99911_doh9_2020-03-26T00:42:13.737993.csv,,exact_official_capture_csv,data/raw/DoHBrw/pcap/_w282_fresh_training/MaliciousDoH-dnscat2-Pcap-1202_1802/dsncat2_default-tunnel_99911_doh9_2020-03-26T00_42_13.737993.pcap,8ccc1f4453d20b4e2feacae9d2800d7797aea03f06e2052929de8aa0541e3b77,2599553,MaliciousDoH-dnscat2-Pcap-1202_1802.zip,b97d7ac6d3dd7e65ff7c7610c3a95fff80664ba0e4e2ab25fcb62d15069388fa,dsncat2_default-tunnel_99911_doh9_2020-03-26T00:42:13.737993.pcap,MaliciousDoH-dnscat2-Pcap-1202_1802.zip/dsncat2_default-tunnel_99911_doh9_2020-03-26T00:42:13.737993.pcap,False
fresh-bd8e6b339a1838638328,fresh-bd8e6b339a1838638328,acceptance,malicious,,dnscat2,,data/raw/DoHBrw/auxiliary_csv_archives/CSVs/MaliciousDoH-CSVs.zip,CSVs/dnscat2/Separate/dsncat2_default-tunnel_99911_doh7_2020-03-25T16:44:49.304216.csv,,exact_official_capture_csv,data/raw/DoHBrw/pcap/_w282_fresh_training/MaliciousDoH-dnscat2-Pcap-1202_1802/dsncat2_default-tunnel_99911_doh7_2020-03-25T16_44_49.304216.pcap,c540a4ee17576ecc4cf3e77dde7617cc30e23f0486c2cfde7f14e66df9935d15,3198285,MaliciousDoH-dnscat2-Pcap-1202_1802.zip,b97d7ac6d3dd7e65ff7c7610c3a95fff80664ba0e4e2ab25fcb62d15069388fa,dsncat2_default-tunnel_99911_doh7_2020-03-25T16:44:49.304216.pcap,MaliciousDoH-dnscat2-Pcap-1202_1802.zip/dsncat2_default-tunnel_99911_doh7_2020-03-25T16:44:49.304216.pcap,False
fresh-11d965c4b86f234d03ff,fresh-11d965c4b86f234d03ff,acceptance,malicious,,dnscat2,,data/raw/DoHBrw/auxiliary_csv_archives/CSVs/MaliciousDoH-CSVs.zip,CSVs/dnscat2/Separate/dsncat2_default-tunnel_dnsadguardcom_doh5_2020-03-28T13:20:28.583611.csv,,exact_official_capture_csv,data/raw/DoHBrw/pcap/_w282_fresh_training/MaliciousDoH-dnscat2-Pcap-1202_1802/dsncat2_default-tunnel_dnsadguardcom_doh5_2020-03-28T13_20_28.583611.pcap,f06af4acf814a4f8cad0d86b526f29c6111e7b2ff0a2d78fe3fe5e09343eedb5,28022,MaliciousDoH-dnscat2-Pcap-1202_1802.zip,b97d7ac6d3dd7e65ff7c7610c3a95fff80664ba0e4e2ab25fcb62d15069388fa,dsncat2_default-tunnel_dnsadguardcom_doh5_2020-03-28T13:20:28.583611.pcap,MaliciousDoH-dnscat2-Pcap-1202_1802.zip/dsncat2_default-tunnel_dnsadguardcom_doh5_2020-03-28T13:20:28.583611.pcap,False
fresh-ac6e48ae189c0ff93d29,fresh-ac6e48ae189c0ff93d29,acceptance,malicious,,dnscat2,,data/raw/DoHBrw/auxiliary_csv_archives/CSVs/MaliciousDoH-CSVs.zip,CSVs/dnscat2/Separate/dsncat2_default-tunnel_dnsadguardcom_doh4_2020-03-29T10:03:46.319554.csv,,exact_official_capture_csv,data/raw/DoHBrw/pcap/_w282_fresh_training/MaliciousDoH-dnscat2-Pcap-1202_1802/dsncat2_default-tunnel_dnsadguardcom_doh4_2020-03-29T10_03_46.319554.pcap,c4a14addca219062626b585b5d880dac0b54cdff68c80f9b30690847bf2492d2,27764,MaliciousDoH-dnscat2-Pcap-1202_1802.zip,b97d7ac6d3dd7e65ff7c7610c3a95fff80664ba0e4e2ab25fcb62d15069388fa,dsncat2_default-tunnel_dnsadguardcom_doh4_2020-03-29T10:03:46.319554.pcap,MaliciousDoH-dnscat2-Pcap-1202_1802.zip/dsncat2_default-tunnel_dnsadguardcom_doh4_2020-03-29T10:03:46.319554.pcap,False
fresh-64344a2261a46a70445b,fresh-64344a2261a46a70445b,acceptance,malicious,,dnscat2,,data/raw/DoHBrw/auxiliary_csv_archives/CSVs/MaliciousDoH-CSVs.zip,CSVs/dnscat2/Separate/dsncat2_default-tunnel_dnsadguardcom_doh2_2020-03-28T07:48:41.240517.csv,,exact_official_capture_csv,data/raw/DoHBrw/pcap/_w282_fresh_training/MaliciousDoH-dnscat2-Pcap-1202_1802/dsncat2_default-tunnel_dnsadguardcom_doh2_2020-03-28T07_48_41.240517.pcap,9390f2798157b23c829da25fb6245afec49a9b642c537aafb01628bfcf8a811f,27679,MaliciousDoH-dnscat2-Pcap-1202_1802.zip,b97d7ac6d3dd7e65ff7c7610c3a95fff80664ba0e4e2ab25fcb62d15069388fa,dsncat2_default-tunnel_dnsadguardcom_doh2_2020-03-28T07:48:41.240517.pcap,MaliciousDoH-dnscat2-Pcap-1202_1802.zip/dsncat2_default-tunnel_dnsadguardcom_doh2_2020-03-28T07:48:41.240517.pcap,False
fresh-0a3e3ded5b00b5b85040,fresh-0a3e3ded5b00b5b85040,acceptance,malicious,,dnscat2,,data/raw/DoHBrw/auxiliary_csv_archives/CSVs/MaliciousDoH-CSVs.zip,CSVs/dnscat2/Separate/dsncat2_default-tunnel_dnsadguardcom_doh4_2020-03-29T02:41:57.812960.csv,,exact_official_capture_csv,data/raw/DoHBrw/pcap/_w282_fresh_training/MaliciousDoH-dnscat2-Pcap-1202_1802/dsncat2_default-tunnel_dnsadguardcom_doh4_2020-03-29T02_41_57.812960.pcap,64e97060d4879f8d25e84d88030fc22320f9b114d01ac81605053c64d31e5ec6,27847,MaliciousDoH-dnscat2-Pcap-1202_1802.zip,b97d7ac6d3dd7e65ff7c7610c3a95fff80664ba0e4e2ab25fcb62d15069388fa,dsncat2_default-tunnel_dnsadguardcom_doh4_2020-03-29T02:41:57.812960.pcap,MaliciousDoH-dnscat2-Pcap-1202_1802.zip/dsncat2_default-tunnel_dnsadguardcom_doh4_2020-03-29T02:41:57.812960.pcap,False
fresh-0b221082a37b1f4914d4,fresh-0b221082a37b1f4914d4,acceptance,malicious,,dnscat2,,data/raw/DoHBrw/auxiliary_csv_archives/CSVs/MaliciousDoH-CSVs.zip,CSVs/dnscat2/Separate/dsncat2_default-tunnel_99911_doh9_2020-03-25T19:34:06.609007.csv,,exact_official_capture_csv,data/raw/DoHBrw/pcap/_w282_fresh_training/MaliciousDoH-dnscat2-Pcap-1202_1802/dsncat2_default-tunnel_99911_doh9_2020-03-25T19_34_06.609007.pcap,5f7c484e6530605c74e9abe7b961a396b44462c52311aa15f6e282bd05a3042a,3158788,MaliciousDoH-dnscat2-Pcap-1202_1802.zip,b97d7ac6d3dd7e65ff7c7610c3a95fff80664ba0e4e2ab25fcb62d15069388fa,dsncat2_default-tunnel_99911_doh9_2020-03-25T19:34:06.609007.pcap,MaliciousDoH-dnscat2-Pcap-1202_1802.zip/dsncat2_default-tunnel_99911_doh9_2020-03-25T19:34:06.609007.pcap,False
fresh-723f1f31bc9243ada898,fresh-723f1f31bc9243ada898,acceptance,malicious,,dnscat2,,data/raw/DoHBrw/auxiliary_csv_archives/CSVs/MaliciousDoH-CSVs.zip,CSVs/dnscat2/Separate/dsncat2_default-tunnel_99911_doh7_2020-03-25T10:15:12.444491.csv,,exact_official_capture_csv,data/raw/DoHBrw/pcap/_w282_fresh_training/MaliciousDoH-dnscat2-Pcap-1202_1802/dsncat2_default-tunnel_99911_doh7_2020-03-25T10_15_12.444491.pcap,b53e78a83fa26551d97c03b8c58723dcfc70e09ab40f5806225512eb1f69ab61,2329292,MaliciousDoH-dnscat2-Pcap-1202_1802.zip,b97d7ac6d3dd7e65ff7c7610c3a95fff80664ba0e4e2ab25fcb62d15069388fa,dsncat2_default-tunnel_99911_doh7_2020-03-25T10:15:12.444491.pcap,MaliciousDoH-dnscat2-Pcap-1202_1802.zip/dsncat2_default-tunnel_99911_doh7_2020-03-25T10:15:12.444491.pcap,False
fresh-cf69c0e9d3a0aba660c0,fresh-cf69c0e9d3a0aba660c0,acceptance,malicious,,dnscat2,,data/raw/DoHBrw/auxiliary_csv_archives/CSVs/MaliciousDoH-CSVs.zip,CSVs/dnscat2/Separate/dsncat2_default-tunnel_99911_doh8_2020-03-25T00:27:00.928889.csv,,exact_official_capture_csv,data/raw/DoHBrw/pcap/_w282_fresh_training/MaliciousDoH-dnscat2-Pcap-1202_1802/dsncat2_default-tunnel_99911_doh8_2020-03-25T00_27_00.928889.pcap,700ce61e8060221cf07d1cfbaeae59f9d0445b7c60b07a95bde25c04d95781e8,3241460,MaliciousDoH-dnscat2-Pcap-1202_1802.zip,b97d7ac6d3dd7e65ff7c7610c3a95fff80664ba0e4e2ab25fcb62d15069388fa,dsncat2_default-tunnel_99911_doh8_2020-03-25T00:27:00.928889.pcap,MaliciousDoH-dnscat2-Pcap-1202_1802.zip/dsncat2_default-tunnel_99911_doh8_2020-03-25T00:27:00.928889.pcap,False
fresh-27c93a30795717bd7873,fresh-27c93a30795717bd7873,acceptance,malicious,,dnscat2,,data/raw/DoHBrw/auxiliary_csv_archives/CSVs/MaliciousDoH-CSVs.zip,CSVs/dnscat2/Separate/dsncat2_default-tunnel_99911_doh10_2020-03-25T11:11:00.973538.csv,,exact_official_capture_csv,data/raw/DoHBrw/pcap/_w282_fresh_training/MaliciousDoH-dnscat2-Pcap-1202_1802/dsncat2_default-tunnel_99911_doh10_2020-03-25T11_11_00.973538.pcap,cc470c0c0d658b0140246e15405f251b45954b68b6b324bd0fd9f49e99e097c0,2200669,MaliciousDoH-dnscat2-Pcap-1202_1802.zip,b97d7ac6d3dd7e65ff7c7610c3a95fff80664ba0e4e2ab25fcb62d15069388fa,dsncat2_default-tunnel_99911_doh10_2020-03-25T11:11:00.973538.pcap,MaliciousDoH-dnscat2-Pcap-1202_1802.zip/dsncat2_default-tunnel_99911_doh10_2020-03-25T11:11:00.973538.pcap,False
fresh-c60ac7e242ab4c8edbc6,fresh-c60ac7e242ab4c8edbc6,acceptance,malicious,,dnscat2,,data/raw/DoHBrw/auxiliary_csv_archives/CSVs/MaliciousDoH-CSVs.zip,CSVs/dnscat2/Separate/dsncat2_default-tunnel_dnsadguardcom_doh6_2020-03-29T08:40:50.861455.csv,,exact_official_capture_csv,data/raw/DoHBrw/pcap/_w282_fresh_training/MaliciousDoH-dnscat2-Pcap-1202_1802/dsncat2_default-tunnel_dnsadguardcom_doh6_2020-03-29T08_40_50.861455.pcap,7b622ba136ef9aaa8ad26aecb8c57dfc444f56d0e1a248a680460e5f4fad2cea,27939,MaliciousDoH-dnscat2-Pcap-1202_1802.zip,b97d7ac6d3dd7e65ff7c7610c3a95fff80664ba0e4e2ab25fcb62d15069388fa,dsncat2_default-tunnel_dnsadguardcom_doh6_2020-03-29T08:40:50.861455.pcap,MaliciousDoH-dnscat2-Pcap-1202_1802.zip/dsncat2_default-tunnel_dnsadguardcom_doh6_2020-03-29T08:40:50.861455.pcap,False
fresh-581ec3494b98700e79ec,fresh-581ec3494b98700e79ec,acceptance,malicious,,dnscat2,,data/raw/DoHBrw/auxiliary_csv_archives/CSVs/MaliciousDoH-CSVs.zip,CSVs/dnscat2/Separate/dsncat2_default-tunnel_dnsadguardcom_doh5_2020-03-29T01:46:47.058613.csv,,exact_official_capture_csv,data/raw/DoHBrw/pcap/_w282_fresh_training/MaliciousDoH-dnscat2-Pcap-1202_1802/dsncat2_default-tunnel_dnsadguardcom_doh5_2020-03-29T01_46_47.058613.pcap,9fd10e55084fc3295ac6df51415276b2da1f848db139a224cc4a939f8c149303,28006,MaliciousDoH-dnscat2-Pcap-1202_1802.zip,b97d7ac6d3dd7e65ff7c7610c3a95fff80664ba0e4e2ab25fcb62d15069388fa,dsncat2_default-tunnel_dnsadguardcom_doh5_2020-03-29T01:46:47.058613.pcap,MaliciousDoH-dnscat2-Pcap-1202_1802.zip/dsncat2_default-tunnel_dnsadguardcom_doh5_2020-03-29T01:46:47.058613.pcap,False
fresh-5fb8acd88205365a9b38,fresh-5fb8acd88205365a9b38,acceptance,malicious,,dnscat2,,data/raw/DoHBrw/auxiliary_csv_archives/CSVs/MaliciousDoH-CSVs.zip,CSVs/dnscat2/Separate/dsncat2_default-tunnel_dnsadguardcom_doh3_2020-03-28T23:01:05.077990.csv,,exact_official_capture_csv,data/raw/DoHBrw/pcap/_w282_fresh_training/MaliciousDoH-dnscat2-Pcap-1202_1802/dsncat2_default-tunnel_dnsadguardcom_doh3_2020-03-28T23_01_05.077990.pcap,31385a456b38b9f4cc3d9fa8abb8d012b112baa2737a0bf67bfb6befe6dd87a4,27587,MaliciousDoH-dnscat2-Pcap-1202_1802.zip,b97d7ac6d3dd7e65ff7c7610c3a95fff80664ba0e4e2ab25fcb62d15069388fa,dsncat2_default-tunnel_dnsadguardcom_doh3_2020-03-28T23:01:05.077990.pcap,MaliciousDoH-dnscat2-Pcap-1202_1802.zip/dsncat2_default-tunnel_dnsadguardcom_doh3_2020-03-28T23:01:05.077990.pcap,False
fresh-0d77e348025d3e13418a,fresh-0d77e348025d3e13418a,acceptance,malicious,,dnscat2,,data/raw/DoHBrw/auxiliary_csv_archives/CSVs/MaliciousDoH-CSVs.zip,CSVs/dnscat2/Separate/dsncat2_default-tunnel_dnsadguardcom_doh2_2020-03-29T04:59:57.508591.csv,,exact_official_capture_csv,data/raw/DoHBrw/pcap/_w282_fresh_training/MaliciousDoH-dnscat2-Pcap-1202_1802/dsncat2_default-tunnel_dnsadguardcom_doh2_2020-03-29T04_59_57.508591.pcap,d0bb3cc6959378a6dbf1354f6a0724db591995f770ee5dd2dd7a4fbd3f06b03a,27671,MaliciousDoH-dnscat2-Pcap-1202_1802.zip,b97d7ac6d3dd7e65ff7c7610c3a95fff80664ba0e4e2ab25fcb62d15069388fa,dsncat2_default-tunnel_dnsadguardcom_doh2_2020-03-29T04:59:57.508591.pcap,MaliciousDoH-dnscat2-Pcap-1202_1802.zip/dsncat2_default-tunnel_dnsadguardcom_doh2_2020-03-29T04:59:57.508591.pcap,False
fresh-3e214bda99271a85bd37,fresh-3e214bda99271a85bd37,acceptance,malicious,,dnscat2,,data/raw/DoHBrw/auxiliary_csv_archives/CSVs/MaliciousDoH-CSVs.zip,CSVs/dnscat2/Separate/dsncat2_default-tunnel_99911_doh7_2020-03-25T00:55:01.270136.csv,,exact_official_capture_csv,data/raw/DoHBrw/pcap/_w282_fresh_training/MaliciousDoH-dnscat2-Pcap-1202_1802/dsncat2_default-tunnel_99911_doh7_2020-03-25T00_55_01.270136.pcap,4b7e014e78c8988b3995dd20a8fab581f705be37a413814bc42ed22bbe8fc53a,2994328,MaliciousDoH-dnscat2-Pcap-1202_1802.zip,b97d7ac6d3dd7e65ff7c7610c3a95fff80664ba0e4e2ab25fcb62d15069388fa,dsncat2_default-tunnel_99911_doh7_2020-03-25T00:55:01.270136.pcap,MaliciousDoH-dnscat2-Pcap-1202_1802.zip/dsncat2_default-tunnel_99911_doh7_2020-03-25T00:55:01.270136.pcap,False
fresh-c8d8d6a134b2a5392045,fresh-c8d8d6a134b2a5392045,acceptance,malicious,,dnscat2,,data/raw/DoHBrw/auxiliary_csv_archives/CSVs/MaliciousDoH-CSVs.zip,CSVs/dnscat2/Separate/dsncat2_default-tunnel_99911_doh10_2020-03-25T18:37:44.488882.csv,,exact_official_capture_csv,data/raw/DoHBrw/pcap/_w282_fresh_training/MaliciousDoH-dnscat2-Pcap-1202_1802/dsncat2_default-tunnel_99911_doh10_2020-03-25T18_37_44.488882.pcap,16ab3bd3ec1811f5891a1630408cd9a258b3832449c41e3fb4e72a52f0858fee,2263509,MaliciousDoH-dnscat2-Pcap-1202_1802.zip,b97d7ac6d3dd7e65ff7c7610c3a95fff80664ba0e4e2ab25fcb62d15069388fa,dsncat2_default-tunnel_99911_doh10_2020-03-25T18:37:44.488882.pcap,MaliciousDoH-dnscat2-Pcap-1202_1802.zip/dsncat2_default-tunnel_99911_doh10_2020-03-25T18:37:44.488882.pcap,False
fresh-f91eb6d042b287ddccb9,fresh-f91eb6d042b287ddccb9,train,malicious,,iodine,,data/raw/DoHBrw/auxiliary_csv_archives/CSVs/MaliciousDoH-CSVs.zip,CSVs/iodine/Separate/iodine_null-64-tunnel_dnsadguardcom_doh3_2020-03-22T18:47:04.414245.csv,,exact_official_capture_csv,data/raw/DoHBrw/pcap/_w282_fresh_training/MaliciousDoH-iodine-pcap-1202_1802/iodine_null-64-tunnel_dnsadguardcom_doh3_2020-03-22T18_47_04.414245.pcap,ecba412518fdfec926ff4624af1e78f46ee9b3d2bd5d4e0a5ee0a63cc1184865,1335135,MaliciousDoH-iodine-pcap-1202_1802.zip,d9b51a38f204d8026649d30eab5008c5d4a5af17e42d5f0ce44bd9ac174a0d4d,iodine_null-64-tunnel_dnsadguardcom_doh3_2020-03-22T18:47:04.414245.pcap,MaliciousDoH-iodine-pcap-1202_1802.zip/iodine_null-64-tunnel_dnsadguardcom_doh3_2020-03-22T18:47:04.414245.pcap,False
fresh-ef757b8f811da3522d56,fresh-ef757b8f811da3522d56,train,malicious,,iodine,,data/raw/DoHBrw/auxiliary_csv_archives/CSVs/MaliciousDoH-CSVs.zip,CSVs/iodine/Separate/iodine_null-64-tunnel_99911_doh7_2020-03-20T08:15:43.088850.csv,,exact_official_capture_csv,data/raw/DoHBrw/pcap/_w282_fresh_training/MaliciousDoH-iodine-pcap-1202_1802/iodine_null-64-tunnel_99911_doh7_2020-03-20T08_15_43.088850.pcap,239b6906f6a900c2be1463eb0bf1f687932ba5c278c63b9d94e477698a76cdf0,4638902,MaliciousDoH-iodine-pcap-1202_1802.zip,d9b51a38f204d8026649d30eab5008c5d4a5af17e42d5f0ce44bd9ac174a0d4d,iodine_null-64-tunnel_99911_doh7_2020-03-20T08:15:43.088850.pcap,MaliciousDoH-iodine-pcap-1202_1802.zip/iodine_null-64-tunnel_99911_doh7_2020-03-20T08:15:43.088850.pcap,False
fresh-88bd1156331ef4d322ea,fresh-88bd1156331ef4d322ea,train,malicious,,iodine,,data/raw/DoHBrw/auxiliary_csv_archives/CSVs/MaliciousDoH-CSVs.zip,CSVs/iodine/Separate/iodine_null-64-tunnel_dnsgoogle_doh1_2020-03-20T08:04:01.133548.csv,,exact_official_capture_csv,data/raw/DoHBrw/pcap/_w282_fresh_training/MaliciousDoH-iodine-pcap-1202_1802/iodine_null-64-tunnel_dnsgoogle_doh1_2020-03-20T08_04_01.133548.pcap,ecdf25b23a742894fcb08b907bd5ac378c312452a0baaa4677e2fc6c2e073880,9132946,MaliciousDoH-iodine-pcap-1202_1802.zip,d9b51a38f204d8026649d30eab5008c5d4a5af17e42d5f0ce44bd9ac174a0d4d,iodine_null-64-tunnel_dnsgoogle_doh1_2020-03-20T08:04:01.133548.pcap,MaliciousDoH-iodine-pcap-1202_1802.zip/iodine_null-64-tunnel_dnsgoogle_doh1_2020-03-20T08:04:01.133548.pcap,False
fresh-787a30a522081b077b1b,fresh-787a30a522081b077b1b,train,malicious,,iodine,,data/raw/DoHBrw/auxiliary_csv_archives/CSVs/MaliciousDoH-CSVs.zip,CSVs/iodine/Separate/iodine_null-64-tunnel_dnsgoogle_doh1_2020-03-20T04:38:37.589979.csv,,exact_official_capture_csv,data/raw/DoHBrw/pcap/_w282_fresh_training/MaliciousDoH-iodine-pcap-1202_1802/iodine_null-64-tunnel_dnsgoogle_doh1_2020-03-20T04_38_37.589979.pcap,75ea3db1d9c2cec1bea905e59989d9f87196dc50c90a7fcc7af4bd5ab3ca8b3d,8652731,MaliciousDoH-iodine-pcap-1202_1802.zip,d9b51a38f204d8026649d30eab5008c5d4a5af17e42d5f0ce44bd9ac174a0d4d,iodine_null-64-tunnel_dnsgoogle_doh1_2020-03-20T04:38:37.589979.pcap,MaliciousDoH-iodine-pcap-1202_1802.zip/iodine_null-64-tunnel_dnsgoogle_doh1_2020-03-20T04:38:37.589979.pcap,False
fresh-419e00146b1a437a3bb4,fresh-419e00146b1a437a3bb4,train,malicious,,iodine,,data/raw/DoHBrw/auxiliary_csv_archives/CSVs/MaliciousDoH-CSVs.zip,CSVs/iodine/Separate/iodine_null-64-tunnel_dnsadguardcom_doh1_2020-03-22T21:32:22.028026.csv,,exact_official_capture_csv,data/raw/DoHBrw/pcap/_w282_fresh_training/MaliciousDoH-iodine-pcap-1202_1802/iodine_null-64-tunnel_dnsadguardcom_doh1_2020-03-22T21_32_22.028026.pcap,148a88045f1f6d316ae6041b1eb833f89674880f5a62a74895c632f524aea07e,1114235,MaliciousDoH-iodine-pcap-1202_1802.zip,d9b51a38f204d8026649d30eab5008c5d4a5af17e42d5f0ce44bd9ac174a0d4d,iodine_null-64-tunnel_dnsadguardcom_doh1_2020-03-22T21:32:22.028026.pcap,MaliciousDoH-iodine-pcap-1202_1802.zip/iodine_null-64-tunnel_dnsadguardcom_doh1_2020-03-22T21:32:22.028026.pcap,False
fresh-3bb9c03925516397b13a,fresh-3bb9c03925516397b13a,train,malicious,,iodine,,data/raw/DoHBrw/auxiliary_csv_archives/CSVs/MaliciousDoH-CSVs.zip,CSVs/iodine/Separate/iodine_null-64-tunnel_99911_doh5_2020-03-20T09:24:37.967399.csv,,exact_official_capture_csv,data/raw/DoHBrw/pcap/_w282_fresh_training/MaliciousDoH-iodine-pcap-1202_1802/iodine_null-64-tunnel_99911_doh5_2020-03-20T09_24_37.967399.pcap,39d4b9b909f641872dbd65e1adf28617f0d33178973d70a26cf51df1d5bc2145,4771969,MaliciousDoH-iodine-pcap-1202_1802.zip,d9b51a38f204d8026649d30eab5008c5d4a5af17e42d5f0ce44bd9ac174a0d4d,iodine_null-64-tunnel_99911_doh5_2020-03-20T09:24:37.967399.pcap,MaliciousDoH-iodine-pcap-1202_1802.zip/iodine_null-64-tunnel_99911_doh5_2020-03-20T09:24:37.967399.pcap,False
fresh-bf4cf1cbbe4c844ec781,fresh-bf4cf1cbbe4c844ec781,train,malicious,,iodine,,data/raw/DoHBrw/auxiliary_csv_archives/CSVs/MaliciousDoH-CSVs.zip,CSVs/iodine/Separate/iodine_null-64-tunnel_99911_doh10_2020-03-20T04:27:21.155673.csv,,exact_official_capture_csv,data/raw/DoHBrw/pcap/_w282_fresh_training/MaliciousDoH-iodine-pcap-1202_1802/iodine_null-64-tunnel_99911_doh10_2020-03-20T04_27_21.155673.pcap,6fd5403b25f52ef20469d7a2323829b305c51f2a8bef36fd6a832cfee23c2023,4828239,MaliciousDoH-iodine-pcap-1202_1802.zip,d9b51a38f204d8026649d30eab5008c5d4a5af17e42d5f0ce44bd9ac174a0d4d,iodine_null-64-tunnel_99911_doh10_2020-03-20T04:27:21.155673.pcap,MaliciousDoH-iodine-pcap-1202_1802.zip/iodine_null-64-tunnel_99911_doh10_2020-03-20T04:27:21.155673.pcap,False
fresh-31521b131a13854d24cf,fresh-31521b131a13854d24cf,train,malicious,,iodine,,data/raw/DoHBrw/auxiliary_csv_archives/CSVs/MaliciousDoH-CSVs.zip,CSVs/iodine/Separate/iodine_null-64-tunnel_dnsgoogle_doh2_2020-03-20T05:47:10.287948.csv,,exact_official_capture_csv,data/raw/DoHBrw/pcap/_w282_fresh_training/MaliciousDoH-iodine-pcap-1202_1802/iodine_null-64-tunnel_dnsgoogle_doh2_2020-03-20T05_47_10.287948.pcap,61cf6dca77ea98a23768c62d0c855d53e06b9c12ed63a0d8717f4495b31a96b1,9633570,MaliciousDoH-iodine-pcap-1202_1802.zip,d9b51a38f204d8026649d30eab5008c5d4a5af17e42d5f0ce44bd9ac174a0d4d,iodine_null-64-tunnel_dnsgoogle_doh2_2020-03-20T05:47:10.287948.pcap,MaliciousDoH-iodine-pcap-1202_1802.zip/iodine_null-64-tunnel_dnsgoogle_doh2_2020-03-20T05:47:10.287948.pcap,False
fresh-a9e7fa603a5b9edd8b4e,fresh-a9e7fa603a5b9edd8b4e,train,malicious,,iodine,,data/raw/DoHBrw/auxiliary_csv_archives/CSVs/MaliciousDoH-CSVs.zip,CSVs/iodine/Separate/iodine_null-64-tunnel_dnsadguardcom_doh5_2020-03-23T00:18:10.194487.csv,,exact_official_capture_csv,data/raw/DoHBrw/pcap/_w282_fresh_training/MaliciousDoH-iodine-pcap-1202_1802/iodine_null-64-tunnel_dnsadguardcom_doh5_2020-03-23T00_18_10.194487.pcap,ce151cc495c340936d4c8b315ec0cbe7ba2125b76c8023adcc70fc3978d0b954,1310915,MaliciousDoH-iodine-pcap-1202_1802.zip,d9b51a38f204d8026649d30eab5008c5d4a5af17e42d5f0ce44bd9ac174a0d4d,iodine_null-64-tunnel_dnsadguardcom_doh5_2020-03-23T00:18:10.194487.pcap,MaliciousDoH-iodine-pcap-1202_1802.zip/iodine_null-64-tunnel_dnsadguardcom_doh5_2020-03-23T00:18:10.194487.pcap,False
fresh-312602c14dcbb507bfdf,fresh-312602c14dcbb507bfdf,train,malicious,,iodine,,data/raw/DoHBrw/auxiliary_csv_archives/CSVs/MaliciousDoH-CSVs.zip,CSVs/iodine/Separate/iodine_null-64-tunnel_99911_doh7_2020-03-20T05:58:36.739741.csv,,exact_official_capture_csv,data/raw/DoHBrw/pcap/_w282_fresh_training/MaliciousDoH-iodine-pcap-1202_1802/iodine_null-64-tunnel_99911_doh7_2020-03-20T05_58_36.739741.pcap,0b5c54a2b2ae9fca66258e755ee064120d89d5b724279449a52de1572e6d2a05,4424479,MaliciousDoH-iodine-pcap-1202_1802.zip,d9b51a38f204d8026649d30eab5008c5d4a5af17e42d5f0ce44bd9ac174a0d4d,iodine_null-64-tunnel_99911_doh7_2020-03-20T05:58:36.739741.pcap,MaliciousDoH-iodine-pcap-1202_1802.zip/iodine_null-64-tunnel_99911_doh7_2020-03-20T05:58:36.739741.pcap,False
fresh-dca70c905db8108abc46,fresh-dca70c905db8108abc46,train,malicious,,iodine,,data/raw/DoHBrw/auxiliary_csv_archives/CSVs/MaliciousDoH-CSVs.zip,CSVs/iodine/Separate/iodine_null-64-tunnel_99911_doh5_2020-03-20T08:15:40.866808.csv,,exact_official_capture_csv,data/raw/DoHBrw/pcap/_w282_fresh_training/MaliciousDoH-iodine-pcap-1202_1802/iodine_null-64-tunnel_99911_doh5_2020-03-20T08_15_40.866808.pcap,9991d2e74317e7090dd9e073fc532a29dd0ed349dce8d633ff505e827c10cdc2,4840097,MaliciousDoH-iodine-pcap-1202_1802.zip,d9b51a38f204d8026649d30eab5008c5d4a5af17e42d5f0ce44bd9ac174a0d4d,iodine_null-64-tunnel_99911_doh5_2020-03-20T08:15:40.866808.pcap,MaliciousDoH-iodine-pcap-1202_1802.zip/iodine_null-64-tunnel_99911_doh5_2020-03-20T08:15:40.866808.pcap,False
fresh-06f747357ea1848a8107,fresh-06f747357ea1848a8107,train,malicious,,iodine,,data/raw/DoHBrw/auxiliary_csv_archives/CSVs/MaliciousDoH-CSVs.zip,CSVs/iodine/Separate/iodine_null-64-tunnel_99911_doh6_2020-03-20T10:56:33.294039.csv,,exact_official_capture_csv,data/raw/DoHBrw/pcap/_w282_fresh_training/MaliciousDoH-iodine-pcap-1202_1802/iodine_null-64-tunnel_99911_doh6_2020-03-20T10_56_33.294039.pcap,0129cae1b7897c4611e297ada5198f406fb28bc551986510982e0bf9546bab2b,4489636,MaliciousDoH-iodine-pcap-1202_1802.zip,d9b51a38f204d8026649d30eab5008c5d4a5af17e42d5f0ce44bd9ac174a0d4d,iodine_null-64-tunnel_99911_doh6_2020-03-20T10:56:33.294039.pcap,MaliciousDoH-iodine-pcap-1202_1802.zip/iodine_null-64-tunnel_99911_doh6_2020-03-20T10:56:33.294039.pcap,False
fresh-bce1743de151ebd5a8d7,fresh-bce1743de151ebd5a8d7,train,malicious,,iodine,,data/raw/DoHBrw/auxiliary_csv_archives/CSVs/MaliciousDoH-CSVs.zip,CSVs/iodine/Separate/iodine_null-64-tunnel_dnsgoogle_doh8_2020-03-20T09:36:16.220073.csv,,exact_official_capture_csv,data/raw/DoHBrw/pcap/_w282_fresh_training/MaliciousDoH-iodine-pcap-1202_1802/iodine_null-64-tunnel_dnsgoogle_doh8_2020-03-20T09_36_16.220073.pcap,95681333a049916740cc7b043e8ff0d9737341bae7bb2a00d492e6d746c2e7bf,9755023,MaliciousDoH-iodine-pcap-1202_1802.zip,d9b51a38f204d8026649d30eab5008c5d4a5af17e42d5f0ce44bd9ac174a0d4d,iodine_null-64-tunnel_dnsgoogle_doh8_2020-03-20T09:36:16.220073.pcap,MaliciousDoH-iodine-pcap-1202_1802.zip/iodine_null-64-tunnel_dnsgoogle_doh8_2020-03-20T09:36:16.220073.pcap,False
fresh-16179da9f23896dc2313,fresh-16179da9f23896dc2313,train,malicious,,iodine,,data/raw/DoHBrw/auxiliary_csv_archives/CSVs/MaliciousDoH-CSVs.zip,CSVs/iodine/Separate/iodine_null-64-tunnel_dnsadguardcom_doh5_2020-03-22T21:32:24.745638.csv,,exact_official_capture_csv,data/raw/DoHBrw/pcap/_w282_fresh_training/MaliciousDoH-iodine-pcap-1202_1802/iodine_null-64-tunnel_dnsadguardcom_doh5_2020-03-22T21_32_24.745638.pcap,96d1e25d1455e339002a2228fc479e26f73977abb129e37c82c15f9bc41d2a65,698597,MaliciousDoH-iodine-pcap-1202_1802.zip,d9b51a38f204d8026649d30eab5008c5d4a5af17e42d5f0ce44bd9ac174a0d4d,iodine_null-64-tunnel_dnsadguardcom_doh5_2020-03-22T21:32:24.745638.pcap,MaliciousDoH-iodine-pcap-1202_1802.zip/iodine_null-64-tunnel_dnsadguardcom_doh5_2020-03-22T21:32:24.745638.pcap,False
fresh-7d1fc583331048b50f25,fresh-7d1fc583331048b50f25,train,malicious,,iodine,,data/raw/DoHBrw/auxiliary_csv_archives/CSVs/MaliciousDoH-CSVs.zip,CSVs/iodine/Separate/iodine_null-64-tunnel_99911_doh6_2020-03-20T09:47:41.259746.csv,,exact_official_capture_csv,data/raw/DoHBrw/pcap/_w282_fresh_training/MaliciousDoH-iodine-pcap-1202_1802/iodine_null-64-tunnel_99911_doh6_2020-03-20T09_47_41.259746.pcap,3ec43b2b76ae321ed54ce9034cdf54414df4bf1d7f6654e04f3c992331a21f51,4381562,MaliciousDoH-iodine-pcap-1202_1802.zip,d9b51a38f204d8026649d30eab5008c5d4a5af17e42d5f0ce44bd9ac174a0d4d,iodine_null-64-tunnel_99911_doh6_2020-03-20T09:47:41.259746.pcap,MaliciousDoH-iodine-pcap-1202_1802.zip/iodine_null-64-tunnel_99911_doh6_2020-03-20T09:47:41.259746.pcap,False
fresh-2c4318a50d2a27cbca13,fresh-2c4318a50d2a27cbca13,train,malicious,,iodine,,data/raw/DoHBrw/auxiliary_csv_archives/CSVs/MaliciousDoH-CSVs.zip,CSVs/iodine/Separate/iodine_null-64-tunnel_dnsadguardcom_doh7_2020-03-23T00:18:11.915453.csv,,exact_official_capture_csv,data/raw/DoHBrw/pcap/_w282_fresh_training/MaliciousDoH-iodine-pcap-1202_1802/iodine_null-64-tunnel_dnsadguardcom_doh7_2020-03-23T00_18_11.915453.pcap,bc8b0ffaa079a906ff17b2aa44d7a1af024af85e8a3e9160557ed72e4373e9a3,308333,MaliciousDoH-iodine-pcap-1202_1802.zip,d9b51a38f204d8026649d30eab5008c5d4a5af17e42d5f0ce44bd9ac174a0d4d,iodine_null-64-tunnel_dnsadguardcom_doh7_2020-03-23T00:18:11.915453.pcap,MaliciousDoH-iodine-pcap-1202_1802.zip/iodine_null-64-tunnel_dnsadguardcom_doh7_2020-03-23T00:18:11.915453.pcap,False
fresh-f9bfd93afd3cd90789fb,fresh-f9bfd93afd3cd90789fb,train,malicious,,iodine,,data/raw/DoHBrw/auxiliary_csv_archives/CSVs/MaliciousDoH-CSVs.zip,CSVs/iodine/Separate/iodine_null-64-tunnel_dnsadguardcom_doh3_2020-03-23T03:31:42.212261.csv,,exact_official_capture_csv,data/raw/DoHBrw/pcap/_w282_fresh_training/MaliciousDoH-iodine-pcap-1202_1802/iodine_null-64-tunnel_dnsadguardcom_doh3_2020-03-23T03_31_42.212261.pcap,c120e6ef2d003830aaecaeb02f62e9cd9176ddad5aeefad1316f99dfc28ce4fb,924495,MaliciousDoH-iodine-pcap-1202_1802.zip,d9b51a38f204d8026649d30eab5008c5d4a5af17e42d5f0ce44bd9ac174a0d4d,iodine_null-64-tunnel_dnsadguardcom_doh3_2020-03-23T03:31:42.212261.pcap,MaliciousDoH-iodine-pcap-1202_1802.zip/iodine_null-64-tunnel_dnsadguardcom_doh3_2020-03-23T03:31:42.212261.pcap,False
fresh-b8508ad9d7e17a128892,fresh-b8508ad9d7e17a128892,train,malicious,,iodine,,data/raw/DoHBrw/auxiliary_csv_archives/CSVs/MaliciousDoH-CSVs.zip,CSVs/iodine/Separate/iodine_null-64-tunnel_dnsadguardcom_doh1_2020-03-22T23:22:46.950678.csv,,exact_official_capture_csv,data/raw/DoHBrw/pcap/_w282_fresh_training/MaliciousDoH-iodine-pcap-1202_1802/iodine_null-64-tunnel_dnsadguardcom_doh1_2020-03-22T23_22_46.950678.pcap,2bc7f2d7cfb2bba7ec0e774c338155b065cd1da63a4408cf0dcb3a9620c31078,1529482,MaliciousDoH-iodine-pcap-1202_1802.zip,d9b51a38f204d8026649d30eab5008c5d4a5af17e42d5f0ce44bd9ac174a0d4d,iodine_null-64-tunnel_dnsadguardcom_doh1_2020-03-22T23:22:46.950678.pcap,MaliciousDoH-iodine-pcap-1202_1802.zip/iodine_null-64-tunnel_dnsadguardcom_doh1_2020-03-22T23:22:46.950678.pcap,False
fresh-6f40cf919ac332fdaa06,fresh-6f40cf919ac332fdaa06,train,malicious,,iodine,,data/raw/DoHBrw/auxiliary_csv_archives/CSVs/MaliciousDoH-CSVs.zip,CSVs/iodine/Separate/iodine_null-64-tunnel_99911_doh1_2020-03-20T04:27:11.312045.csv,,exact_official_capture_csv,data/raw/DoHBrw/pcap/_w282_fresh_training/MaliciousDoH-iodine-pcap-1202_1802/iodine_null-64-tunnel_99911_doh1_2020-03-20T04_27_11.312045.pcap,0605bf3f4f1a307d304caf3f9a7274943c7704c366012be03d7c7923de288af0,4478067,MaliciousDoH-iodine-pcap-1202_1802.zip,d9b51a38f204d8026649d30eab5008c5d4a5af17e42d5f0ce44bd9ac174a0d4d,iodine_null-64-tunnel_99911_doh1_2020-03-20T04:27:11.312045.pcap,MaliciousDoH-iodine-pcap-1202_1802.zip/iodine_null-64-tunnel_99911_doh1_2020-03-20T04:27:11.312045.pcap,False
fresh-1166ba6fece466bbb354,fresh-1166ba6fece466bbb354,train,malicious,,iodine,,data/raw/DoHBrw/auxiliary_csv_archives/CSVs/MaliciousDoH-CSVs.zip,CSVs/iodine/Separate/iodine_null-64-tunnel_dnsadguardcom_doh3_2020-03-22T19:42:09.009360.csv,,exact_official_capture_csv,data/raw/DoHBrw/pcap/_w282_fresh_training/MaliciousDoH-iodine-pcap-1202_1802/iodine_null-64-tunnel_dnsadguardcom_doh3_2020-03-22T19_42_09.009360.pcap,5ab145eb8d92f929672a6f85bb71b1b35c2ee78d90c350cc4c422f9139a536fb,325191,MaliciousDoH-iodine-pcap-1202_1802.zip,d9b51a38f204d8026649d30eab5008c5d4a5af17e42d5f0ce44bd9ac174a0d4d,iodine_null-64-tunnel_dnsadguardcom_doh3_2020-03-22T19:42:09.009360.pcap,MaliciousDoH-iodine-pcap-1202_1802.zip/iodine_null-64-tunnel_dnsadguardcom_doh3_2020-03-22T19:42:09.009360.pcap,False
fresh-bb45d871c8ac682e9c0d,fresh-bb45d871c8ac682e9c0d,train,malicious,,iodine,,data/raw/DoHBrw/auxiliary_csv_archives/CSVs/MaliciousDoH-CSVs.zip,CSVs/iodine/Separate/iodine_null-64-tunnel_dnsadguardcom_doh8_2020-03-22T20:37:17.761602.csv,,exact_official_capture_csv,data/raw/DoHBrw/pcap/_w282_fresh_training/MaliciousDoH-iodine-pcap-1202_1802/iodine_null-64-tunnel_dnsadguardcom_doh8_2020-03-22T20_37_17.761602.pcap,52310ee13700a3f750dea349db141aa661d4320c9fba9de84df9d2249331427f,284752,MaliciousDoH-iodine-pcap-1202_1802.zip,d9b51a38f204d8026649d30eab5008c5d4a5af17e42d5f0ce44bd9ac174a0d4d,iodine_null-64-tunnel_dnsadguardcom_doh8_2020-03-22T20:37:17.761602.pcap,MaliciousDoH-iodine-pcap-1202_1802.zip/iodine_null-64-tunnel_dnsadguardcom_doh8_2020-03-22T20:37:17.761602.pcap,False
fresh-c3516465ab6ea296f63a,fresh-c3516465ab6ea296f63a,train,malicious,,iodine,,data/raw/DoHBrw/auxiliary_csv_archives/CSVs/MaliciousDoH-CSVs.zip,CSVs/iodine/Separate/iodine_null-64-tunnel_99911_doh5_2020-03-20T10:10:45.500089.csv,,exact_official_capture_csv,data/raw/DoHBrw/pcap/_w282_fresh_training/MaliciousDoH-iodine-pcap-1202_1802/iodine_null-64-tunnel_99911_doh5_2020-03-20T10_10_45.500089.pcap,1827d740ca9772085544aa180be4648411e30bb1090c9a76d590e6998c3ac3ff,4687684,MaliciousDoH-iodine-pcap-1202_1802.zip,d9b51a38f204d8026649d30eab5008c5d4a5af17e42d5f0ce44bd9ac174a0d4d,iodine_null-64-tunnel_99911_doh5_2020-03-20T10:10:45.500089.pcap,MaliciousDoH-iodine-pcap-1202_1802.zip/iodine_null-64-tunnel_99911_doh5_2020-03-20T10:10:45.500089.pcap,False
fresh-c22551501689647817e9,fresh-c22551501689647817e9,train,malicious,,iodine,,data/raw/DoHBrw/auxiliary_csv_archives/CSVs/MaliciousDoH-CSVs.zip,CSVs/iodine/Separate/iodine_null-64-tunnel_dnsadguardcom_doh2_2020-03-22T19:42:08.432132.csv,,exact_official_capture_csv,data/raw/DoHBrw/pcap/_w282_fresh_training/MaliciousDoH-iodine-pcap-1202_1802/iodine_null-64-tunnel_dnsadguardcom_doh2_2020-03-22T19_42_08.432132.pcap,dd7cd220018fff054a20613f620ef2688f72797c0b2b7f675c9cb865714ff76f,1308468,MaliciousDoH-iodine-pcap-1202_1802.zip,d9b51a38f204d8026649d30eab5008c5d4a5af17e42d5f0ce44bd9ac174a0d4d,iodine_null-64-tunnel_dnsadguardcom_doh2_2020-03-22T19:42:08.432132.pcap,MaliciousDoH-iodine-pcap-1202_1802.zip/iodine_null-64-tunnel_dnsadguardcom_doh2_2020-03-22T19:42:08.432132.pcap,False
fresh-2c35784e19416e582c84,fresh-2c35784e19416e582c84,train,malicious,,iodine,,data/raw/DoHBrw/auxiliary_csv_archives/CSVs/MaliciousDoH-CSVs.zip,CSVs/iodine/Separate/iodine_null-64-tunnel_dnsadguardcom_doh5_2020-03-22T21:04:49.958007.csv,,exact_official_capture_csv,data/raw/DoHBrw/pcap/_w282_fresh_training/MaliciousDoH-iodine-pcap-1202_1802/iodine_null-64-tunnel_dnsadguardcom_doh5_2020-03-22T21_04_49.958007.pcap,46ae64f384a1fcfa17cbe71549bf630d0c0a4bce1703635afa0bc8c6a24aa373,1299384,MaliciousDoH-iodine-pcap-1202_1802.zip,d9b51a38f204d8026649d30eab5008c5d4a5af17e42d5f0ce44bd9ac174a0d4d,iodine_null-64-tunnel_dnsadguardcom_doh5_2020-03-22T21:04:49.958007.pcap,MaliciousDoH-iodine-pcap-1202_1802.zip/iodine_null-64-tunnel_dnsadguardcom_doh5_2020-03-22T21:04:49.958007.pcap,False
fresh-4197abe6f27b165e943e,fresh-4197abe6f27b165e943e,train,malicious,,iodine,,data/raw/DoHBrw/auxiliary_csv_archives/CSVs/MaliciousDoH-CSVs.zip,CSVs/iodine/Separate/iodine_null-64-tunnel_99911_doh4_2020-03-20T06:44:16.144384.csv,,exact_official_capture_csv,data/raw/DoHBrw/pcap/_w282_fresh_training/MaliciousDoH-iodine-pcap-1202_1802/iodine_null-64-tunnel_99911_doh4_2020-03-20T06_44_16.144384.pcap,de614be6ead1b0608b988db3a09efbafe0352c98618af4e000bf8e31fa780bfb,4570700,MaliciousDoH-iodine-pcap-1202_1802.zip,d9b51a38f204d8026649d30eab5008c5d4a5af17e42d5f0ce44bd9ac174a0d4d,iodine_null-64-tunnel_99911_doh4_2020-03-20T06:44:16.144384.pcap,MaliciousDoH-iodine-pcap-1202_1802.zip/iodine_null-64-tunnel_99911_doh4_2020-03-20T06:44:16.144384.pcap,False
fresh-86dbeac19cfb2d688e6d,fresh-86dbeac19cfb2d688e6d,train,malicious,,iodine,,data/raw/DoHBrw/auxiliary_csv_archives/CSVs/MaliciousDoH-CSVs.zip,CSVs/iodine/Separate/iodine_null-64-tunnel_99911_doh4_2020-03-20T06:21:27.631796.csv,,exact_official_capture_csv,data/raw/DoHBrw/pcap/_w282_fresh_training/MaliciousDoH-iodine-pcap-1202_1802/iodine_null-64-tunnel_99911_doh4_2020-03-20T06_21_27.631796.pcap,d35b54a518fdcc6a4409a34b55c5ad0f16c2e252262eba678ce6254bd4509bd6,4434346,MaliciousDoH-iodine-pcap-1202_1802.zip,d9b51a38f204d8026649d30eab5008c5d4a5af17e42d5f0ce44bd9ac174a0d4d,iodine_null-64-tunnel_99911_doh4_2020-03-20T06:21:27.631796.pcap,MaliciousDoH-iodine-pcap-1202_1802.zip/iodine_null-64-tunnel_99911_doh4_2020-03-20T06:21:27.631796.pcap,False
fresh-2dcf268255ea5248b005,fresh-2dcf268255ea5248b005,train,malicious,,iodine,,data/raw/DoHBrw/auxiliary_csv_archives/CSVs/MaliciousDoH-CSVs.zip,CSVs/iodine/Separate/iodine_null-64-tunnel_99911_doh1_2020-03-20T07:06:58.301554.csv,,exact_official_capture_csv,data/raw/DoHBrw/pcap/_w282_fresh_training/MaliciousDoH-iodine-pcap-1202_1802/iodine_null-64-tunnel_99911_doh1_2020-03-20T07_06_58.301554.pcap,632c5fcee6ca495e771d87eae336ad4a7d608463360f94a182bdd9d8e8649553,4796267,MaliciousDoH-iodine-pcap-1202_1802.zip,d9b51a38f204d8026649d30eab5008c5d4a5af17e42d5f0ce44bd9ac174a0d4d,iodine_null-64-tunnel_99911_doh1_2020-03-20T07:06:58.301554.pcap,MaliciousDoH-iodine-pcap-1202_1802.zip/iodine_null-64-tunnel_99911_doh1_2020-03-20T07:06:58.301554.pcap,False
fresh-46337a6c65a00cff23a3,fresh-46337a6c65a00cff23a3,train,malicious,,iodine,,data/raw/DoHBrw/auxiliary_csv_archives/CSVs/MaliciousDoH-CSVs.zip,CSVs/iodine/Separate/iodine_null-64-tunnel_dnsgoogle_doh6_2020-03-20T07:41:16.928372.csv,,exact_official_capture_csv,data/raw/DoHBrw/pcap/_w282_fresh_training/MaliciousDoH-iodine-pcap-1202_1802/iodine_null-64-tunnel_dnsgoogle_doh6_2020-03-20T07_41_16.928372.pcap,1df65fa1e425a1ea63bc08d316d94f0fdef1fd00717078f6b69c8f143c086393,9789839,MaliciousDoH-iodine-pcap-1202_1802.zip,d9b51a38f204d8026649d30eab5008c5d4a5af17e42d5f0ce44bd9ac174a0d4d,iodine_null-64-tunnel_dnsgoogle_doh6_2020-03-20T07:41:16.928372.pcap,MaliciousDoH-iodine-pcap-1202_1802.zip/iodine_null-64-tunnel_dnsgoogle_doh6_2020-03-20T07:41:16.928372.pcap,False
fresh-4a46e8a12c9e8cb06923,fresh-4a46e8a12c9e8cb06923,train,malicious,,iodine,,data/raw/DoHBrw/auxiliary_csv_archives/CSVs/MaliciousDoH-CSVs.zip,CSVs/iodine/Separate/iodine_null-64-tunnel_99911_doh2_2020-03-20T10:33:38.689752.csv,,exact_official_capture_csv,data/raw/DoHBrw/pcap/_w282_fresh_training/MaliciousDoH-iodine-pcap-1202_1802/iodine_null-64-tunnel_99911_doh2_2020-03-20T10_33_38.689752.pcap,a42b552f7ad625f1d4b672424ae01018755897381c61d4e3d087a422f4cdcc39,4513546,MaliciousDoH-iodine-pcap-1202_1802.zip,d9b51a38f204d8026649d30eab5008c5d4a5af17e42d5f0ce44bd9ac174a0d4d,iodine_null-64-tunnel_99911_doh2_2020-03-20T10:33:38.689752.pcap,MaliciousDoH-iodine-pcap-1202_1802.zip/iodine_null-64-tunnel_99911_doh2_2020-03-20T10:33:38.689752.pcap,False
fresh-bad57bdd4ac5583f3162,fresh-bad57bdd4ac5583f3162,train,malicious,,iodine,,data/raw/DoHBrw/auxiliary_csv_archives/CSVs/MaliciousDoH-CSVs.zip,CSVs/iodine/Separate/iodine_null-64-tunnel_99911_doh9_2020-03-20T10:56:36.465294.csv,,exact_official_capture_csv,data/raw/DoHBrw/pcap/_w282_fresh_training/MaliciousDoH-iodine-pcap-1202_1802/iodine_null-64-tunnel_99911_doh9_2020-03-20T10_56_36.465294.pcap,efe1ba38fd5ead06e30ed16ae7e4cb9e05d4f9f1658af7bc71e10fb17dfe3746,4762331,MaliciousDoH-iodine-pcap-1202_1802.zip,d9b51a38f204d8026649d30eab5008c5d4a5af17e42d5f0ce44bd9ac174a0d4d,iodine_null-64-tunnel_99911_doh9_2020-03-20T10:56:36.465294.pcap,MaliciousDoH-iodine-pcap-1202_1802.zip/iodine_null-64-tunnel_99911_doh9_2020-03-20T10:56:36.465294.pcap,False
fresh-a72fa21d632eb5387bd7,fresh-a72fa21d632eb5387bd7,train,malicious,,iodine,,data/raw/DoHBrw/auxiliary_csv_archives/CSVs/MaliciousDoH-CSVs.zip,CSVs/iodine/Separate/iodine_null-64-tunnel_99911_doh3_2020-03-20T05:12:51.166421.csv,,exact_official_capture_csv,data/raw/DoHBrw/pcap/_w282_fresh_training/MaliciousDoH-iodine-pcap-1202_1802/iodine_null-64-tunnel_99911_doh3_2020-03-20T05_12_51.166421.pcap,3c28ca0a51d8040df266d9b328c365de133775b2bcec0f35331081559e1a1ded,4431114,MaliciousDoH-iodine-pcap-1202_1802.zip,d9b51a38f204d8026649d30eab5008c5d4a5af17e42d5f0ce44bd9ac174a0d4d,iodine_null-64-tunnel_99911_doh3_2020-03-20T05:12:51.166421.pcap,MaliciousDoH-iodine-pcap-1202_1802.zip/iodine_null-64-tunnel_99911_doh3_2020-03-20T05:12:51.166421.pcap,False
fresh-db806fdae7dc99bfb279,fresh-db806fdae7dc99bfb279,train,malicious,,iodine,,data/raw/DoHBrw/auxiliary_csv_archives/CSVs/MaliciousDoH-CSVs.zip,CSVs/iodine/Separate/iodine_null-64-tunnel_dnsgoogle_doh7_2020-03-20T11:08:00.453571.csv,,exact_official_capture_csv,data/raw/DoHBrw/pcap/_w282_fresh_training/MaliciousDoH-iodine-pcap-1202_1802/iodine_null-64-tunnel_dnsgoogle_doh7_2020-03-20T11_08_00.453571.pcap,251f2c89193cb4cec75f2a0187f03380a04def2e2c2c3bbcc87a1533714ef970,9589258,MaliciousDoH-iodine-pcap-1202_1802.zip,d9b51a38f204d8026649d30eab5008c5d4a5af17e42d5f0ce44bd9ac174a0d4d,iodine_null-64-tunnel_dnsgoogle_doh7_2020-03-20T11:08:00.453571.pcap,MaliciousDoH-iodine-pcap-1202_1802.zip/iodine_null-64-tunnel_dnsgoogle_doh7_2020-03-20T11:08:00.453571.pcap,False
fresh-efc6ae1836780de8ce58,fresh-efc6ae1836780de8ce58,train,malicious,,iodine,,data/raw/DoHBrw/auxiliary_csv_archives/CSVs/MaliciousDoH-CSVs.zip,CSVs/iodine/Separate/iodine_null-64-tunnel_dnsadguardcom_doh9_2020-03-22T22:00:07.909946.csv,,exact_official_capture_csv,data/raw/DoHBrw/pcap/_w282_fresh_training/MaliciousDoH-iodine-pcap-1202_1802/iodine_null-64-tunnel_dnsadguardcom_doh9_2020-03-22T22_00_07.909946.pcap,23cdff742fee12fd05e8ac03ce01957acb3bf6d6230c675b0b0f4a721b868b7e,284329,MaliciousDoH-iodine-pcap-1202_1802.zip,d9b51a38f204d8026649d30eab5008c5d4a5af17e42d5f0ce44bd9ac174a0d4d,iodine_null-64-tunnel_dnsadguardcom_doh9_2020-03-22T22:00:07.909946.pcap,MaliciousDoH-iodine-pcap-1202_1802.zip/iodine_null-64-tunnel_dnsadguardcom_doh9_2020-03-22T22:00:07.909946.pcap,False
fresh-c8e77cecb6af4495a8b8,fresh-c8e77cecb6af4495a8b8,train,malicious,,iodine,,data/raw/DoHBrw/auxiliary_csv_archives/CSVs/MaliciousDoH-CSVs.zip,CSVs/iodine/Separate/iodine_null-64-tunnel_99911_doh1_2020-03-20T11:19:14.854707.csv,,exact_official_capture_csv,data/raw/DoHBrw/pcap/_w282_fresh_training/MaliciousDoH-iodine-pcap-1202_1802/iodine_null-64-tunnel_99911_doh1_2020-03-20T11_19_14.854707.pcap,3afe03f866e95d9fd41d55d2818f4f9495c7f58ce74be6f33231cb3415df8bb1,4709501,MaliciousDoH-iodine-pcap-1202_1802.zip,d9b51a38f204d8026649d30eab5008c5d4a5af17e42d5f0ce44bd9ac174a0d4d,iodine_null-64-tunnel_99911_doh1_2020-03-20T11:19:14.854707.pcap,MaliciousDoH-iodine-pcap-1202_1802.zip/iodine_null-64-tunnel_99911_doh1_2020-03-20T11:19:14.854707.pcap,False
fresh-772b1de380410190ea5c,fresh-772b1de380410190ea5c,train,malicious,,iodine,,data/raw/DoHBrw/auxiliary_csv_archives/CSVs/MaliciousDoH-CSVs.zip,CSVs/iodine/Separate/iodine_null-64-tunnel_dnsadguardcom_doh7_2020-03-22T21:04:51.052519.csv,,exact_official_capture_csv,data/raw/DoHBrw/pcap/_w282_fresh_training/MaliciousDoH-iodine-pcap-1202_1802/iodine_null-64-tunnel_dnsadguardcom_doh7_2020-03-22T21_04_51.052519.pcap,139ce6cb93719f8ebd640a233e327f5911e40065470f48a6cee7d67a0db9be33,1251149,MaliciousDoH-iodine-pcap-1202_1802.zip,d9b51a38f204d8026649d30eab5008c5d4a5af17e42d5f0ce44bd9ac174a0d4d,iodine_null-64-tunnel_dnsadguardcom_doh7_2020-03-22T21:04:51.052519.pcap,MaliciousDoH-iodine-pcap-1202_1802.zip/iodine_null-64-tunnel_dnsadguardcom_doh7_2020-03-22T21:04:51.052519.pcap,False
fresh-5a3d5fa52c9f3faea429,fresh-5a3d5fa52c9f3faea429,train,malicious,,iodine,,data/raw/DoHBrw/auxiliary_csv_archives/CSVs/MaliciousDoH-CSVs.zip,CSVs/iodine/Separate/iodine_null-64-tunnel_dnsadguardcom_doh6_2020-03-22T22:00:06.304774.csv,,exact_official_capture_csv,data/raw/DoHBrw/pcap/_w282_fresh_training/MaliciousDoH-iodine-pcap-1202_1802/iodine_null-64-tunnel_dnsadguardcom_doh6_2020-03-22T22_00_06.304774.pcap,d47c56fc8e98cffcc6c3992aa194ddf500fd47cd011e3a982a23595b3543f382,1358567,MaliciousDoH-iodine-pcap-1202_1802.zip,d9b51a38f204d8026649d30eab5008c5d4a5af17e42d5f0ce44bd9ac174a0d4d,iodine_null-64-tunnel_dnsadguardcom_doh6_2020-03-22T22:00:06.304774.pcap,MaliciousDoH-iodine-pcap-1202_1802.zip/iodine_null-64-tunnel_dnsadguardcom_doh6_2020-03-22T22:00:06.304774.pcap,False
fresh-f39ba4551931aa700e79,fresh-f39ba4551931aa700e79,train,malicious,,iodine,,data/raw/DoHBrw/auxiliary_csv_archives/CSVs/MaliciousDoH-CSVs.zip,CSVs/iodine/Separate/iodine_null-64-tunnel_99911_doh8_2020-03-20T09:47:43.659952.csv,,exact_official_capture_csv,data/raw/DoHBrw/pcap/_w282_fresh_training/MaliciousDoH-iodine-pcap-1202_1802/iodine_null-64-tunnel_99911_doh8_2020-03-20T09_47_43.659952.pcap,26876704d9aae69cade9be3aefd82dc93dee27e324d5008fed7d47c57838a4d4,4393648,MaliciousDoH-iodine-pcap-1202_1802.zip,d9b51a38f204d8026649d30eab5008c5d4a5af17e42d5f0ce44bd9ac174a0d4d,iodine_null-64-tunnel_99911_doh8_2020-03-20T09:47:43.659952.pcap,MaliciousDoH-iodine-pcap-1202_1802.zip/iodine_null-64-tunnel_99911_doh8_2020-03-20T09:47:43.659952.pcap,False
fresh-6778a7c82ea8482aaf6f,fresh-6778a7c82ea8482aaf6f,train,malicious,,iodine,,data/raw/DoHBrw/auxiliary_csv_archives/CSVs/MaliciousDoH-CSVs.zip,CSVs/iodine/Separate/iodine_null-64-tunnel_1111_doh9_2020-03-23T01:55:08.031636.csv,,exact_official_capture_csv,data/raw/DoHBrw/pcap/_w282_fresh_training/MaliciousDoH-iodine-pcap-1202_1802/iodine_null-64-tunnel_1111_doh9_2020-03-23T01_55_08.031636.pcap,340c39ce37dac78869240b4c8c39f2dfeb4aade9a1652db675928bed55cf0fc6,1107355,MaliciousDoH-iodine-pcap-1202_1802.zip,d9b51a38f204d8026649d30eab5008c5d4a5af17e42d5f0ce44bd9ac174a0d4d,iodine_null-64-tunnel_1111_doh9_2020-03-23T01:55:08.031636.pcap,MaliciousDoH-iodine-pcap-1202_1802.zip/iodine_null-64-tunnel_1111_doh9_2020-03-23T01:55:08.031636.pcap,False
fresh-037dc4496979c25683c3,fresh-037dc4496979c25683c3,train,malicious,,iodine,,data/raw/DoHBrw/auxiliary_csv_archives/CSVs/MaliciousDoH-CSVs.zip,CSVs/iodine/Separate/iodine_null-64-tunnel_dnsgoogle_doh6_2020-03-20T05:01:31.710915.csv,,exact_official_capture_csv,data/raw/DoHBrw/pcap/_w282_fresh_training/MaliciousDoH-iodine-pcap-1202_1802/iodine_null-64-tunnel_dnsgoogle_doh6_2020-03-20T05_01_31.710915.pcap,598e72b9e90ac93085cc53640c05cd09c560b90fe3aa475189ac291946677a59,9207548,MaliciousDoH-iodine-pcap-1202_1802.zip,d9b51a38f204d8026649d30eab5008c5d4a5af17e42d5f0ce44bd9ac174a0d4d,iodine_null-64-tunnel_dnsgoogle_doh6_2020-03-20T05:01:31.710915.pcap,MaliciousDoH-iodine-pcap-1202_1802.zip/iodine_null-64-tunnel_dnsgoogle_doh6_2020-03-20T05:01:31.710915.pcap,False
fresh-96dcbc4d3339dda5ccd5,fresh-96dcbc4d3339dda5ccd5,train,malicious,,iodine,,data/raw/DoHBrw/auxiliary_csv_archives/CSVs/MaliciousDoH-CSVs.zip,CSVs/iodine/Separate/iodine_null-64-tunnel_dnsgoogle_doh7_2020-03-20T05:01:32.770573.csv,,exact_official_capture_csv,data/raw/DoHBrw/pcap/_w282_fresh_training/MaliciousDoH-iodine-pcap-1202_1802/iodine_null-64-tunnel_dnsgoogle_doh7_2020-03-20T05_01_32.770573.pcap,5457ae36a41369904a0dc38f83741af594873d0cd8c8a37a96365703a1c02678,9115908,MaliciousDoH-iodine-pcap-1202_1802.zip,d9b51a38f204d8026649d30eab5008c5d4a5af17e42d5f0ce44bd9ac174a0d4d,iodine_null-64-tunnel_dnsgoogle_doh7_2020-03-20T05:01:32.770573.pcap,MaliciousDoH-iodine-pcap-1202_1802.zip/iodine_null-64-tunnel_dnsgoogle_doh7_2020-03-20T05:01:32.770573.pcap,False
fresh-14b71075e9e9622a3748,fresh-14b71075e9e9622a3748,train,malicious,,iodine,,data/raw/DoHBrw/auxiliary_csv_archives/CSVs/MaliciousDoH-CSVs.zip,CSVs/iodine/Separate/iodine_null-64-tunnel_dnsadguardcom_doh3_2020-03-22T22:27:39.708150.csv,,exact_official_capture_csv,data/raw/DoHBrw/pcap/_w282_fresh_training/MaliciousDoH-iodine-pcap-1202_1802/iodine_null-64-tunnel_dnsadguardcom_doh3_2020-03-22T22_27_39.708150.pcap,d11e27056989a9d3399a0077b0c37b622c518835e0660108b5272162afef6ea5,1268459,MaliciousDoH-iodine-pcap-1202_1802.zip,d9b51a38f204d8026649d30eab5008c5d4a5af17e42d5f0ce44bd9ac174a0d4d,iodine_null-64-tunnel_dnsadguardcom_doh3_2020-03-22T22:27:39.708150.pcap,MaliciousDoH-iodine-pcap-1202_1802.zip/iodine_null-64-tunnel_dnsadguardcom_doh3_2020-03-22T22:27:39.708150.pcap,False
fresh-b30c13fbe20dc98ee64f,fresh-b30c13fbe20dc98ee64f,train,malicious,,iodine,,data/raw/DoHBrw/auxiliary_csv_archives/CSVs/MaliciousDoH-CSVs.zip,CSVs/iodine/Separate/iodine_null-64-tunnel_99911_doh1_2020-03-20T09:24:32.845953.csv,,exact_official_capture_csv,data/raw/DoHBrw/pcap/_w282_fresh_training/MaliciousDoH-iodine-pcap-1202_1802/iodine_null-64-tunnel_99911_doh1_2020-03-20T09_24_32.845953.pcap,fe17129c6a97dfa1c5d77cde7698acdad8629eb9da0495de9e213b83a7947438,4385632,MaliciousDoH-iodine-pcap-1202_1802.zip,d9b51a38f204d8026649d30eab5008c5d4a5af17e42d5f0ce44bd9ac174a0d4d,iodine_null-64-tunnel_99911_doh1_2020-03-20T09:24:32.845953.pcap,MaliciousDoH-iodine-pcap-1202_1802.zip/iodine_null-64-tunnel_99911_doh1_2020-03-20T09:24:32.845953.pcap,False
fresh-c0465866888644fc914e,fresh-c0465866888644fc914e,train,malicious,,iodine,,data/raw/DoHBrw/auxiliary_csv_archives/CSVs/MaliciousDoH-CSVs.zip,CSVs/iodine/Separate/iodine_null-64-tunnel_dnsgoogle_doh7_2020-03-20T08:04:15.432680.csv,,exact_official_capture_csv,data/raw/DoHBrw/pcap/_w282_fresh_training/MaliciousDoH-iodine-pcap-1202_1802/iodine_null-64-tunnel_dnsgoogle_doh7_2020-03-20T08_04_15.432680.pcap,ba66682fc8939bde97a5d2400d88ee2e660a4871a27b9e5195b05eafafbc39f2,9580930,MaliciousDoH-iodine-pcap-1202_1802.zip,d9b51a38f204d8026649d30eab5008c5d4a5af17e42d5f0ce44bd9ac174a0d4d,iodine_null-64-tunnel_dnsgoogle_doh7_2020-03-20T08:04:15.432680.pcap,MaliciousDoH-iodine-pcap-1202_1802.zip/iodine_null-64-tunnel_dnsgoogle_doh7_2020-03-20T08:04:15.432680.pcap,False
fresh-330349e6c7922426113c,fresh-330349e6c7922426113c,train,malicious,,iodine,,data/raw/DoHBrw/auxiliary_csv_archives/CSVs/MaliciousDoH-CSVs.zip,CSVs/iodine/Separate/iodine_null-64-tunnel_dnsgoogle_doh4_2020-03-20T07:18:25.376724.csv,,exact_official_capture_csv,data/raw/DoHBrw/pcap/_w282_fresh_training/MaliciousDoH-iodine-pcap-1202_1802/iodine_null-64-tunnel_dnsgoogle_doh4_2020-03-20T07_18_25.376724.pcap,a0c8fbe7f26a1b3ba132b622b1eb4a7a392adf733b261c596c2a4eb39df1a6b0,9631966,MaliciousDoH-iodine-pcap-1202_1802.zip,d9b51a38f204d8026649d30eab5008c5d4a5af17e42d5f0ce44bd9ac174a0d4d,iodine_null-64-tunnel_dnsgoogle_doh4_2020-03-20T07:18:25.376724.pcap,MaliciousDoH-iodine-pcap-1202_1802.zip/iodine_null-64-tunnel_dnsgoogle_doh4_2020-03-20T07:18:25.376724.pcap,False
fresh-da6564c0cf62c668d254,fresh-da6564c0cf62c668d254,train,malicious,,iodine,,data/raw/DoHBrw/auxiliary_csv_archives/CSVs/MaliciousDoH-CSVs.zip,CSVs/iodine/Separate/iodine_null-64-tunnel_dnsadguardcom_doh5_2020-03-22T22:55:14.309011.csv,,exact_official_capture_csv,data/raw/DoHBrw/pcap/_w282_fresh_training/MaliciousDoH-iodine-pcap-1202_1802/iodine_null-64-tunnel_dnsadguardcom_doh5_2020-03-22T22_55_14.309011.pcap,ab008a7842038916e82ed7fe4b2df7daa9ef463e4533d9cee2c9c510f51ce997,735829,MaliciousDoH-iodine-pcap-1202_1802.zip,d9b51a38f204d8026649d30eab5008c5d4a5af17e42d5f0ce44bd9ac174a0d4d,iodine_null-64-tunnel_dnsadguardcom_doh5_2020-03-22T22:55:14.309011.pcap,MaliciousDoH-iodine-pcap-1202_1802.zip/iodine_null-64-tunnel_dnsadguardcom_doh5_2020-03-22T22:55:14.309011.pcap,False
fresh-a998b85400c1c55af451,fresh-a998b85400c1c55af451,train,malicious,,iodine,,data/raw/DoHBrw/auxiliary_csv_archives/CSVs/MaliciousDoH-CSVs.zip,CSVs/iodine/Separate/iodine_null-64-tunnel_dnsadguardcom_doh4_2020-03-23T00:45:53.215383.csv,,exact_official_capture_csv,data/raw/DoHBrw/pcap/_w282_fresh_training/MaliciousDoH-iodine-pcap-1202_1802/iodine_null-64-tunnel_dnsadguardcom_doh4_2020-03-23T00_45_53.215383.pcap,1201fb589b94d12c27f0f293d4964a6dd1a3314cf9b33d049504a0266f7c6712,1292275,MaliciousDoH-iodine-pcap-1202_1802.zip,d9b51a38f204d8026649d30eab5008c5d4a5af17e42d5f0ce44bd9ac174a0d4d,iodine_null-64-tunnel_dnsadguardcom_doh4_2020-03-23T00:45:53.215383.pcap,MaliciousDoH-iodine-pcap-1202_1802.zip/iodine_null-64-tunnel_dnsadguardcom_doh4_2020-03-23T00:45:53.215383.pcap,False
fresh-ec4942aa1bf2ab9f94d9,fresh-ec4942aa1bf2ab9f94d9,train,malicious,,iodine,,data/raw/DoHBrw/auxiliary_csv_archives/CSVs/MaliciousDoH-CSVs.zip,CSVs/iodine/Separate/iodine_null-64-tunnel_dnsgoogle_doh3_2020-03-20T11:07:55.069573.csv,,exact_official_capture_csv,data/raw/DoHBrw/pcap/_w282_fresh_training/MaliciousDoH-iodine-pcap-1202_1802/iodine_null-64-tunnel_dnsgoogle_doh3_2020-03-20T11_07_55.069573.pcap,1ed2291a4f806acbf3385d3dd9b784e5a651f662867e2fa779344922b1ed5fd1,9752013,MaliciousDoH-iodine-pcap-1202_1802.zip,d9b51a38f204d8026649d30eab5008c5d4a5af17e42d5f0ce44bd9ac174a0d4d,iodine_null-64-tunnel_dnsgoogle_doh3_2020-03-20T11:07:55.069573.pcap,MaliciousDoH-iodine-pcap-1202_1802.zip/iodine_null-64-tunnel_dnsgoogle_doh3_2020-03-20T11:07:55.069573.pcap,False
fresh-3035561761aa709a19f8,fresh-3035561761aa709a19f8,train,malicious,,iodine,,data/raw/DoHBrw/auxiliary_csv_archives/CSVs/MaliciousDoH-CSVs.zip,CSVs/iodine/Separate/iodine_null-64-tunnel_99911_doh10_2020-03-20T08:38:35.336563.csv,,exact_official_capture_csv,data/raw/DoHBrw/pcap/_w282_fresh_training/MaliciousDoH-iodine-pcap-1202_1802/iodine_null-64-tunnel_99911_doh10_2020-03-20T08_38_35.336563.pcap,a050249366e2f6cae29eee67d1c3a5d5afec66b1f796b05d27c234f07213a232,4777849,MaliciousDoH-iodine-pcap-1202_1802.zip,d9b51a38f204d8026649d30eab5008c5d4a5af17e42d5f0ce44bd9ac174a0d4d,iodine_null-64-tunnel_99911_doh10_2020-03-20T08:38:35.336563.pcap,MaliciousDoH-iodine-pcap-1202_1802.zip/iodine_null-64-tunnel_99911_doh10_2020-03-20T08:38:35.336563.pcap,False
fresh-39329baaa0af84bde300,fresh-39329baaa0af84bde300,train,malicious,,iodine,,data/raw/DoHBrw/auxiliary_csv_archives/CSVs/MaliciousDoH-CSVs.zip,CSVs/iodine/Separate/iodine_null-64-tunnel_dnsgoogle_doh5_2020-03-20T04:38:43.536463.csv,,exact_official_capture_csv,data/raw/DoHBrw/pcap/_w282_fresh_training/MaliciousDoH-iodine-pcap-1202_1802/iodine_null-64-tunnel_dnsgoogle_doh5_2020-03-20T04_38_43.536463.pcap,f896f3ae648ed6df24cd4a2dd4dc122ed87a762423bda4a4833dbed6e6c1c22b,9222658,MaliciousDoH-iodine-pcap-1202_1802.zip,d9b51a38f204d8026649d30eab5008c5d4a5af17e42d5f0ce44bd9ac174a0d4d,iodine_null-64-tunnel_dnsgoogle_doh5_2020-03-20T04:38:43.536463.pcap,MaliciousDoH-iodine-pcap-1202_1802.zip/iodine_null-64-tunnel_dnsgoogle_doh5_2020-03-20T04:38:43.536463.pcap,False
fresh-4374d5cb3da56a607bd9,fresh-4374d5cb3da56a607bd9,train,malicious,,iodine,,data/raw/DoHBrw/auxiliary_csv_archives/CSVs/MaliciousDoH-CSVs.zip,CSVs/iodine/Separate/iodine_null-64-tunnel_dnsadguardcom_doh8_2020-03-23T00:45:57.499012.csv,,exact_official_capture_csv,data/raw/DoHBrw/pcap/_w282_fresh_training/MaliciousDoH-iodine-pcap-1202_1802/iodine_null-64-tunnel_dnsadguardcom_doh8_2020-03-23T00_45_57.499012.pcap,d85ef176ea6dafbfb61ae795d3ffa0d7631e88a8ad7c08b5bfe6f79febd95e5a,1059390,MaliciousDoH-iodine-pcap-1202_1802.zip,d9b51a38f204d8026649d30eab5008c5d4a5af17e42d5f0ce44bd9ac174a0d4d,iodine_null-64-tunnel_dnsadguardcom_doh8_2020-03-23T00:45:57.499012.pcap,MaliciousDoH-iodine-pcap-1202_1802.zip/iodine_null-64-tunnel_dnsadguardcom_doh8_2020-03-23T00:45:57.499012.pcap,False
fresh-f3a961d9aa16138cb4ba,fresh-f3a961d9aa16138cb4ba,train,malicious,,iodine,,data/raw/DoHBrw/auxiliary_csv_archives/CSVs/MaliciousDoH-CSVs.zip,CSVs/iodine/Separate/iodine_null-64-tunnel_dnsadguardcom_doh4_2020-03-23T01:13:39.000491.csv,,exact_official_capture_csv,data/raw/DoHBrw/pcap/_w282_fresh_training/MaliciousDoH-iodine-pcap-1202_1802/iodine_null-64-tunnel_dnsadguardcom_doh4_2020-03-23T01_13_39.000491.pcap,fc66cf57da0992f059aba45714654d40b58a452809ed1b7db95c8d9d90f0b1aa,1024921,MaliciousDoH-iodine-pcap-1202_1802.zip,d9b51a38f204d8026649d30eab5008c5d4a5af17e42d5f0ce44bd9ac174a0d4d,iodine_null-64-tunnel_dnsadguardcom_doh4_2020-03-23T01:13:39.000491.pcap,MaliciousDoH-iodine-pcap-1202_1802.zip/iodine_null-64-tunnel_dnsadguardcom_doh4_2020-03-23T01:13:39.000491.pcap,False
fresh-ee939aaf6e94baff1718,fresh-ee939aaf6e94baff1718,train,malicious,,iodine,,data/raw/DoHBrw/auxiliary_csv_archives/CSVs/MaliciousDoH-CSVs.zip,CSVs/iodine/Separate/iodine_null-64-tunnel_dnsadguardcom_doh10_2020-03-23T01:13:43.635887.csv,,exact_official_capture_csv,data/raw/DoHBrw/pcap/_w282_fresh_training/MaliciousDoH-iodine-pcap-1202_1802/iodine_null-64-tunnel_dnsadguardcom_doh10_2020-03-23T01_13_43.635887.pcap,d59ca7acd8299fe4dc92a9fd7732c6a9b719601e442281b076cb15594867b1bb,15110,MaliciousDoH-iodine-pcap-1202_1802.zip,d9b51a38f204d8026649d30eab5008c5d4a5af17e42d5f0ce44bd9ac174a0d4d,iodine_null-64-tunnel_dnsadguardcom_doh10_2020-03-23T01:13:43.635887.pcap,MaliciousDoH-iodine-pcap-1202_1802.zip/iodine_null-64-tunnel_dnsadguardcom_doh10_2020-03-23T01:13:43.635887.pcap,False
fresh-98ec3f17beff0c0a20d2,fresh-98ec3f17beff0c0a20d2,train,malicious,,iodine,,data/raw/DoHBrw/auxiliary_csv_archives/CSVs/MaliciousDoH-CSVs.zip,CSVs/iodine/Separate/iodine_null-64-tunnel_1111_doh9_2020-03-23T00:59:47.312224.csv,,exact_official_capture_csv,data/raw/DoHBrw/pcap/_w282_fresh_training/MaliciousDoH-iodine-pcap-1202_1802/iodine_null-64-tunnel_1111_doh9_2020-03-23T00_59_47.312224.pcap,322d16d5b53c9eef34bce6d406e50e4066284baab5e730f1ce1f365982e97088,451305,MaliciousDoH-iodine-pcap-1202_1802.zip,d9b51a38f204d8026649d30eab5008c5d4a5af17e42d5f0ce44bd9ac174a0d4d,iodine_null-64-tunnel_1111_doh9_2020-03-23T00:59:47.312224.pcap,MaliciousDoH-iodine-pcap-1202_1802.zip/iodine_null-64-tunnel_1111_doh9_2020-03-23T00:59:47.312224.pcap,False
fresh-c260b7b81ebe80b116ad,fresh-c260b7b81ebe80b116ad,train,malicious,,iodine,,data/raw/DoHBrw/auxiliary_csv_archives/CSVs/MaliciousDoH-CSVs.zip,CSVs/iodine/Separate/iodine_null-64-tunnel_99911_doh6_2020-03-20T06:44:17.891866.csv,,exact_official_capture_csv,data/raw/DoHBrw/pcap/_w282_fresh_training/MaliciousDoH-iodine-pcap-1202_1802/iodine_null-64-tunnel_99911_doh6_2020-03-20T06_44_17.891866.pcap,ec8819cdfb1224c57552784673075da797fe663db338f9e5f0020e7d2cd29675,4458753,MaliciousDoH-iodine-pcap-1202_1802.zip,d9b51a38f204d8026649d30eab5008c5d4a5af17e42d5f0ce44bd9ac174a0d4d,iodine_null-64-tunnel_99911_doh6_2020-03-20T06:44:17.891866.pcap,MaliciousDoH-iodine-pcap-1202_1802.zip/iodine_null-64-tunnel_99911_doh6_2020-03-20T06:44:17.891866.pcap,False
fresh-c2f1f7e41f908d98528d,fresh-c2f1f7e41f908d98528d,train,malicious,,iodine,,data/raw/DoHBrw/auxiliary_csv_archives/CSVs/MaliciousDoH-CSVs.zip,CSVs/iodine/Separate/iodine_null-64-tunnel_99911_doh8_2020-03-20T05:12:55.645326.csv,,exact_official_capture_csv,data/raw/DoHBrw/pcap/_w282_fresh_training/MaliciousDoH-iodine-pcap-1202_1802/iodine_null-64-tunnel_99911_doh8_2020-03-20T05_12_55.645326.pcap,728162839b8fe28808711500c46a1b9a1701224e813b25eb7f3b26535bc750f1,4520781,MaliciousDoH-iodine-pcap-1202_1802.zip,d9b51a38f204d8026649d30eab5008c5d4a5af17e42d5f0ce44bd9ac174a0d4d,iodine_null-64-tunnel_99911_doh8_2020-03-20T05:12:55.645326.pcap,MaliciousDoH-iodine-pcap-1202_1802.zip/iodine_null-64-tunnel_99911_doh8_2020-03-20T05:12:55.645326.pcap,False
fresh-7250cbad69ce796f0dbc,fresh-7250cbad69ce796f0dbc,train,malicious,,iodine,,data/raw/DoHBrw/auxiliary_csv_archives/CSVs/MaliciousDoH-CSVs.zip,CSVs/iodine/Separate/iodine_null-64-tunnel_99911_doh8_2020-03-20T10:10:49.350166.csv,,exact_official_capture_csv,data/raw/DoHBrw/pcap/_w282_fresh_training/MaliciousDoH-iodine-pcap-1202_1802/iodine_null-64-tunnel_99911_doh8_2020-03-20T10_10_49.350166.pcap,ed93a59e39e87bb7dc2c25ee718db53d49a51dc1d591cd708f54d32a8145979e,4834630,MaliciousDoH-iodine-pcap-1202_1802.zip,d9b51a38f204d8026649d30eab5008c5d4a5af17e42d5f0ce44bd9ac174a0d4d,iodine_null-64-tunnel_99911_doh8_2020-03-20T10:10:49.350166.pcap,MaliciousDoH-iodine-pcap-1202_1802.zip/iodine_null-64-tunnel_99911_doh8_2020-03-20T10:10:49.350166.pcap,False
fresh-c83c42880af2703a82a0,fresh-c83c42880af2703a82a0,train,malicious,,iodine,,data/raw/DoHBrw/auxiliary_csv_archives/CSVs/MaliciousDoH-CSVs.zip,CSVs/iodine/Separate/iodine_null-64-tunnel_99911_doh1_2020-03-20T09:47:32.710888.csv,,exact_official_capture_csv,data/raw/DoHBrw/pcap/_w282_fresh_training/MaliciousDoH-iodine-pcap-1202_1802/iodine_null-64-tunnel_99911_doh1_2020-03-20T09_47_32.710888.pcap,5f35715b4f4cfd8e327f0d743d234908a22bc296acb515583f1782c34f8ab6de,4622804,MaliciousDoH-iodine-pcap-1202_1802.zip,d9b51a38f204d8026649d30eab5008c5d4a5af17e42d5f0ce44bd9ac174a0d4d,iodine_null-64-tunnel_99911_doh1_2020-03-20T09:47:32.710888.pcap,MaliciousDoH-iodine-pcap-1202_1802.zip/iodine_null-64-tunnel_99911_doh1_2020-03-20T09:47:32.710888.pcap,False
fresh-932d49590fb292fc200e,fresh-932d49590fb292fc200e,train,malicious,,iodine,,data/raw/DoHBrw/auxiliary_csv_archives/CSVs/MaliciousDoH-CSVs.zip,CSVs/iodine/Separate/iodine_null-64-tunnel_99911_doh3_2020-03-20T05:58:33.530097.csv,,exact_official_capture_csv,data/raw/DoHBrw/pcap/_w282_fresh_training/MaliciousDoH-iodine-pcap-1202_1802/iodine_null-64-tunnel_99911_doh3_2020-03-20T05_58_33.530097.pcap,d249a319ae7a17117a4584c36930fced2c6854b3151d668ab5c44e9c24988ed8,4502305,MaliciousDoH-iodine-pcap-1202_1802.zip,d9b51a38f204d8026649d30eab5008c5d4a5af17e42d5f0ce44bd9ac174a0d4d,iodine_null-64-tunnel_99911_doh3_2020-03-20T05:58:33.530097.pcap,MaliciousDoH-iodine-pcap-1202_1802.zip/iodine_null-64-tunnel_99911_doh3_2020-03-20T05:58:33.530097.pcap,False
fresh-3d726263dec53c97d6a5,fresh-3d726263dec53c97d6a5,train,malicious,,iodine,,data/raw/DoHBrw/auxiliary_csv_archives/CSVs/MaliciousDoH-CSVs.zip,CSVs/iodine/Separate/iodine_null-64-tunnel_dnsadguardcom_doh5_2020-03-23T02:36:30.092706.csv,,exact_official_capture_csv,data/raw/DoHBrw/pcap/_w282_fresh_training/MaliciousDoH-iodine-pcap-1202_1802/iodine_null-64-tunnel_dnsadguardcom_doh5_2020-03-23T02_36_30.092706.pcap,dd8d71008c144ac573bde69b045408140946550a9691315422e50819bed8159d,731542,MaliciousDoH-iodine-pcap-1202_1802.zip,d9b51a38f204d8026649d30eab5008c5d4a5af17e42d5f0ce44bd9ac174a0d4d,iodine_null-64-tunnel_dnsadguardcom_doh5_2020-03-23T02:36:30.092706.pcap,MaliciousDoH-iodine-pcap-1202_1802.zip/iodine_null-64-tunnel_dnsadguardcom_doh5_2020-03-23T02:36:30.092706.pcap,False
fresh-4afd4f28d4dea245548e,fresh-4afd4f28d4dea245548e,train,malicious,,iodine,,data/raw/DoHBrw/auxiliary_csv_archives/CSVs/MaliciousDoH-CSVs.zip,CSVs/iodine/Separate/iodine_null-64-tunnel_dnsgoogle_doh3_2020-03-20T06:09:59.425470.csv,,exact_official_capture_csv,data/raw/DoHBrw/pcap/_w282_fresh_training/MaliciousDoH-iodine-pcap-1202_1802/iodine_null-64-tunnel_dnsgoogle_doh3_2020-03-20T06_09_59.425470.pcap,922c6ac00f0532fa230ce537a5636cc9a5961fa5ab92dc8dded095ea9f155f5f,9397737,MaliciousDoH-iodine-pcap-1202_1802.zip,d9b51a38f204d8026649d30eab5008c5d4a5af17e42d5f0ce44bd9ac174a0d4d,iodine_null-64-tunnel_dnsgoogle_doh3_2020-03-20T06:09:59.425470.pcap,MaliciousDoH-iodine-pcap-1202_1802.zip/iodine_null-64-tunnel_dnsgoogle_doh3_2020-03-20T06:09:59.425470.pcap,False
fresh-f8a5b3755990678b41e8,fresh-f8a5b3755990678b41e8,selection,malicious,,iodine,,data/raw/DoHBrw/auxiliary_csv_archives/CSVs/MaliciousDoH-CSVs.zip,CSVs/iodine/Separate/iodine_null-64-tunnel_99911_doh3_2020-03-20T07:07:01.711658.csv,,exact_official_capture_csv,data/raw/DoHBrw/pcap/_w282_fresh_training/MaliciousDoH-iodine-pcap-1202_1802/iodine_null-64-tunnel_99911_doh3_2020-03-20T07_07_01.711658.pcap,4367a29e09d8eef326086271dd32b64c2ea7f2f378e9f7ee5799efaf5aa6323d,4897097,MaliciousDoH-iodine-pcap-1202_1802.zip,d9b51a38f204d8026649d30eab5008c5d4a5af17e42d5f0ce44bd9ac174a0d4d,iodine_null-64-tunnel_99911_doh3_2020-03-20T07:07:01.711658.pcap,MaliciousDoH-iodine-pcap-1202_1802.zip/iodine_null-64-tunnel_99911_doh3_2020-03-20T07:07:01.711658.pcap,False
fresh-9573605dd6e312ffb247,fresh-9573605dd6e312ffb247,selection,malicious,,iodine,,data/raw/DoHBrw/auxiliary_csv_archives/CSVs/MaliciousDoH-CSVs.zip,CSVs/iodine/Separate/iodine_null-64-tunnel_dnsadguardcom_doh1_2020-03-22T22:27:38.607978.csv,,exact_official_capture_csv,data/raw/DoHBrw/pcap/_w282_fresh_training/MaliciousDoH-iodine-pcap-1202_1802/iodine_null-64-tunnel_dnsadguardcom_doh1_2020-03-22T22_27_38.607978.pcap,a8fea3168703e8d0a5831967bdf72c75699263f43b9033ae464a605ac312f18b,1005767,MaliciousDoH-iodine-pcap-1202_1802.zip,d9b51a38f204d8026649d30eab5008c5d4a5af17e42d5f0ce44bd9ac174a0d4d,iodine_null-64-tunnel_dnsadguardcom_doh1_2020-03-22T22:27:38.607978.pcap,MaliciousDoH-iodine-pcap-1202_1802.zip/iodine_null-64-tunnel_dnsadguardcom_doh1_2020-03-22T22:27:38.607978.pcap,False
fresh-97a0b0dc5896f11c7143,fresh-97a0b0dc5896f11c7143,selection,malicious,,iodine,,data/raw/DoHBrw/auxiliary_csv_archives/CSVs/MaliciousDoH-CSVs.zip,CSVs/iodine/Separate/iodine_null-64-tunnel_dnsgoogle_doh1_2020-03-20T05:24:15.515828.csv,,exact_official_capture_csv,data/raw/DoHBrw/pcap/_w282_fresh_training/MaliciousDoH-iodine-pcap-1202_1802/iodine_null-64-tunnel_dnsgoogle_doh1_2020-03-20T05_24_15.515828.pcap,c7a2227894cc564df220d35b7332b0cca597c39402e2dec4c35cb191df4cad5d,8589465,MaliciousDoH-iodine-pcap-1202_1802.zip,d9b51a38f204d8026649d30eab5008c5d4a5af17e42d5f0ce44bd9ac174a0d4d,iodine_null-64-tunnel_dnsgoogle_doh1_2020-03-20T05:24:15.515828.pcap,MaliciousDoH-iodine-pcap-1202_1802.zip/iodine_null-64-tunnel_dnsgoogle_doh1_2020-03-20T05:24:15.515828.pcap,False
fresh-75e7618a9483adb10374,fresh-75e7618a9483adb10374,selection,malicious,,iodine,,data/raw/DoHBrw/auxiliary_csv_archives/CSVs/MaliciousDoH-CSVs.zip,CSVs/iodine/Separate/iodine_null-64-tunnel_99911_doh6_2020-03-20T10:33:43.555490.csv,,exact_official_capture_csv,data/raw/DoHBrw/pcap/_w282_fresh_training/MaliciousDoH-iodine-pcap-1202_1802/iodine_null-64-tunnel_99911_doh6_2020-03-20T10_33_43.555490.pcap,3424d65b199f7c48433a5449ba69b811728459eac1a4e2d54f8024591c5977e2,4546524,MaliciousDoH-iodine-pcap-1202_1802.zip,d9b51a38f204d8026649d30eab5008c5d4a5af17e42d5f0ce44bd9ac174a0d4d,iodine_null-64-tunnel_99911_doh6_2020-03-20T10:33:43.555490.pcap,MaliciousDoH-iodine-pcap-1202_1802.zip/iodine_null-64-tunnel_99911_doh6_2020-03-20T10:33:43.555490.pcap,False
fresh-f6a7bba2e32ef9ba3d0b,fresh-f6a7bba2e32ef9ba3d0b,selection,malicious,,iodine,,data/raw/DoHBrw/auxiliary_csv_archives/CSVs/MaliciousDoH-CSVs.zip,CSVs/iodine/Separate/iodine_null-64-tunnel_dnsgoogle_doh6_2020-03-20T09:36:12.087952.csv,,exact_official_capture_csv,data/raw/DoHBrw/pcap/_w282_fresh_training/MaliciousDoH-iodine-pcap-1202_1802/iodine_null-64-tunnel_dnsgoogle_doh6_2020-03-20T09_36_12.087952.pcap,388f1604691a3b109de016267b65a02f3e9c261901c056466ab0ddd4e59f6334,9388110,MaliciousDoH-iodine-pcap-1202_1802.zip,d9b51a38f204d8026649d30eab5008c5d4a5af17e42d5f0ce44bd9ac174a0d4d,iodine_null-64-tunnel_dnsgoogle_doh6_2020-03-20T09:36:12.087952.pcap,MaliciousDoH-iodine-pcap-1202_1802.zip/iodine_null-64-tunnel_dnsgoogle_doh6_2020-03-20T09:36:12.087952.pcap,False
fresh-86a9e64a3c0feb12de6b,fresh-86a9e64a3c0feb12de6b,selection,malicious,,iodine,,data/raw/DoHBrw/auxiliary_csv_archives/CSVs/MaliciousDoH-CSVs.zip,CSVs/iodine/Separate/iodine_null-64-tunnel_dnsgoogle_doh1_2020-03-20T05:01:25.913761.csv,,exact_official_capture_csv,data/raw/DoHBrw/pcap/_w282_fresh_training/MaliciousDoH-iodine-pcap-1202_1802/iodine_null-64-tunnel_dnsgoogle_doh1_2020-03-20T05_01_25.913761.pcap,ffe7bdc832be39559d63b03b8557d8027b84af60267c7098c6a760a0cac292c6,8678395,MaliciousDoH-iodine-pcap-1202_1802.zip,d9b51a38f204d8026649d30eab5008c5d4a5af17e42d5f0ce44bd9ac174a0d4d,iodine_null-64-tunnel_dnsgoogle_doh1_2020-03-20T05:01:25.913761.pcap,MaliciousDoH-iodine-pcap-1202_1802.zip/iodine_null-64-tunnel_dnsgoogle_doh1_2020-03-20T05:01:25.913761.pcap,False
fresh-141953e17c4c55b6f9af,fresh-141953e17c4c55b6f9af,selection,malicious,,iodine,,data/raw/DoHBrw/auxiliary_csv_archives/CSVs/MaliciousDoH-CSVs.zip,CSVs/iodine/Separate/iodine_null-64-tunnel_dnsadguardcom_doh4_2020-03-23T01:41:19.461383.csv,,exact_official_capture_csv,data/raw/DoHBrw/pcap/_w282_fresh_training/MaliciousDoH-iodine-pcap-1202_1802/iodine_null-64-tunnel_dnsadguardcom_doh4_2020-03-23T01_41_19.461383.pcap,1c2d78893c59d61c002a696bea4d93e09021d561275e07d1950ac3158a3f8ba6,338120,MaliciousDoH-iodine-pcap-1202_1802.zip,d9b51a38f204d8026649d30eab5008c5d4a5af17e42d5f0ce44bd9ac174a0d4d,iodine_null-64-tunnel_dnsadguardcom_doh4_2020-03-23T01:41:19.461383.pcap,MaliciousDoH-iodine-pcap-1202_1802.zip/iodine_null-64-tunnel_dnsadguardcom_doh4_2020-03-23T01:41:19.461383.pcap,False
fresh-e4e8b56db6429684b28a,fresh-e4e8b56db6429684b28a,selection,malicious,,iodine,,data/raw/DoHBrw/auxiliary_csv_archives/CSVs/MaliciousDoH-CSVs.zip,CSVs/iodine/Separate/iodine_null-64-tunnel_dnsadguardcom_doh5_2020-03-22T23:50:28.052777.csv,,exact_official_capture_csv,data/raw/DoHBrw/pcap/_w282_fresh_training/MaliciousDoH-iodine-pcap-1202_1802/iodine_null-64-tunnel_dnsadguardcom_doh5_2020-03-22T23_50_28.052777.pcap,46fd3ffff1e819bade562d158deb75022f75354f61713f6727f6e076efaa34ca,887294,MaliciousDoH-iodine-pcap-1202_1802.zip,d9b51a38f204d8026649d30eab5008c5d4a5af17e42d5f0ce44bd9ac174a0d4d,iodine_null-64-tunnel_dnsadguardcom_doh5_2020-03-22T23:50:28.052777.pcap,MaliciousDoH-iodine-pcap-1202_1802.zip/iodine_null-64-tunnel_dnsadguardcom_doh5_2020-03-22T23:50:28.052777.pcap,False
fresh-500d094cd8672843de11,fresh-500d094cd8672843de11,selection,malicious,,iodine,,data/raw/DoHBrw/auxiliary_csv_archives/CSVs/MaliciousDoH-CSVs.zip,CSVs/iodine/Separate/iodine_null-64-tunnel_99911_doh8_2020-03-20T05:58:37.974793.csv,,exact_official_capture_csv,data/raw/DoHBrw/pcap/_w282_fresh_training/MaliciousDoH-iodine-pcap-1202_1802/iodine_null-64-tunnel_99911_doh8_2020-03-20T05_58_37.974793.pcap,2ec70fa9e791856dda26cd2cdad4eb528e08a9ac1fa4baf79424568edadd0f3f,4485956,MaliciousDoH-iodine-pcap-1202_1802.zip,d9b51a38f204d8026649d30eab5008c5d4a5af17e42d5f0ce44bd9ac174a0d4d,iodine_null-64-tunnel_99911_doh8_2020-03-20T05:58:37.974793.pcap,MaliciousDoH-iodine-pcap-1202_1802.zip/iodine_null-64-tunnel_99911_doh8_2020-03-20T05:58:37.974793.pcap,False
fresh-4184680c93f0887f4ab8,fresh-4184680c93f0887f4ab8,selection,malicious,,iodine,,data/raw/DoHBrw/auxiliary_csv_archives/CSVs/MaliciousDoH-CSVs.zip,CSVs/iodine/Separate/iodine_null-64-tunnel_dnsadguardcom_doh1_2020-03-23T03:31:40.863819.csv,,exact_official_capture_csv,data/raw/DoHBrw/pcap/_w282_fresh_training/MaliciousDoH-iodine-pcap-1202_1802/iodine_null-64-tunnel_dnsadguardcom_doh1_2020-03-23T03_31_40.863819.pcap,0d2884255c7e5842c081422c4895c449b301a2956d93c4524054dd91b584c1e1,1460458,MaliciousDoH-iodine-pcap-1202_1802.zip,d9b51a38f204d8026649d30eab5008c5d4a5af17e42d5f0ce44bd9ac174a0d4d,iodine_null-64-tunnel_dnsadguardcom_doh1_2020-03-23T03:31:40.863819.pcap,MaliciousDoH-iodine-pcap-1202_1802.zip/iodine_null-64-tunnel_dnsadguardcom_doh1_2020-03-23T03:31:40.863819.pcap,False
fresh-04e9a6dfdf103fb7de19,fresh-04e9a6dfdf103fb7de19,selection,malicious,,iodine,,data/raw/DoHBrw/auxiliary_csv_archives/CSVs/MaliciousDoH-CSVs.zip,CSVs/iodine/Separate/iodine_null-64-tunnel_dnsadguardcom_doh6_2020-03-23T00:18:11.222140.csv,,exact_official_capture_csv,data/raw/DoHBrw/pcap/_w282_fresh_training/MaliciousDoH-iodine-pcap-1202_1802/iodine_null-64-tunnel_dnsadguardcom_doh6_2020-03-23T00_18_11.222140.pcap,f10ca46bfe8222293fdf066d48619ebe23128b14ef683c5f5d2ab3d9952ff8a2,1341879,MaliciousDoH-iodine-pcap-1202_1802.zip,d9b51a38f204d8026649d30eab5008c5d4a5af17e42d5f0ce44bd9ac174a0d4d,iodine_null-64-tunnel_dnsadguardcom_doh6_2020-03-23T00:18:11.222140.pcap,MaliciousDoH-iodine-pcap-1202_1802.zip/iodine_null-64-tunnel_dnsadguardcom_doh6_2020-03-23T00:18:11.222140.pcap,False
fresh-c92e2c5fa3aa1d036791,fresh-c92e2c5fa3aa1d036791,selection,malicious,,iodine,,data/raw/DoHBrw/auxiliary_csv_archives/CSVs/MaliciousDoH-CSVs.zip,CSVs/iodine/Separate/iodine_null-64-tunnel_99911_doh9_2020-03-20T04:50:10.802842.csv,,exact_official_capture_csv,data/raw/DoHBrw/pcap/_w282_fresh_training/MaliciousDoH-iodine-pcap-1202_1802/iodine_null-64-tunnel_99911_doh9_2020-03-20T04_50_10.802842.pcap,2b6139ea5ef292b5e60354b59ebebbbff98d3038f04926af0f18b6685bab33e5,351956,MaliciousDoH-iodine-pcap-1202_1802.zip,d9b51a38f204d8026649d30eab5008c5d4a5af17e42d5f0ce44bd9ac174a0d4d,iodine_null-64-tunnel_99911_doh9_2020-03-20T04:50:10.802842.pcap,MaliciousDoH-iodine-pcap-1202_1802.zip/iodine_null-64-tunnel_99911_doh9_2020-03-20T04:50:10.802842.pcap,False
fresh-403707ebf4d04dc7d2a9,fresh-403707ebf4d04dc7d2a9,selection,malicious,,iodine,,data/raw/DoHBrw/auxiliary_csv_archives/CSVs/MaliciousDoH-CSVs.zip,CSVs/iodine/Separate/iodine_null-64-tunnel_dnsadguardcom_doh3_2020-03-22T22:55:13.114298.csv,,exact_official_capture_csv,data/raw/DoHBrw/pcap/_w282_fresh_training/MaliciousDoH-iodine-pcap-1202_1802/iodine_null-64-tunnel_dnsadguardcom_doh3_2020-03-22T22_55_13.114298.pcap,c46c0fc009006589423d8367732abe8a665ce56d00970544530ffae6d0ea33de,1355865,MaliciousDoH-iodine-pcap-1202_1802.zip,d9b51a38f204d8026649d30eab5008c5d4a5af17e42d5f0ce44bd9ac174a0d4d,iodine_null-64-tunnel_dnsadguardcom_doh3_2020-03-22T22:55:13.114298.pcap,MaliciousDoH-iodine-pcap-1202_1802.zip/iodine_null-64-tunnel_dnsadguardcom_doh3_2020-03-22T22:55:13.114298.pcap,False
fresh-24a8a49e07f77c4ab519,fresh-24a8a49e07f77c4ab519,selection,malicious,,iodine,,data/raw/DoHBrw/auxiliary_csv_archives/CSVs/MaliciousDoH-CSVs.zip,CSVs/iodine/Separate/iodine_null-64-tunnel_dnsgoogle_doh2_2020-03-20T04:38:39.167819.csv,,exact_official_capture_csv,data/raw/DoHBrw/pcap/_w282_fresh_training/MaliciousDoH-iodine-pcap-1202_1802/iodine_null-64-tunnel_dnsgoogle_doh2_2020-03-20T04_38_39.167819.pcap,bd6db5ac40e3fcff0a843ee84eb6b1bf58abb1f6d205f325605e730acd73e38a,9008562,MaliciousDoH-iodine-pcap-1202_1802.zip,d9b51a38f204d8026649d30eab5008c5d4a5af17e42d5f0ce44bd9ac174a0d4d,iodine_null-64-tunnel_dnsgoogle_doh2_2020-03-20T04:38:39.167819.pcap,MaliciousDoH-iodine-pcap-1202_1802.zip/iodine_null-64-tunnel_dnsgoogle_doh2_2020-03-20T04:38:39.167819.pcap,False
fresh-afba3ee428ed26c1d012,fresh-afba3ee428ed26c1d012,selection,malicious,,iodine,,data/raw/DoHBrw/auxiliary_csv_archives/CSVs/MaliciousDoH-CSVs.zip,CSVs/iodine/Separate/iodine_null-64-tunnel_dnsadguardcom_doh1_2020-03-23T00:18:06.407357.csv,,exact_official_capture_csv,data/raw/DoHBrw/pcap/_w282_fresh_training/MaliciousDoH-iodine-pcap-1202_1802/iodine_null-64-tunnel_dnsadguardcom_doh1_2020-03-23T00_18_06.407357.pcap,82e11e6338ef638c421ebbe7650342a4eeffa4dcfeaa244f5fbcca59b9922a0c,1096132,MaliciousDoH-iodine-pcap-1202_1802.zip,d9b51a38f204d8026649d30eab5008c5d4a5af17e42d5f0ce44bd9ac174a0d4d,iodine_null-64-tunnel_dnsadguardcom_doh1_2020-03-23T00:18:06.407357.pcap,MaliciousDoH-iodine-pcap-1202_1802.zip/iodine_null-64-tunnel_dnsadguardcom_doh1_2020-03-23T00:18:06.407357.pcap,False
fresh-4e3ea4b88c77bbe2ab4b,fresh-4e3ea4b88c77bbe2ab4b,selection,malicious,,iodine,,data/raw/DoHBrw/auxiliary_csv_archives/CSVs/MaliciousDoH-CSVs.zip,CSVs/iodine/Separate/iodine_null-64-tunnel_1111_doh10_2020-03-23T00:59:48.164423.csv,,exact_official_capture_csv,data/raw/DoHBrw/pcap/_w282_fresh_training/MaliciousDoH-iodine-pcap-1202_1802/iodine_null-64-tunnel_1111_doh10_2020-03-23T00_59_48.164423.pcap,408393ba8dcccaf673dd7e5a80c389eb36855bd5b2ff0f84f822a8b5800f1616,423167,MaliciousDoH-iodine-pcap-1202_1802.zip,d9b51a38f204d8026649d30eab5008c5d4a5af17e42d5f0ce44bd9ac174a0d4d,iodine_null-64-tunnel_1111_doh10_2020-03-23T00:59:48.164423.pcap,MaliciousDoH-iodine-pcap-1202_1802.zip/iodine_null-64-tunnel_1111_doh10_2020-03-23T00:59:48.164423.pcap,False
fresh-2debc15caec9ebed66ee,fresh-2debc15caec9ebed66ee,selection,malicious,,iodine,,data/raw/DoHBrw/auxiliary_csv_archives/CSVs/MaliciousDoH-CSVs.zip,CSVs/iodine/Separate/iodine_null-64-tunnel_dnsadguardcom_doh9_2020-03-22T20:09:45.328657.csv,,exact_official_capture_csv,data/raw/DoHBrw/pcap/_w282_fresh_training/MaliciousDoH-iodine-pcap-1202_1802/iodine_null-64-tunnel_dnsadguardcom_doh9_2020-03-22T20_09_45.328657.pcap,b6a7ede2be9b0ae6bb0403079826d56c05aa5e371308f1439d78452a50f1b03b,278684,MaliciousDoH-iodine-pcap-1202_1802.zip,d9b51a38f204d8026649d30eab5008c5d4a5af17e42d5f0ce44bd9ac174a0d4d,iodine_null-64-tunnel_dnsadguardcom_doh9_2020-03-22T20:09:45.328657.pcap,MaliciousDoH-iodine-pcap-1202_1802.zip/iodine_null-64-tunnel_dnsadguardcom_doh9_2020-03-22T20:09:45.328657.pcap,False
fresh-a0810e08c9100f16b2c4,fresh-a0810e08c9100f16b2c4,selection,malicious,,iodine,,data/raw/DoHBrw/auxiliary_csv_archives/CSVs/MaliciousDoH-CSVs.zip,CSVs/iodine/Separate/iodine_null-64-tunnel_dnsgoogle_doh8_2020-03-20T08:04:17.448660.csv,,exact_official_capture_csv,data/raw/DoHBrw/pcap/_w282_fresh_training/MaliciousDoH-iodine-pcap-1202_1802/iodine_null-64-tunnel_dnsgoogle_doh8_2020-03-20T08_04_17.448660.pcap,839764c3a84565dea45de12355bf435c56f53884f6dbf5f587a2e937c972df66,10092809,MaliciousDoH-iodine-pcap-1202_1802.zip,d9b51a38f204d8026649d30eab5008c5d4a5af17e42d5f0ce44bd9ac174a0d4d,iodine_null-64-tunnel_dnsgoogle_doh8_2020-03-20T08:04:17.448660.pcap,MaliciousDoH-iodine-pcap-1202_1802.zip/iodine_null-64-tunnel_dnsgoogle_doh8_2020-03-20T08:04:17.448660.pcap,False
fresh-f61fa1a7a6f9f0b32363,fresh-f61fa1a7a6f9f0b32363,selection,malicious,,iodine,,data/raw/DoHBrw/auxiliary_csv_archives/CSVs/MaliciousDoH-CSVs.zip,CSVs/iodine/Separate/iodine_null-64-tunnel_dnsadguardcom_doh2_2020-03-22T21:32:22.874956.csv,,exact_official_capture_csv,data/raw/DoHBrw/pcap/_w282_fresh_training/MaliciousDoH-iodine-pcap-1202_1802/iodine_null-64-tunnel_dnsadguardcom_doh2_2020-03-22T21_32_22.874956.pcap,3502a923a46156b01a7d0744a4284367d282e7a8c8c9cecd1ba3d64a0524af9b,1332123,MaliciousDoH-iodine-pcap-1202_1802.zip,d9b51a38f204d8026649d30eab5008c5d4a5af17e42d5f0ce44bd9ac174a0d4d,iodine_null-64-tunnel_dnsadguardcom_doh2_2020-03-22T21:32:22.874956.pcap,MaliciousDoH-iodine-pcap-1202_1802.zip/iodine_null-64-tunnel_dnsadguardcom_doh2_2020-03-22T21:32:22.874956.pcap,False
fresh-4db1ed4e2431e425076c,fresh-4db1ed4e2431e425076c,selection,malicious,,iodine,,data/raw/DoHBrw/auxiliary_csv_archives/CSVs/MaliciousDoH-CSVs.zip,CSVs/iodine/Separate/iodine_null-64-tunnel_99911_doh2_2020-03-20T07:29:45.249466.csv,,exact_official_capture_csv,data/raw/DoHBrw/pcap/_w282_fresh_training/MaliciousDoH-iodine-pcap-1202_1802/iodine_null-64-tunnel_99911_doh2_2020-03-20T07_29_45.249466.pcap,57e17101074ed3a8e63db57e4b63f6b3c82d90e1f7ae5f6f5b8302c6017c2768,4403183,MaliciousDoH-iodine-pcap-1202_1802.zip,d9b51a38f204d8026649d30eab5008c5d4a5af17e42d5f0ce44bd9ac174a0d4d,iodine_null-64-tunnel_99911_doh2_2020-03-20T07:29:45.249466.pcap,MaliciousDoH-iodine-pcap-1202_1802.zip/iodine_null-64-tunnel_99911_doh2_2020-03-20T07:29:45.249466.pcap,False
fresh-d2c5dd63312eaa0ae705,fresh-d2c5dd63312eaa0ae705,acceptance,malicious,,iodine,,data/raw/DoHBrw/auxiliary_csv_archives/CSVs/MaliciousDoH-CSVs.zip,CSVs/iodine/Separate/iodine_null-64-tunnel_99911_doh2_2020-03-20T09:24:34.129406.csv,,exact_official_capture_csv,data/raw/DoHBrw/pcap/_w282_fresh_training/MaliciousDoH-iodine-pcap-1202_1802/iodine_null-64-tunnel_99911_doh2_2020-03-20T09_24_34.129406.pcap,6d088b2a7873c769f4faef3586f14ee15ff092f6f1470c332233953c014e0c61,4889781,MaliciousDoH-iodine-pcap-1202_1802.zip,d9b51a38f204d8026649d30eab5008c5d4a5af17e42d5f0ce44bd9ac174a0d4d,iodine_null-64-tunnel_99911_doh2_2020-03-20T09:24:34.129406.pcap,MaliciousDoH-iodine-pcap-1202_1802.zip/iodine_null-64-tunnel_99911_doh2_2020-03-20T09:24:34.129406.pcap,False
fresh-3a543d649c5df8b03364,fresh-3a543d649c5df8b03364,acceptance,malicious,,iodine,,data/raw/DoHBrw/auxiliary_csv_archives/CSVs/MaliciousDoH-CSVs.zip,CSVs/iodine/Separate/iodine_null-64-tunnel_1111_doh10_2020-03-22T22:41:27.263008.csv,,exact_official_capture_csv,data/raw/DoHBrw/pcap/_w282_fresh_training/MaliciousDoH-iodine-pcap-1202_1802/iodine_null-64-tunnel_1111_doh10_2020-03-22T22_41_27.263008.pcap,14f609076459610ae00eb7c627465a642c04b4e923ee6c550a7c023478e086c1,424371,MaliciousDoH-iodine-pcap-1202_1802.zip,d9b51a38f204d8026649d30eab5008c5d4a5af17e42d5f0ce44bd9ac174a0d4d,iodine_null-64-tunnel_1111_doh10_2020-03-22T22:41:27.263008.pcap,MaliciousDoH-iodine-pcap-1202_1802.zip/iodine_null-64-tunnel_1111_doh10_2020-03-22T22:41:27.263008.pcap,False
fresh-b410b20a21c9f394ca1f,fresh-b410b20a21c9f394ca1f,acceptance,malicious,,iodine,,data/raw/DoHBrw/auxiliary_csv_archives/CSVs/MaliciousDoH-CSVs.zip,CSVs/iodine/Separate/iodine_null-64-tunnel_99911_doh4_2020-03-20T04:50:06.664128.csv,,exact_official_capture_csv,data/raw/DoHBrw/pcap/_w282_fresh_training/MaliciousDoH-iodine-pcap-1202_1802/iodine_null-64-tunnel_99911_doh4_2020-03-20T04_50_06.664128.pcap,e65b9070d088b983cb1860bfe8c4a737b1bc99677f31f1bdfb80ea6d3b7efb59,4417555,MaliciousDoH-iodine-pcap-1202_1802.zip,d9b51a38f204d8026649d30eab5008c5d4a5af17e42d5f0ce44bd9ac174a0d4d,iodine_null-64-tunnel_99911_doh4_2020-03-20T04:50:06.664128.pcap,MaliciousDoH-iodine-pcap-1202_1802.zip/iodine_null-64-tunnel_99911_doh4_2020-03-20T04:50:06.664128.pcap,False
fresh-735695ebfefd9ca17b50,fresh-735695ebfefd9ca17b50,acceptance,malicious,,iodine,,data/raw/DoHBrw/auxiliary_csv_archives/CSVs/MaliciousDoH-CSVs.zip,CSVs/iodine/Separate/iodine_null-64-tunnel_dnsgoogle_doh8_2020-03-20T07:41:20.725342.csv,,exact_official_capture_csv,data/raw/DoHBrw/pcap/_w282_fresh_training/MaliciousDoH-iodine-pcap-1202_1802/iodine_null-64-tunnel_dnsgoogle_doh8_2020-03-20T07_41_20.725342.pcap,fd896d51b52ba4320368fb9c5c6f91e4ea3e40a5157c6e41895e29afbb31a965,9767567,MaliciousDoH-iodine-pcap-1202_1802.zip,d9b51a38f204d8026649d30eab5008c5d4a5af17e42d5f0ce44bd9ac174a0d4d,iodine_null-64-tunnel_dnsgoogle_doh8_2020-03-20T07:41:20.725342.pcap,MaliciousDoH-iodine-pcap-1202_1802.zip/iodine_null-64-tunnel_dnsgoogle_doh8_2020-03-20T07:41:20.725342.pcap,False
fresh-21792d1f80ebe782998e,fresh-21792d1f80ebe782998e,acceptance,malicious,,iodine,,data/raw/DoHBrw/auxiliary_csv_archives/CSVs/MaliciousDoH-CSVs.zip,CSVs/iodine/Separate/iodine_null-64-tunnel_99911_doh5_2020-03-20T07:29:48.247092.csv,,exact_official_capture_csv,data/raw/DoHBrw/pcap/_w282_fresh_training/MaliciousDoH-iodine-pcap-1202_1802/iodine_null-64-tunnel_99911_doh5_2020-03-20T07_29_48.247092.pcap,23bc8dda553a0886943f48f28a0c5d26dc9fa022a267ca8eb9425f702b8290f6,4308124,MaliciousDoH-iodine-pcap-1202_1802.zip,d9b51a38f204d8026649d30eab5008c5d4a5af17e42d5f0ce44bd9ac174a0d4d,iodine_null-64-tunnel_99911_doh5_2020-03-20T07:29:48.247092.pcap,MaliciousDoH-iodine-pcap-1202_1802.zip/iodine_null-64-tunnel_99911_doh5_2020-03-20T07:29:48.247092.pcap,False
fresh-1ce2811b9231d41f9262,fresh-1ce2811b9231d41f9262,acceptance,malicious,,iodine,,data/raw/DoHBrw/auxiliary_csv_archives/CSVs/MaliciousDoH-CSVs.zip,CSVs/iodine/Separate/iodine_null-64-tunnel_dnsgoogle_doh4_2020-03-20T05:24:20.520034.csv,,exact_official_capture_csv,data/raw/DoHBrw/pcap/_w282_fresh_training/MaliciousDoH-iodine-pcap-1202_1802/iodine_null-64-tunnel_dnsgoogle_doh4_2020-03-20T05_24_20.520034.pcap,3f395fd3343dcf954be7bfd220c56f261d8b72714229943de38c5129ee3e3a87,9362931,MaliciousDoH-iodine-pcap-1202_1802.zip,d9b51a38f204d8026649d30eab5008c5d4a5af17e42d5f0ce44bd9ac174a0d4d,iodine_null-64-tunnel_dnsgoogle_doh4_2020-03-20T05:24:20.520034.pcap,MaliciousDoH-iodine-pcap-1202_1802.zip/iodine_null-64-tunnel_dnsgoogle_doh4_2020-03-20T05:24:20.520034.pcap,False
fresh-81fd35fe1bc7f2ecc215,fresh-81fd35fe1bc7f2ecc215,acceptance,malicious,,iodine,,data/raw/DoHBrw/auxiliary_csv_archives/CSVs/MaliciousDoH-CSVs.zip,CSVs/iodine/Separate/iodine_null-64-tunnel_dnsadguardcom_doh6_2020-03-23T01:13:40.279880.csv,,exact_official_capture_csv,data/raw/DoHBrw/pcap/_w282_fresh_training/MaliciousDoH-iodine-pcap-1202_1802/iodine_null-64-tunnel_dnsadguardcom_doh6_2020-03-23T01_13_40.279880.pcap,0cac49d7063e64486aafb5252dbcd11dd538961360ab0f11e97dcda8e76c9357,1246778,MaliciousDoH-iodine-pcap-1202_1802.zip,d9b51a38f204d8026649d30eab5008c5d4a5af17e42d5f0ce44bd9ac174a0d4d,iodine_null-64-tunnel_dnsadguardcom_doh6_2020-03-23T01:13:40.279880.pcap,MaliciousDoH-iodine-pcap-1202_1802.zip/iodine_null-64-tunnel_dnsadguardcom_doh6_2020-03-23T01:13:40.279880.pcap,False
fresh-e28c0953bf88d2392982,fresh-e28c0953bf88d2392982,acceptance,malicious,,iodine,,data/raw/DoHBrw/auxiliary_csv_archives/CSVs/MaliciousDoH-CSVs.zip,CSVs/iodine/Separate/iodine_null-64-tunnel_99911_doh3_2020-03-20T04:27:13.363560.csv,,exact_official_capture_csv,data/raw/DoHBrw/pcap/_w282_fresh_training/MaliciousDoH-iodine-pcap-1202_1802/iodine_null-64-tunnel_99911_doh3_2020-03-20T04_27_13.363560.pcap,b47d9f04d6e8a9d401fc52c89d3d5575dc73e23c1d775722dd232a31d40049d1,4363926,MaliciousDoH-iodine-pcap-1202_1802.zip,d9b51a38f204d8026649d30eab5008c5d4a5af17e42d5f0ce44bd9ac174a0d4d,iodine_null-64-tunnel_99911_doh3_2020-03-20T04:27:13.363560.pcap,MaliciousDoH-iodine-pcap-1202_1802.zip/iodine_null-64-tunnel_99911_doh3_2020-03-20T04:27:13.363560.pcap,False
fresh-371608e5eb710eaf7100,fresh-371608e5eb710eaf7100,acceptance,malicious,,iodine,,data/raw/DoHBrw/auxiliary_csv_archives/CSVs/MaliciousDoH-CSVs.zip,CSVs/iodine/Separate/iodine_null-64-tunnel_dnsgoogle_doh8_2020-03-20T06:55:45.273496.csv,,exact_official_capture_csv,data/raw/DoHBrw/pcap/_w282_fresh_training/MaliciousDoH-iodine-pcap-1202_1802/iodine_null-64-tunnel_dnsgoogle_doh8_2020-03-20T06_55_45.273496.pcap,47ce3e648535c2eef84684ae2fdfc979e9dfb6767b89de635bb32793fc253966,9630735,MaliciousDoH-iodine-pcap-1202_1802.zip,d9b51a38f204d8026649d30eab5008c5d4a5af17e42d5f0ce44bd9ac174a0d4d,iodine_null-64-tunnel_dnsgoogle_doh8_2020-03-20T06:55:45.273496.pcap,MaliciousDoH-iodine-pcap-1202_1802.zip/iodine_null-64-tunnel_dnsgoogle_doh8_2020-03-20T06:55:45.273496.pcap,False
fresh-bbbeaa5652ce707b3611,fresh-bbbeaa5652ce707b3611,acceptance,malicious,,iodine,,data/raw/DoHBrw/auxiliary_csv_archives/CSVs/MaliciousDoH-CSVs.zip,CSVs/iodine/Separate/iodine_null-64-tunnel_dnsgoogle_doh1_2020-03-20T08:27:02.052941.csv,,exact_official_capture_csv,data/raw/DoHBrw/pcap/_w282_fresh_training/MaliciousDoH-iodine-pcap-1202_1802/iodine_null-64-tunnel_dnsgoogle_doh1_2020-03-20T08_27_02.052941.pcap,563e5b533defdd77c166eeaba7c25f952196c4a22fcfb1c5d8b71c42369aeac8,9194394,MaliciousDoH-iodine-pcap-1202_1802.zip,d9b51a38f204d8026649d30eab5008c5d4a5af17e42d5f0ce44bd9ac174a0d4d,iodine_null-64-tunnel_dnsgoogle_doh1_2020-03-20T08:27:02.052941.pcap,MaliciousDoH-iodine-pcap-1202_1802.zip/iodine_null-64-tunnel_dnsgoogle_doh1_2020-03-20T08:27:02.052941.pcap,False
fresh-81f0d035ab8e83e52126,fresh-81f0d035ab8e83e52126,acceptance,malicious,,iodine,,data/raw/DoHBrw/auxiliary_csv_archives/CSVs/MaliciousDoH-CSVs.zip,CSVs/iodine/Separate/iodine_null-64-tunnel_99911_doh4_2020-03-20T07:29:47.233137.csv,,exact_official_capture_csv,data/raw/DoHBrw/pcap/_w282_fresh_training/MaliciousDoH-iodine-pcap-1202_1802/iodine_null-64-tunnel_99911_doh4_2020-03-20T07_29_47.233137.pcap,0d3043b419011798e88a47a0de2787c4f9b5997eada051b277f714aa9f13397f,4289480,MaliciousDoH-iodine-pcap-1202_1802.zip,d9b51a38f204d8026649d30eab5008c5d4a5af17e42d5f0ce44bd9ac174a0d4d,iodine_null-64-tunnel_99911_doh4_2020-03-20T07:29:47.233137.pcap,MaliciousDoH-iodine-pcap-1202_1802.zip/iodine_null-64-tunnel_99911_doh4_2020-03-20T07:29:47.233137.pcap,False
fresh-d3292189e2c6f6e1152a,fresh-d3292189e2c6f6e1152a,acceptance,malicious,,iodine,,data/raw/DoHBrw/auxiliary_csv_archives/CSVs/MaliciousDoH-CSVs.zip,CSVs/iodine/Separate/iodine_null-64-tunnel_dnsadguardcom_doh9_2020-03-22T19:42:12.323611.csv,,exact_official_capture_csv,data/raw/DoHBrw/pcap/_w282_fresh_training/MaliciousDoH-iodine-pcap-1202_1802/iodine_null-64-tunnel_dnsadguardcom_doh9_2020-03-22T19_42_12.323611.pcap,7bbc2a56db83b8b61ed89dee7ba503e2ffad4e6c8024c4ffdeb53ae2b872e210,1121993,MaliciousDoH-iodine-pcap-1202_1802.zip,d9b51a38f204d8026649d30eab5008c5d4a5af17e42d5f0ce44bd9ac174a0d4d,iodine_null-64-tunnel_dnsadguardcom_doh9_2020-03-22T19:42:12.323611.pcap,MaliciousDoH-iodine-pcap-1202_1802.zip/iodine_null-64-tunnel_dnsadguardcom_doh9_2020-03-22T19:42:12.323611.pcap,False
fresh-c097eddec472a64ae82f,fresh-c097eddec472a64ae82f,acceptance,malicious,,iodine,,data/raw/DoHBrw/auxiliary_csv_archives/CSVs/MaliciousDoH-CSVs.zip,CSVs/iodine/Separate/iodine_null-64-tunnel_dnsadguardcom_doh2_2020-03-22T20:09:41.432722.csv,,exact_official_capture_csv,data/raw/DoHBrw/pcap/_w282_fresh_training/MaliciousDoH-iodine-pcap-1202_1802/iodine_null-64-tunnel_dnsadguardcom_doh2_2020-03-22T20_09_41.432722.pcap,52c1ebd03c5e59acfd919bd641e586e2e8cbd250a07b47d749b1b1cfe9b9e4a0,798079,MaliciousDoH-iodine-pcap-1202_1802.zip,d9b51a38f204d8026649d30eab5008c5d4a5af17e42d5f0ce44bd9ac174a0d4d,iodine_null-64-tunnel_dnsadguardcom_doh2_2020-03-22T20:09:41.432722.pcap,MaliciousDoH-iodine-pcap-1202_1802.zip/iodine_null-64-tunnel_dnsadguardcom_doh2_2020-03-22T20:09:41.432722.pcap,False
fresh-7094eb2f1eeee4f7efca,fresh-7094eb2f1eeee4f7efca,acceptance,malicious,,iodine,,data/raw/DoHBrw/auxiliary_csv_archives/CSVs/MaliciousDoH-CSVs.zip,CSVs/iodine/Separate/iodine_null-64-tunnel_dnsgoogle_doh2_2020-03-20T09:59:07.055725.csv,,exact_official_capture_csv,data/raw/DoHBrw/pcap/_w282_fresh_training/MaliciousDoH-iodine-pcap-1202_1802/iodine_null-64-tunnel_dnsgoogle_doh2_2020-03-20T09_59_07.055725.pcap,ffb88a27b39613b201ab3bfd624147e6cd63fd705c544e4ad6f2e64666350938,9888326,MaliciousDoH-iodine-pcap-1202_1802.zip,d9b51a38f204d8026649d30eab5008c5d4a5af17e42d5f0ce44bd9ac174a0d4d,iodine_null-64-tunnel_dnsgoogle_doh2_2020-03-20T09:59:07.055725.pcap,MaliciousDoH-iodine-pcap-1202_1802.zip/iodine_null-64-tunnel_dnsgoogle_doh2_2020-03-20T09:59:07.055725.pcap,False
fresh-2a96ee234b3bd36c392c,fresh-2a96ee234b3bd36c392c,acceptance,malicious,,iodine,,data/raw/DoHBrw/auxiliary_csv_archives/CSVs/MaliciousDoH-CSVs.zip,CSVs/iodine/Separate/iodine_null-64-tunnel_dnsadguardcom_doh4_2020-03-22T23:50:27.314879.csv,,exact_official_capture_csv,data/raw/DoHBrw/pcap/_w282_fresh_training/MaliciousDoH-iodine-pcap-1202_1802/iodine_null-64-tunnel_dnsadguardcom_doh4_2020-03-22T23_50_27.314879.pcap,f9398e8cce6646e32e550223dec3869c11f9dbfc14cb81716d57c76dcaf62fd7,332040,MaliciousDoH-iodine-pcap-1202_1802.zip,d9b51a38f204d8026649d30eab5008c5d4a5af17e42d5f0ce44bd9ac174a0d4d,iodine_null-64-tunnel_dnsadguardcom_doh4_2020-03-22T23:50:27.314879.pcap,MaliciousDoH-iodine-pcap-1202_1802.zip/iodine_null-64-tunnel_dnsadguardcom_doh4_2020-03-22T23:50:27.314879.pcap,False
fresh-bed5f057c284a7bdacbb,fresh-bed5f057c284a7bdacbb,acceptance,malicious,,iodine,,data/raw/DoHBrw/auxiliary_csv_archives/CSVs/MaliciousDoH-CSVs.zip,CSVs/iodine/Separate/iodine_null-64-tunnel_dnsadguardcom_doh2_2020-03-23T01:13:37.499111.csv,,exact_official_capture_csv,data/raw/DoHBrw/pcap/_w282_fresh_training/MaliciousDoH-iodine-pcap-1202_1802/iodine_null-64-tunnel_dnsadguardcom_doh2_2020-03-23T01_13_37.499111.pcap,3b9f72701f6eecc87dba25d0f9006d2e40da326bc492b9324e6956f8d94a6410,797046,MaliciousDoH-iodine-pcap-1202_1802.zip,d9b51a38f204d8026649d30eab5008c5d4a5af17e42d5f0ce44bd9ac174a0d4d,iodine_null-64-tunnel_dnsadguardcom_doh2_2020-03-23T01:13:37.499111.pcap,MaliciousDoH-iodine-pcap-1202_1802.zip/iodine_null-64-tunnel_dnsadguardcom_doh2_2020-03-23T01:13:37.499111.pcap,False
fresh-6000b7556d6af9044a28,fresh-6000b7556d6af9044a28,acceptance,malicious,,iodine,,data/raw/DoHBrw/auxiliary_csv_archives/CSVs/MaliciousDoH-CSVs.zip,CSVs/iodine/Separate/iodine_null-64-tunnel_99911_doh10_2020-03-20T10:33:48.345549.csv,,exact_official_capture_csv,data/raw/DoHBrw/pcap/_w282_fresh_training/MaliciousDoH-iodine-pcap-1202_1802/iodine_null-64-tunnel_99911_doh10_2020-03-20T10_33_48.345549.pcap,dfb4ad634c5d1e3a14a9a564eefbbf089498ad241e701587b574ce6e95cb9d80,4992215,MaliciousDoH-iodine-pcap-1202_1802.zip,d9b51a38f204d8026649d30eab5008c5d4a5af17e42d5f0ce44bd9ac174a0d4d,iodine_null-64-tunnel_99911_doh10_2020-03-20T10:33:48.345549.pcap,MaliciousDoH-iodine-pcap-1202_1802.zip/iodine_null-64-tunnel_99911_doh10_2020-03-20T10:33:48.345549.pcap,False
fresh-44c69ce28c4d437d7c45,fresh-44c69ce28c4d437d7c45,acceptance,malicious,,iodine,,data/raw/DoHBrw/auxiliary_csv_archives/CSVs/MaliciousDoH-CSVs.zip,CSVs/iodine/Separate/iodine_null-64-tunnel_dnsgoogle_doh4_2020-03-20T10:22:12.613915.csv,,exact_official_capture_csv,data/raw/DoHBrw/pcap/_w282_fresh_training/MaliciousDoH-iodine-pcap-1202_1802/iodine_null-64-tunnel_dnsgoogle_doh4_2020-03-20T10_22_12.613915.pcap,828767ac04165c42b9cccd9413cf76ca5f029d026f60e6f673672023578ee235,9486868,MaliciousDoH-iodine-pcap-1202_1802.zip,d9b51a38f204d8026649d30eab5008c5d4a5af17e42d5f0ce44bd9ac174a0d4d,iodine_null-64-tunnel_dnsgoogle_doh4_2020-03-20T10:22:12.613915.pcap,MaliciousDoH-iodine-pcap-1202_1802.zip/iodine_null-64-tunnel_dnsgoogle_doh4_2020-03-20T10:22:12.613915.pcap,False
fresh-923b3780f24ce029e21d,fresh-923b3780f24ce029e21d,acceptance,malicious,,iodine,,data/raw/DoHBrw/auxiliary_csv_archives/CSVs/MaliciousDoH-CSVs.zip,CSVs/iodine/Separate/iodine_null-64-tunnel_dnsadguardcom_doh10_2020-03-23T02:08:59.250266.csv,,exact_official_capture_csv,data/raw/DoHBrw/pcap/_w282_fresh_training/MaliciousDoH-iodine-pcap-1202_1802/iodine_null-64-tunnel_dnsadguardcom_doh10_2020-03-23T02_08_59.250266.pcap,bef83fc2e703dc30506f3a566baa50c079959f30b470533689df4ab4f092ef1b,15793,MaliciousDoH-iodine-pcap-1202_1802.zip,d9b51a38f204d8026649d30eab5008c5d4a5af17e42d5f0ce44bd9ac174a0d4d,iodine_null-64-tunnel_dnsadguardcom_doh10_2020-03-23T02:08:59.250266.pcap,MaliciousDoH-iodine-pcap-1202_1802.zip/iodine_null-64-tunnel_dnsadguardcom_doh10_2020-03-23T02:08:59.250266.pcap,False
fresh-85c22ef9ab744238477d,fresh-85c22ef9ab744238477d,acceptance,malicious,,iodine,,data/raw/DoHBrw/auxiliary_csv_archives/CSVs/MaliciousDoH-CSVs.zip,CSVs/iodine/Separate/iodine_null-64-tunnel_dnsgoogle_doh2_2020-03-20T05:01:27.085371.csv,,exact_official_capture_csv,data/raw/DoHBrw/pcap/_w282_fresh_training/MaliciousDoH-iodine-pcap-1202_1802/iodine_null-64-tunnel_dnsgoogle_doh2_2020-03-20T05_01_27.085371.pcap,b1ee16ee7c8932465276a7cc0539d5c826796c11bb1aea734646bd4c406aeec6,9304155,MaliciousDoH-iodine-pcap-1202_1802.zip,d9b51a38f204d8026649d30eab5008c5d4a5af17e42d5f0ce44bd9ac174a0d4d,iodine_null-64-tunnel_dnsgoogle_doh2_2020-03-20T05:01:27.085371.pcap,MaliciousDoH-iodine-pcap-1202_1802.zip/iodine_null-64-tunnel_dnsgoogle_doh2_2020-03-20T05:01:27.085371.pcap,False
