group,policy,representation,target_budget,budget,rows,simulated_second_calls,C,D,C_minus_D,tn,fp,fn,tp,effective_budget,call_rate,mean_delta,malicious_recall,false_positive_rate
benign:BitTorrent,all_average,frozen_rule,1.0,1.0,2000,2000,0,0,0,2000,0,0,0,2.0,1.0,0.0,,0.0
benign:BitTorrent,all_average,frozen_rule,1.1,1.1,2000,2000,0,0,0,2000,0,0,0,2.0,1.0,0.0,,0.0
benign:BitTorrent,all_average,frozen_rule,1.25,1.25,2000,2000,0,0,0,2000,0,0,0,2.0,1.0,0.0,,0.0
benign:BitTorrent,all_average,frozen_rule,1.5,1.5,2000,2000,0,0,0,2000,0,0,0,2.0,1.0,0.0,,0.0
benign:BitTorrent,all_average,frozen_rule,2.0,2.0,2000,2000,0,0,0,2000,0,0,0,2.0,1.0,0.0,,0.0
benign:BitTorrent,confidence_budget,frozen_rule,1.0,1.0,2000,0,0,0,0,2000,0,0,0,1.0,0.0,0.0,,0.0
benign:BitTorrent,confidence_budget,frozen_rule,1.1,1.1,2000,5,0,0,0,2000,0,0,0,1.0025,0.0025,0.0,,0.0
benign:BitTorrent,confidence_budget,frozen_rule,1.25,1.25,2000,5,0,0,0,2000,0,0,0,1.0025,0.0025,0.0,,0.0
benign:BitTorrent,confidence_budget,frozen_rule,1.5,1.5,2000,7,0,0,0,2000,0,0,0,1.0035,0.0035,0.0,,0.0
benign:BitTorrent,confidence_budget,frozen_rule,2.0,2.0,2000,2000,0,0,0,2000,0,0,0,2.0,1.0,0.0,,0.0
benign:BitTorrent,first_stats,frozen_rule,1.0,1.0,2000,0,0,0,0,2000,0,0,0,1.0,0.0,0.0,,0.0
benign:BitTorrent,first_stats,frozen_rule,1.1,1.1,2000,0,0,0,0,2000,0,0,0,1.0,0.0,0.0,,0.0
benign:BitTorrent,first_stats,frozen_rule,1.25,1.25,2000,0,0,0,0,2000,0,0,0,1.0,0.0,0.0,,0.0
benign:BitTorrent,first_stats,frozen_rule,1.5,1.5,2000,0,0,0,0,2000,0,0,0,1.0,0.0,0.0,,0.0
benign:BitTorrent,first_stats,frozen_rule,2.0,2.0,2000,0,0,0,0,2000,0,0,0,1.0,0.0,0.0,,0.0
benign:BitTorrent,first_temporal,frozen_rule,1.0,1.0,2000,0,0,0,0,2000,0,0,0,1.0,0.0,0.0,,0.0
benign:BitTorrent,first_temporal,frozen_rule,1.1,1.1,2000,0,0,0,0,2000,0,0,0,1.0,0.0,0.0,,0.0
benign:BitTorrent,first_temporal,frozen_rule,1.25,1.25,2000,0,0,0,0,2000,0,0,0,1.0,0.0,0.0,,0.0
benign:BitTorrent,first_temporal,frozen_rule,1.5,1.5,2000,0,0,0,0,2000,0,0,0,1.0,0.0,0.0,,0.0
benign:BitTorrent,first_temporal,frozen_rule,2.0,2.0,2000,0,0,0,0,2000,0,0,0,1.0,0.0,0.0,,0.0
benign:BitTorrent,hashrandom_budget,frozen_rule,1.0,1.0,2000,0,0,0,0,2000,0,0,0,1.0,0.0,0.0,,0.0
benign:BitTorrent,hashrandom_budget,frozen_rule,1.1,1.1,2000,192,0,0,0,2000,0,0,0,1.096,0.096,0.0,,0.0
benign:BitTorrent,hashrandom_budget,frozen_rule,1.25,1.25,2000,500,0,0,0,2000,0,0,0,1.25,0.25,0.0,,0.0
benign:BitTorrent,hashrandom_budget,frozen_rule,1.5,1.5,2000,1017,0,0,0,2000,0,0,0,1.5085,0.5085,0.0,,0.0
benign:BitTorrent,hashrandom_budget,frozen_rule,2.0,2.0,2000,2000,0,0,0,2000,0,0,0,2.0,1.0,0.0,,0.0
benign:BitTorrent,post_first_temporal_gain_classifier,frozen_gain_model,1.0,1.0,2000,0,0,0,0,2000,0,0,0,1.0,0.0,0.0,,0.0
benign:BitTorrent,post_first_temporal_gain_classifier,frozen_gain_model,1.1,1.1,2000,105,0,0,0,2000,0,0,0,1.0525,0.0525,0.0,,0.0
benign:BitTorrent,post_first_temporal_gain_classifier,frozen_gain_model,1.25,1.25,2000,835,0,0,0,2000,0,0,0,1.4175,0.4175,0.0,,0.0
benign:BitTorrent,post_first_temporal_gain_classifier,frozen_gain_model,1.5,1.5,2000,1968,0,0,0,2000,0,0,0,1.984,0.984,0.0,,0.0
benign:BitTorrent,post_first_temporal_gain_classifier,frozen_gain_model,2.0,2.0,2000,2000,0,0,0,2000,0,0,0,2.0,1.0,0.0,,0.0
benign:BitTorrent,post_first_temporal_gain_classifier_positive_stop,frozen_gain_model,,,2000,1977,0,0,0,2000,0,0,0,1.9885000000000002,0.9885,0.0,,0.0
benign:BitTorrent,post_first_temporal_gain_regression,frozen_gain_model,1.0,1.0,2000,0,0,0,0,2000,0,0,0,1.0,0.0,0.0,,0.0
benign:BitTorrent,post_first_temporal_gain_regression,frozen_gain_model,1.1,1.1,2000,18,0,0,0,2000,0,0,0,1.009,0.009,0.0,,0.0
benign:BitTorrent,post_first_temporal_gain_regression,frozen_gain_model,1.25,1.25,2000,18,0,0,0,2000,0,0,0,1.009,0.009,0.0,,0.0
benign:BitTorrent,post_first_temporal_gain_regression,frozen_gain_model,1.5,1.5,2000,908,0,0,0,2000,0,0,0,1.454,0.454,0.0,,0.0
benign:BitTorrent,post_first_temporal_gain_regression,frozen_gain_model,2.0,2.0,2000,2000,0,0,0,2000,0,0,0,2.0,1.0,0.0,,0.0
benign:BitTorrent,post_first_temporal_gain_regression_positive_stop,frozen_gain_model,,,2000,18,0,0,0,2000,0,0,0,1.009,0.009,0.0,,0.0
benign:BitTorrent,probability_only_gain_classifier,frozen_gain_model,1.0,1.0,2000,0,0,0,0,2000,0,0,0,1.0,0.0,0.0,,0.0
benign:BitTorrent,probability_only_gain_classifier,frozen_gain_model,1.1,1.1,2000,0,0,0,0,2000,0,0,0,1.0,0.0,0.0,,0.0
benign:BitTorrent,probability_only_gain_classifier,frozen_gain_model,1.25,1.25,2000,0,0,0,0,2000,0,0,0,1.0,0.0,0.0,,0.0
benign:BitTorrent,probability_only_gain_classifier,frozen_gain_model,1.5,1.5,2000,0,0,0,0,2000,0,0,0,1.0,0.0,0.0,,0.0
benign:BitTorrent,probability_only_gain_classifier,frozen_gain_model,2.0,2.0,2000,2000,0,0,0,2000,0,0,0,2.0,1.0,0.0,,0.0
benign:BitTorrent,probability_only_gain_classifier_positive_stop,frozen_gain_model,,,2000,1995,0,0,0,2000,0,0,0,1.9975,0.9975,0.0,,0.0
benign:BitTorrent,probability_only_gain_regression,frozen_gain_model,1.0,1.0,2000,0,0,0,0,2000,0,0,0,1.0,0.0,0.0,,0.0
benign:BitTorrent,probability_only_gain_regression,frozen_gain_model,1.1,1.1,2000,0,0,0,0,2000,0,0,0,1.0,0.0,0.0,,0.0
benign:BitTorrent,probability_only_gain_regression,frozen_gain_model,1.25,1.25,2000,0,0,0,0,2000,0,0,0,1.0,0.0,0.0,,0.0
benign:BitTorrent,probability_only_gain_regression,frozen_gain_model,1.5,1.5,2000,27,0,0,0,2000,0,0,0,1.0135,0.0135,0.0,,0.0
benign:BitTorrent,probability_only_gain_regression,frozen_gain_model,2.0,2.0,2000,2000,0,0,0,2000,0,0,0,2.0,1.0,0.0,,0.0
benign:BitTorrent,probability_only_gain_regression_positive_stop,frozen_gain_model,,,2000,1995,0,0,0,2000,0,0,0,1.9975,0.9975,0.0,,0.0
benign:FTP,all_average,frozen_rule,1.0,1.0,2000,2000,5,117,-112,1740,260,0,0,2.0,1.0,-0.056,,0.13
benign:FTP,all_average,frozen_rule,1.1,1.1,2000,2000,5,117,-112,1740,260,0,0,2.0,1.0,-0.056,,0.13
benign:FTP,all_average,frozen_rule,1.25,1.25,2000,2000,5,117,-112,1740,260,0,0,2.0,1.0,-0.056,,0.13
benign:FTP,all_average,frozen_rule,1.5,1.5,2000,2000,5,117,-112,1740,260,0,0,2.0,1.0,-0.056,,0.13
benign:FTP,all_average,frozen_rule,2.0,2.0,2000,2000,5,117,-112,1740,260,0,0,2.0,1.0,-0.056,,0.13
benign:FTP,confidence_budget,frozen_rule,1.0,1.0,2000,0,0,0,0,1852,148,0,0,1.0,0.0,0.0,,0.074
benign:FTP,confidence_budget,frozen_rule,1.1,1.1,2000,509,5,116,-111,1741,259,0,0,1.2545,0.2545,-0.0555,,0.1295
benign:FTP,confidence_budget,frozen_rule,1.25,1.25,2000,509,5,116,-111,1741,259,0,0,1.2545,0.2545,-0.0555,,0.1295
benign:FTP,confidence_budget,frozen_rule,1.5,1.5,2000,832,5,117,-112,1740,260,0,0,1.416,0.416,-0.056,,0.13
benign:FTP,confidence_budget,frozen_rule,2.0,2.0,2000,2000,5,117,-112,1740,260,0,0,2.0,1.0,-0.056,,0.13
benign:FTP,first_stats,frozen_rule,1.0,1.0,2000,0,37,192,-155,1697,303,0,0,1.0,0.0,-0.0775,,0.1515
benign:FTP,first_stats,frozen_rule,1.1,1.1,2000,0,37,192,-155,1697,303,0,0,1.0,0.0,-0.0775,,0.1515
benign:FTP,first_stats,frozen_rule,1.25,1.25,2000,0,37,192,-155,1697,303,0,0,1.0,0.0,-0.0775,,0.1515
benign:FTP,first_stats,frozen_rule,1.5,1.5,2000,0,37,192,-155,1697,303,0,0,1.0,0.0,-0.0775,,0.1515
benign:FTP,first_stats,frozen_rule,2.0,2.0,2000,0,37,192,-155,1697,303,0,0,1.0,0.0,-0.0775,,0.1515
benign:FTP,first_temporal,frozen_rule,1.0,1.0,2000,0,0,0,0,1852,148,0,0,1.0,0.0,0.0,,0.074
benign:FTP,first_temporal,frozen_rule,1.1,1.1,2000,0,0,0,0,1852,148,0,0,1.0,0.0,0.0,,0.074
benign:FTP,first_temporal,frozen_rule,1.25,1.25,2000,0,0,0,0,1852,148,0,0,1.0,0.0,0.0,,0.074
benign:FTP,first_temporal,frozen_rule,1.5,1.5,2000,0,0,0,0,1852,148,0,0,1.0,0.0,0.0,,0.074
benign:FTP,first_temporal,frozen_rule,2.0,2.0,2000,0,0,0,0,1852,148,0,0,1.0,0.0,0.0,,0.074
benign:FTP,hashrandom_budget,frozen_rule,1.0,1.0,2000,0,0,0,0,1852,148,0,0,1.0,0.0,0.0,,0.074
benign:FTP,hashrandom_budget,frozen_rule,1.1,1.1,2000,206,0,15,-15,1837,163,0,0,1.103,0.103,-0.0075,,0.0815
benign:FTP,hashrandom_budget,frozen_rule,1.25,1.25,2000,530,1,30,-29,1823,177,0,0,1.2650000000000001,0.265,-0.0145,,0.0885
benign:FTP,hashrandom_budget,frozen_rule,1.5,1.5,2000,999,2,58,-56,1796,204,0,0,1.4995,0.4995,-0.028,,0.102
benign:FTP,hashrandom_budget,frozen_rule,2.0,2.0,2000,2000,5,117,-112,1740,260,0,0,2.0,1.0,-0.056,,0.13
benign:FTP,post_first_temporal_gain_classifier,frozen_gain_model,1.0,1.0,2000,0,0,0,0,1852,148,0,0,1.0,0.0,0.0,,0.074
benign:FTP,post_first_temporal_gain_classifier,frozen_gain_model,1.1,1.1,2000,206,0,0,0,1852,148,0,0,1.103,0.103,0.0,,0.074
benign:FTP,post_first_temporal_gain_classifier,frozen_gain_model,1.25,1.25,2000,739,0,7,-7,1845,155,0,0,1.3695,0.3695,-0.0035,,0.0775
benign:FTP,post_first_temporal_gain_classifier,frozen_gain_model,1.5,1.5,2000,911,0,13,-13,1839,161,0,0,1.4555,0.4555,-0.0065,,0.0805
benign:FTP,post_first_temporal_gain_classifier,frozen_gain_model,2.0,2.0,2000,2000,5,117,-112,1740,260,0,0,2.0,1.0,-0.056,,0.13
benign:FTP,post_first_temporal_gain_classifier_positive_stop,frozen_gain_model,,,2000,0,0,0,0,1852,148,0,0,1.0,0.0,0.0,,0.074
benign:FTP,post_first_temporal_gain_regression,frozen_gain_model,1.0,1.0,2000,0,0,0,0,1852,148,0,0,1.0,0.0,0.0,,0.074
benign:FTP,post_first_temporal_gain_regression,frozen_gain_model,1.1,1.1,2000,198,0,15,-15,1837,163,0,0,1.099,0.099,-0.0075,,0.0815
benign:FTP,post_first_temporal_gain_regression,frozen_gain_model,1.25,1.25,2000,836,0,87,-87,1765,235,0,0,1.418,0.418,-0.0435,,0.1175
benign:FTP,post_first_temporal_gain_regression,frozen_gain_model,1.5,1.5,2000,951,0,87,-87,1765,235,0,0,1.4755,0.4755,-0.0435,,0.1175
benign:FTP,post_first_temporal_gain_regression,frozen_gain_model,2.0,2.0,2000,2000,5,117,-112,1740,260,0,0,2.0,1.0,-0.056,,0.13
benign:FTP,post_first_temporal_gain_regression_positive_stop,frozen_gain_model,,,2000,686,0,86,-86,1766,234,0,0,1.343,0.343,-0.043,,0.117
benign:FTP,probability_only_gain_classifier,frozen_gain_model,1.0,1.0,2000,0,0,0,0,1852,148,0,0,1.0,0.0,0.0,,0.074
benign:FTP,probability_only_gain_classifier,frozen_gain_model,1.1,1.1,2000,471,0,87,-87,1765,235,0,0,1.2355,0.2355,-0.0435,,0.1175
benign:FTP,probability_only_gain_classifier,frozen_gain_model,1.25,1.25,2000,1004,0,87,-87,1765,235,0,0,1.502,0.502,-0.0435,,0.1175
benign:FTP,probability_only_gain_classifier,frozen_gain_model,1.5,1.5,2000,1702,0,87,-87,1765,235,0,0,1.851,0.851,-0.0435,,0.1175
benign:FTP,probability_only_gain_classifier,frozen_gain_model,2.0,2.0,2000,2000,5,117,-112,1740,260,0,0,2.0,1.0,-0.056,,0.13
benign:FTP,probability_only_gain_classifier_positive_stop,frozen_gain_model,,,2000,209,0,86,-86,1766,234,0,0,1.1045,0.1045,-0.043,,0.117
benign:FTP,probability_only_gain_regression,frozen_gain_model,1.0,1.0,2000,0,0,0,0,1852,148,0,0,1.0,0.0,0.0,,0.074
benign:FTP,probability_only_gain_regression,frozen_gain_model,1.1,1.1,2000,417,0,86,-86,1766,234,0,0,1.2085,0.2085,-0.043,,0.117
benign:FTP,probability_only_gain_regression,frozen_gain_model,1.25,1.25,2000,428,0,86,-86,1766,234,0,0,1.214,0.214,-0.043,,0.117
benign:FTP,probability_only_gain_regression,frozen_gain_model,1.5,1.5,2000,443,0,86,-86,1766,234,0,0,1.2215,0.2215,-0.043,,0.117
benign:FTP,probability_only_gain_regression,frozen_gain_model,2.0,2.0,2000,2000,5,117,-112,1740,260,0,0,2.0,1.0,-0.056,,0.13
benign:FTP,probability_only_gain_regression_positive_stop,frozen_gain_model,,,2000,414,0,86,-86,1766,234,0,0,1.207,0.207,-0.043,,0.117
benign:Facetime,all_average,frozen_rule,1.0,1.0,2000,2000,0,0,0,346,1654,0,0,2.0,1.0,0.0,,0.827
benign:Facetime,all_average,frozen_rule,1.1,1.1,2000,2000,0,0,0,346,1654,0,0,2.0,1.0,0.0,,0.827
benign:Facetime,all_average,frozen_rule,1.25,1.25,2000,2000,0,0,0,346,1654,0,0,2.0,1.0,0.0,,0.827
benign:Facetime,all_average,frozen_rule,1.5,1.5,2000,2000,0,0,0,346,1654,0,0,2.0,1.0,0.0,,0.827
benign:Facetime,all_average,frozen_rule,2.0,2.0,2000,2000,0,0,0,346,1654,0,0,2.0,1.0,0.0,,0.827
benign:Facetime,confidence_budget,frozen_rule,1.0,1.0,2000,0,0,0,0,346,1654,0,0,1.0,0.0,0.0,,0.827
benign:Facetime,confidence_budget,frozen_rule,1.1,1.1,2000,91,0,0,0,346,1654,0,0,1.0455,0.0455,0.0,,0.827
benign:Facetime,confidence_budget,frozen_rule,1.25,1.25,2000,463,0,0,0,346,1654,0,0,1.2315,0.2315,0.0,,0.827
benign:Facetime,confidence_budget,frozen_rule,1.5,1.5,2000,1952,0,0,0,346,1654,0,0,1.976,0.976,0.0,,0.827
benign:Facetime,confidence_budget,frozen_rule,2.0,2.0,2000,2000,0,0,0,346,1654,0,0,2.0,1.0,0.0,,0.827
benign:Facetime,first_stats,frozen_rule,1.0,1.0,2000,0,0,0,0,346,1654,0,0,1.0,0.0,0.0,,0.827
benign:Facetime,first_stats,frozen_rule,1.1,1.1,2000,0,0,0,0,346,1654,0,0,1.0,0.0,0.0,,0.827
benign:Facetime,first_stats,frozen_rule,1.25,1.25,2000,0,0,0,0,346,1654,0,0,1.0,0.0,0.0,,0.827
benign:Facetime,first_stats,frozen_rule,1.5,1.5,2000,0,0,0,0,346,1654,0,0,1.0,0.0,0.0,,0.827
benign:Facetime,first_stats,frozen_rule,2.0,2.0,2000,0,0,0,0,346,1654,0,0,1.0,0.0,0.0,,0.827
benign:Facetime,first_temporal,frozen_rule,1.0,1.0,2000,0,0,0,0,346,1654,0,0,1.0,0.0,0.0,,0.827
benign:Facetime,first_temporal,frozen_rule,1.1,1.1,2000,0,0,0,0,346,1654,0,0,1.0,0.0,0.0,,0.827
benign:Facetime,first_temporal,frozen_rule,1.25,1.25,2000,0,0,0,0,346,1654,0,0,1.0,0.0,0.0,,0.827
benign:Facetime,first_temporal,frozen_rule,1.5,1.5,2000,0,0,0,0,346,1654,0,0,1.0,0.0,0.0,,0.827
benign:Facetime,first_temporal,frozen_rule,2.0,2.0,2000,0,0,0,0,346,1654,0,0,1.0,0.0,0.0,,0.827
benign:Facetime,hashrandom_budget,frozen_rule,1.0,1.0,2000,0,0,0,0,346,1654,0,0,1.0,0.0,0.0,,0.827
benign:Facetime,hashrandom_budget,frozen_rule,1.1,1.1,2000,194,0,0,0,346,1654,0,0,1.097,0.097,0.0,,0.827
benign:Facetime,hashrandom_budget,frozen_rule,1.25,1.25,2000,496,0,0,0,346,1654,0,0,1.248,0.248,0.0,,0.827
benign:Facetime,hashrandom_budget,frozen_rule,1.5,1.5,2000,998,0,0,0,346,1654,0,0,1.499,0.499,0.0,,0.827
benign:Facetime,hashrandom_budget,frozen_rule,2.0,2.0,2000,2000,0,0,0,346,1654,0,0,2.0,1.0,0.0,,0.827
benign:Facetime,post_first_temporal_gain_classifier,frozen_gain_model,1.0,1.0,2000,0,0,0,0,346,1654,0,0,1.0,0.0,0.0,,0.827
benign:Facetime,post_first_temporal_gain_classifier,frozen_gain_model,1.1,1.1,2000,0,0,0,0,346,1654,0,0,1.0,0.0,0.0,,0.827
benign:Facetime,post_first_temporal_gain_classifier,frozen_gain_model,1.25,1.25,2000,0,0,0,0,346,1654,0,0,1.0,0.0,0.0,,0.827
benign:Facetime,post_first_temporal_gain_classifier,frozen_gain_model,1.5,1.5,2000,0,0,0,0,346,1654,0,0,1.0,0.0,0.0,,0.827
benign:Facetime,post_first_temporal_gain_classifier,frozen_gain_model,2.0,2.0,2000,2000,0,0,0,346,1654,0,0,2.0,1.0,0.0,,0.827
benign:Facetime,post_first_temporal_gain_classifier_positive_stop,frozen_gain_model,,,2000,0,0,0,0,346,1654,0,0,1.0,0.0,0.0,,0.827
benign:Facetime,post_first_temporal_gain_regression,frozen_gain_model,1.0,1.0,2000,0,0,0,0,346,1654,0,0,1.0,0.0,0.0,,0.827
benign:Facetime,post_first_temporal_gain_regression,frozen_gain_model,1.1,1.1,2000,0,0,0,0,346,1654,0,0,1.0,0.0,0.0,,0.827
benign:Facetime,post_first_temporal_gain_regression,frozen_gain_model,1.25,1.25,2000,704,0,0,0,346,1654,0,0,1.3519999999999999,0.352,0.0,,0.827
benign:Facetime,post_first_temporal_gain_regression,frozen_gain_model,1.5,1.5,2000,1691,0,0,0,346,1654,0,0,1.8455,0.8455,0.0,,0.827
benign:Facetime,post_first_temporal_gain_regression,frozen_gain_model,2.0,2.0,2000,2000,0,0,0,346,1654,0,0,2.0,1.0,0.0,,0.827
benign:Facetime,post_first_temporal_gain_regression_positive_stop,frozen_gain_model,,,2000,1691,0,0,0,346,1654,0,0,1.8455,0.8455,0.0,,0.827
benign:Facetime,probability_only_gain_classifier,frozen_gain_model,1.0,1.0,2000,0,0,0,0,346,1654,0,0,1.0,0.0,0.0,,0.827
benign:Facetime,probability_only_gain_classifier,frozen_gain_model,1.1,1.1,2000,91,0,0,0,346,1654,0,0,1.0455,0.0455,0.0,,0.827
benign:Facetime,probability_only_gain_classifier,frozen_gain_model,1.25,1.25,2000,91,0,0,0,346,1654,0,0,1.0455,0.0455,0.0,,0.827
benign:Facetime,probability_only_gain_classifier,frozen_gain_model,1.5,1.5,2000,91,0,0,0,346,1654,0,0,1.0455,0.0455,0.0,,0.827
benign:Facetime,probability_only_gain_classifier,frozen_gain_model,2.0,2.0,2000,2000,0,0,0,346,1654,0,0,2.0,1.0,0.0,,0.827
benign:Facetime,probability_only_gain_classifier_positive_stop,frozen_gain_model,,,2000,91,0,0,0,346,1654,0,0,1.0455,0.0455,0.0,,0.827
benign:Facetime,probability_only_gain_regression,frozen_gain_model,1.0,1.0,2000,0,0,0,0,346,1654,0,0,1.0,0.0,0.0,,0.827
benign:Facetime,probability_only_gain_regression,frozen_gain_model,1.1,1.1,2000,54,0,0,0,346,1654,0,0,1.027,0.027,0.0,,0.827
benign:Facetime,probability_only_gain_regression,frozen_gain_model,1.25,1.25,2000,54,0,0,0,346,1654,0,0,1.027,0.027,0.0,,0.827
benign:Facetime,probability_only_gain_regression,frozen_gain_model,1.5,1.5,2000,54,0,0,0,346,1654,0,0,1.027,0.027,0.0,,0.827
benign:Facetime,probability_only_gain_regression,frozen_gain_model,2.0,2.0,2000,2000,0,0,0,346,1654,0,0,2.0,1.0,0.0,,0.827
benign:Facetime,probability_only_gain_regression_positive_stop,frozen_gain_model,,,2000,54,0,0,0,346,1654,0,0,1.027,0.027,0.0,,0.827
benign:Gmail,all_average,frozen_rule,1.0,1.0,2000,2000,0,0,0,2000,0,0,0,2.0,1.0,0.0,,0.0
benign:Gmail,all_average,frozen_rule,1.1,1.1,2000,2000,0,0,0,2000,0,0,0,2.0,1.0,0.0,,0.0
benign:Gmail,all_average,frozen_rule,1.25,1.25,2000,2000,0,0,0,2000,0,0,0,2.0,1.0,0.0,,0.0
benign:Gmail,all_average,frozen_rule,1.5,1.5,2000,2000,0,0,0,2000,0,0,0,2.0,1.0,0.0,,0.0
benign:Gmail,all_average,frozen_rule,2.0,2.0,2000,2000,0,0,0,2000,0,0,0,2.0,1.0,0.0,,0.0
benign:Gmail,confidence_budget,frozen_rule,1.0,1.0,2000,0,0,0,0,2000,0,0,0,1.0,0.0,0.0,,0.0
benign:Gmail,confidence_budget,frozen_rule,1.1,1.1,2000,209,0,0,0,2000,0,0,0,1.1045,0.1045,0.0,,0.0
benign:Gmail,confidence_budget,frozen_rule,1.25,1.25,2000,720,0,0,0,2000,0,0,0,1.3599999999999999,0.36,0.0,,0.0
benign:Gmail,confidence_budget,frozen_rule,1.5,1.5,2000,795,0,0,0,2000,0,0,0,1.3975,0.3975,0.0,,0.0
benign:Gmail,confidence_budget,frozen_rule,2.0,2.0,2000,2000,0,0,0,2000,0,0,0,2.0,1.0,0.0,,0.0
benign:Gmail,first_stats,frozen_rule,1.0,1.0,2000,0,0,61,-61,1939,61,0,0,1.0,0.0,-0.0305,,0.0305
benign:Gmail,first_stats,frozen_rule,1.1,1.1,2000,0,0,61,-61,1939,61,0,0,1.0,0.0,-0.0305,,0.0305
benign:Gmail,first_stats,frozen_rule,1.25,1.25,2000,0,0,61,-61,1939,61,0,0,1.0,0.0,-0.0305,,0.0305
benign:Gmail,first_stats,frozen_rule,1.5,1.5,2000,0,0,61,-61,1939,61,0,0,1.0,0.0,-0.0305,,0.0305
benign:Gmail,first_stats,frozen_rule,2.0,2.0,2000,0,0,61,-61,1939,61,0,0,1.0,0.0,-0.0305,,0.0305
benign:Gmail,first_temporal,frozen_rule,1.0,1.0,2000,0,0,0,0,2000,0,0,0,1.0,0.0,0.0,,0.0
benign:Gmail,first_temporal,frozen_rule,1.1,1.1,2000,0,0,0,0,2000,0,0,0,1.0,0.0,0.0,,0.0
benign:Gmail,first_temporal,frozen_rule,1.25,1.25,2000,0,0,0,0,2000,0,0,0,1.0,0.0,0.0,,0.0
benign:Gmail,first_temporal,frozen_rule,1.5,1.5,2000,0,0,0,0,2000,0,0,0,1.0,0.0,0.0,,0.0
benign:Gmail,first_temporal,frozen_rule,2.0,2.0,2000,0,0,0,0,2000,0,0,0,1.0,0.0,0.0,,0.0
benign:Gmail,hashrandom_budget,frozen_rule,1.0,1.0,2000,0,0,0,0,2000,0,0,0,1.0,0.0,0.0,,0.0
benign:Gmail,hashrandom_budget,frozen_rule,1.1,1.1,2000,203,0,0,0,2000,0,0,0,1.1015,0.1015,0.0,,0.0
benign:Gmail,hashrandom_budget,frozen_rule,1.25,1.25,2000,513,0,0,0,2000,0,0,0,1.2565,0.2565,0.0,,0.0
benign:Gmail,hashrandom_budget,frozen_rule,1.5,1.5,2000,1000,0,0,0,2000,0,0,0,1.5,0.5,0.0,,0.0
benign:Gmail,hashrandom_budget,frozen_rule,2.0,2.0,2000,2000,0,0,0,2000,0,0,0,2.0,1.0,0.0,,0.0
benign:Gmail,post_first_temporal_gain_classifier,frozen_gain_model,1.0,1.0,2000,0,0,0,0,2000,0,0,0,1.0,0.0,0.0,,0.0
benign:Gmail,post_first_temporal_gain_classifier,frozen_gain_model,1.1,1.1,2000,587,0,0,0,2000,0,0,0,1.2934999999999999,0.2935,0.0,,0.0
benign:Gmail,post_first_temporal_gain_classifier,frozen_gain_model,1.25,1.25,2000,1016,0,0,0,2000,0,0,0,1.508,0.508,0.0,,0.0
benign:Gmail,post_first_temporal_gain_classifier,frozen_gain_model,1.5,1.5,2000,1589,0,0,0,2000,0,0,0,1.7945,0.7945,0.0,,0.0
benign:Gmail,post_first_temporal_gain_classifier,frozen_gain_model,2.0,2.0,2000,2000,0,0,0,2000,0,0,0,2.0,1.0,0.0,,0.0
benign:Gmail,post_first_temporal_gain_classifier_positive_stop,frozen_gain_model,,,2000,1671,0,0,0,2000,0,0,0,1.8355000000000001,0.8355,0.0,,0.0
benign:Gmail,post_first_temporal_gain_regression,frozen_gain_model,1.0,1.0,2000,0,0,0,0,2000,0,0,0,1.0,0.0,0.0,,0.0
benign:Gmail,post_first_temporal_gain_regression,frozen_gain_model,1.1,1.1,2000,404,0,0,0,2000,0,0,0,1.202,0.202,0.0,,0.0
benign:Gmail,post_first_temporal_gain_regression,frozen_gain_model,1.25,1.25,2000,404,0,0,0,2000,0,0,0,1.202,0.202,0.0,,0.0
benign:Gmail,post_first_temporal_gain_regression,frozen_gain_model,1.5,1.5,2000,1364,0,0,0,2000,0,0,0,1.682,0.682,0.0,,0.0
benign:Gmail,post_first_temporal_gain_regression,frozen_gain_model,2.0,2.0,2000,2000,0,0,0,2000,0,0,0,2.0,1.0,0.0,,0.0
benign:Gmail,post_first_temporal_gain_regression_positive_stop,frozen_gain_model,,,2000,404,0,0,0,2000,0,0,0,1.202,0.202,0.0,,0.0
benign:Gmail,probability_only_gain_classifier,frozen_gain_model,1.0,1.0,2000,0,0,0,0,2000,0,0,0,1.0,0.0,0.0,,0.0
benign:Gmail,probability_only_gain_classifier,frozen_gain_model,1.1,1.1,2000,73,0,0,0,2000,0,0,0,1.0365,0.0365,0.0,,0.0
benign:Gmail,probability_only_gain_classifier,frozen_gain_model,1.25,1.25,2000,73,0,0,0,2000,0,0,0,1.0365,0.0365,0.0,,0.0
benign:Gmail,probability_only_gain_classifier,frozen_gain_model,1.5,1.5,2000,73,0,0,0,2000,0,0,0,1.0365,0.0365,0.0,,0.0
benign:Gmail,probability_only_gain_classifier,frozen_gain_model,2.0,2.0,2000,2000,0,0,0,2000,0,0,0,2.0,1.0,0.0,,0.0
benign:Gmail,probability_only_gain_classifier_positive_stop,frozen_gain_model,,,2000,1891,0,0,0,2000,0,0,0,1.9455,0.9455,0.0,,0.0
benign:Gmail,probability_only_gain_regression,frozen_gain_model,1.0,1.0,2000,0,0,0,0,2000,0,0,0,1.0,0.0,0.0,,0.0
benign:Gmail,probability_only_gain_regression,frozen_gain_model,1.1,1.1,2000,44,0,0,0,2000,0,0,0,1.022,0.022,0.0,,0.0
benign:Gmail,probability_only_gain_regression,frozen_gain_model,1.25,1.25,2000,44,0,0,0,2000,0,0,0,1.022,0.022,0.0,,0.0
benign:Gmail,probability_only_gain_regression,frozen_gain_model,1.5,1.5,2000,78,0,0,0,2000,0,0,0,1.039,0.039,0.0,,0.0
benign:Gmail,probability_only_gain_regression,frozen_gain_model,2.0,2.0,2000,2000,0,0,0,2000,0,0,0,2.0,1.0,0.0,,0.0
benign:Gmail,probability_only_gain_regression_positive_stop,frozen_gain_model,,,2000,1862,0,0,0,2000,0,0,0,1.931,0.931,0.0,,0.0
benign:MySQL,all_average,frozen_rule,1.0,1.0,2000,2000,3,0,3,2000,0,0,0,2.0,1.0,0.0015,,0.0
benign:MySQL,all_average,frozen_rule,1.1,1.1,2000,2000,3,0,3,2000,0,0,0,2.0,1.0,0.0015,,0.0
benign:MySQL,all_average,frozen_rule,1.25,1.25,2000,2000,3,0,3,2000,0,0,0,2.0,1.0,0.0015,,0.0
benign:MySQL,all_average,frozen_rule,1.5,1.5,2000,2000,3,0,3,2000,0,0,0,2.0,1.0,0.0015,,0.0
benign:MySQL,all_average,frozen_rule,2.0,2.0,2000,2000,3,0,3,2000,0,0,0,2.0,1.0,0.0015,,0.0
benign:MySQL,confidence_budget,frozen_rule,1.0,1.0,2000,0,0,0,0,1997,3,0,0,1.0,0.0,0.0,,0.0015
benign:MySQL,confidence_budget,frozen_rule,1.1,1.1,2000,305,3,0,3,2000,0,0,0,1.1525,0.1525,0.0015,,0.0
benign:MySQL,confidence_budget,frozen_rule,1.25,1.25,2000,318,3,0,3,2000,0,0,0,1.159,0.159,0.0015,,0.0
benign:MySQL,confidence_budget,frozen_rule,1.5,1.5,2000,1410,3,0,3,2000,0,0,0,1.705,0.705,0.0015,,0.0
benign:MySQL,confidence_budget,frozen_rule,2.0,2.0,2000,2000,3,0,3,2000,0,0,0,2.0,1.0,0.0015,,0.0
benign:MySQL,first_stats,frozen_rule,1.0,1.0,2000,0,3,0,3,2000,0,0,0,1.0,0.0,0.0015,,0.0
benign:MySQL,first_stats,frozen_rule,1.1,1.1,2000,0,3,0,3,2000,0,0,0,1.0,0.0,0.0015,,0.0
benign:MySQL,first_stats,frozen_rule,1.25,1.25,2000,0,3,0,3,2000,0,0,0,1.0,0.0,0.0015,,0.0
benign:MySQL,first_stats,frozen_rule,1.5,1.5,2000,0,3,0,3,2000,0,0,0,1.0,0.0,0.0015,,0.0
benign:MySQL,first_stats,frozen_rule,2.0,2.0,2000,0,3,0,3,2000,0,0,0,1.0,0.0,0.0015,,0.0
benign:MySQL,first_temporal,frozen_rule,1.0,1.0,2000,0,0,0,0,1997,3,0,0,1.0,0.0,0.0,,0.0015
benign:MySQL,first_temporal,frozen_rule,1.1,1.1,2000,0,0,0,0,1997,3,0,0,1.0,0.0,0.0,,0.0015
benign:MySQL,first_temporal,frozen_rule,1.25,1.25,2000,0,0,0,0,1997,3,0,0,1.0,0.0,0.0,,0.0015
benign:MySQL,first_temporal,frozen_rule,1.5,1.5,2000,0,0,0,0,1997,3,0,0,1.0,0.0,0.0,,0.0015
benign:MySQL,first_temporal,frozen_rule,2.0,2.0,2000,0,0,0,0,1997,3,0,0,1.0,0.0,0.0,,0.0015
benign:MySQL,hashrandom_budget,frozen_rule,1.0,1.0,2000,0,0,0,0,1997,3,0,0,1.0,0.0,0.0,,0.0015
benign:MySQL,hashrandom_budget,frozen_rule,1.1,1.1,2000,207,0,0,0,1997,3,0,0,1.1035,0.1035,0.0,,0.0015
benign:MySQL,hashrandom_budget,frozen_rule,1.25,1.25,2000,518,0,0,0,1997,3,0,0,1.259,0.259,0.0,,0.0015
benign:MySQL,hashrandom_budget,frozen_rule,1.5,1.5,2000,999,2,0,2,1999,1,0,0,1.4995,0.4995,0.001,,0.0005
benign:MySQL,hashrandom_budget,frozen_rule,2.0,2.0,2000,2000,3,0,3,2000,0,0,0,2.0,1.0,0.0015,,0.0
benign:MySQL,post_first_temporal_gain_classifier,frozen_gain_model,1.0,1.0,2000,0,0,0,0,1997,3,0,0,1.0,0.0,0.0,,0.0015
benign:MySQL,post_first_temporal_gain_classifier,frozen_gain_model,1.1,1.1,2000,327,0,0,0,1997,3,0,0,1.1635,0.1635,0.0,,0.0015
benign:MySQL,post_first_temporal_gain_classifier,frozen_gain_model,1.25,1.25,2000,485,0,0,0,1997,3,0,0,1.2425,0.2425,0.0,,0.0015
benign:MySQL,post_first_temporal_gain_classifier,frozen_gain_model,1.5,1.5,2000,1832,0,0,0,1997,3,0,0,1.916,0.916,0.0,,0.0015
benign:MySQL,post_first_temporal_gain_classifier,frozen_gain_model,2.0,2.0,2000,2000,3,0,3,2000,0,0,0,2.0,1.0,0.0015,,0.0
benign:MySQL,post_first_temporal_gain_classifier_positive_stop,frozen_gain_model,,,2000,987,0,0,0,1997,3,0,0,1.4935,0.4935,0.0,,0.0015
benign:MySQL,post_first_temporal_gain_regression,frozen_gain_model,1.0,1.0,2000,0,0,0,0,1997,3,0,0,1.0,0.0,0.0,,0.0015
benign:MySQL,post_first_temporal_gain_regression,frozen_gain_model,1.1,1.1,2000,275,3,0,3,2000,0,0,0,1.1375,0.1375,0.0015,,0.0
benign:MySQL,post_first_temporal_gain_regression,frozen_gain_model,1.25,1.25,2000,1005,3,0,3,2000,0,0,0,1.5025,0.5025,0.0015,,0.0
benign:MySQL,post_first_temporal_gain_regression,frozen_gain_model,1.5,1.5,2000,1048,3,0,3,2000,0,0,0,1.524,0.524,0.0015,,0.0
benign:MySQL,post_first_temporal_gain_regression,frozen_gain_model,2.0,2.0,2000,2000,3,0,3,2000,0,0,0,2.0,1.0,0.0015,,0.0
benign:MySQL,post_first_temporal_gain_regression_positive_stop,frozen_gain_model,,,2000,1161,3,0,3,2000,0,0,0,1.5805,0.5805,0.0015,,0.0
benign:MySQL,probability_only_gain_classifier,frozen_gain_model,1.0,1.0,2000,0,0,0,0,1997,3,0,0,1.0,0.0,0.0,,0.0015
benign:MySQL,probability_only_gain_classifier,frozen_gain_model,1.1,1.1,2000,0,0,0,0,1997,3,0,0,1.0,0.0,0.0,,0.0015
benign:MySQL,probability_only_gain_classifier,frozen_gain_model,1.25,1.25,2000,0,0,0,0,1997,3,0,0,1.0,0.0,0.0,,0.0015
benign:MySQL,probability_only_gain_classifier,frozen_gain_model,1.5,1.5,2000,0,0,0,0,1997,3,0,0,1.0,0.0,0.0,,0.0015
benign:MySQL,probability_only_gain_classifier,frozen_gain_model,2.0,2.0,2000,2000,3,0,3,2000,0,0,0,2.0,1.0,0.0015,,0.0
benign:MySQL,probability_only_gain_classifier_positive_stop,frozen_gain_model,,,2000,0,0,0,0,1997,3,0,0,1.0,0.0,0.0,,0.0015
benign:MySQL,probability_only_gain_regression,frozen_gain_model,1.0,1.0,2000,0,0,0,0,1997,3,0,0,1.0,0.0,0.0,,0.0015
benign:MySQL,probability_only_gain_regression,frozen_gain_model,1.1,1.1,2000,0,0,0,0,1997,3,0,0,1.0,0.0,0.0,,0.0015
benign:MySQL,probability_only_gain_regression,frozen_gain_model,1.25,1.25,2000,0,0,0,0,1997,3,0,0,1.0,0.0,0.0,,0.0015
benign:MySQL,probability_only_gain_regression,frozen_gain_model,1.5,1.5,2000,0,0,0,0,1997,3,0,0,1.0,0.0,0.0,,0.0015
benign:MySQL,probability_only_gain_regression,frozen_gain_model,2.0,2.0,2000,2000,3,0,3,2000,0,0,0,2.0,1.0,0.0015,,0.0
benign:MySQL,probability_only_gain_regression_positive_stop,frozen_gain_model,,,2000,0,0,0,0,1997,3,0,0,1.0,0.0,0.0,,0.0015
benign:Outlook,all_average,frozen_rule,1.0,1.0,2000,2000,0,0,0,2000,0,0,0,2.0,1.0,0.0,,0.0
benign:Outlook,all_average,frozen_rule,1.1,1.1,2000,2000,0,0,0,2000,0,0,0,2.0,1.0,0.0,,0.0
benign:Outlook,all_average,frozen_rule,1.25,1.25,2000,2000,0,0,0,2000,0,0,0,2.0,1.0,0.0,,0.0
benign:Outlook,all_average,frozen_rule,1.5,1.5,2000,2000,0,0,0,2000,0,0,0,2.0,1.0,0.0,,0.0
benign:Outlook,all_average,frozen_rule,2.0,2.0,2000,2000,0,0,0,2000,0,0,0,2.0,1.0,0.0,,0.0
benign:Outlook,confidence_budget,frozen_rule,1.0,1.0,2000,0,0,0,0,2000,0,0,0,1.0,0.0,0.0,,0.0
benign:Outlook,confidence_budget,frozen_rule,1.1,1.1,2000,8,0,0,0,2000,0,0,0,1.004,0.004,0.0,,0.0
benign:Outlook,confidence_budget,frozen_rule,1.25,1.25,2000,17,0,0,0,2000,0,0,0,1.0085,0.0085,0.0,,0.0
benign:Outlook,confidence_budget,frozen_rule,1.5,1.5,2000,34,0,0,0,2000,0,0,0,1.017,0.017,0.0,,0.0
benign:Outlook,confidence_budget,frozen_rule,2.0,2.0,2000,2000,0,0,0,2000,0,0,0,2.0,1.0,0.0,,0.0
benign:Outlook,first_stats,frozen_rule,1.0,1.0,2000,0,0,0,0,2000,0,0,0,1.0,0.0,0.0,,0.0
benign:Outlook,first_stats,frozen_rule,1.1,1.1,2000,0,0,0,0,2000,0,0,0,1.0,0.0,0.0,,0.0
benign:Outlook,first_stats,frozen_rule,1.25,1.25,2000,0,0,0,0,2000,0,0,0,1.0,0.0,0.0,,0.0
benign:Outlook,first_stats,frozen_rule,1.5,1.5,2000,0,0,0,0,2000,0,0,0,1.0,0.0,0.0,,0.0
benign:Outlook,first_stats,frozen_rule,2.0,2.0,2000,0,0,0,0,2000,0,0,0,1.0,0.0,0.0,,0.0
benign:Outlook,first_temporal,frozen_rule,1.0,1.0,2000,0,0,0,0,2000,0,0,0,1.0,0.0,0.0,,0.0
benign:Outlook,first_temporal,frozen_rule,1.1,1.1,2000,0,0,0,0,2000,0,0,0,1.0,0.0,0.0,,0.0
benign:Outlook,first_temporal,frozen_rule,1.25,1.25,2000,0,0,0,0,2000,0,0,0,1.0,0.0,0.0,,0.0
benign:Outlook,first_temporal,frozen_rule,1.5,1.5,2000,0,0,0,0,2000,0,0,0,1.0,0.0,0.0,,0.0
benign:Outlook,first_temporal,frozen_rule,2.0,2.0,2000,0,0,0,0,2000,0,0,0,1.0,0.0,0.0,,0.0
benign:Outlook,hashrandom_budget,frozen_rule,1.0,1.0,2000,0,0,0,0,2000,0,0,0,1.0,0.0,0.0,,0.0
benign:Outlook,hashrandom_budget,frozen_rule,1.1,1.1,2000,193,0,0,0,2000,0,0,0,1.0965,0.0965,0.0,,0.0
benign:Outlook,hashrandom_budget,frozen_rule,1.25,1.25,2000,498,0,0,0,2000,0,0,0,1.249,0.249,0.0,,0.0
benign:Outlook,hashrandom_budget,frozen_rule,1.5,1.5,2000,986,0,0,0,2000,0,0,0,1.4929999999999999,0.493,0.0,,0.0
benign:Outlook,hashrandom_budget,frozen_rule,2.0,2.0,2000,2000,0,0,0,2000,0,0,0,2.0,1.0,0.0,,0.0
benign:Outlook,post_first_temporal_gain_classifier,frozen_gain_model,1.0,1.0,2000,0,0,0,0,2000,0,0,0,1.0,0.0,0.0,,0.0
benign:Outlook,post_first_temporal_gain_classifier,frozen_gain_model,1.1,1.1,2000,1,0,0,0,2000,0,0,0,1.0005,0.0005,0.0,,0.0
benign:Outlook,post_first_temporal_gain_classifier,frozen_gain_model,1.25,1.25,2000,1,0,0,0,2000,0,0,0,1.0005,0.0005,0.0,,0.0
benign:Outlook,post_first_temporal_gain_classifier,frozen_gain_model,1.5,1.5,2000,391,0,0,0,2000,0,0,0,1.1955,0.1955,0.0,,0.0
benign:Outlook,post_first_temporal_gain_classifier,frozen_gain_model,2.0,2.0,2000,2000,0,0,0,2000,0,0,0,2.0,1.0,0.0,,0.0
benign:Outlook,post_first_temporal_gain_classifier_positive_stop,frozen_gain_model,,,2000,22,0,0,0,2000,0,0,0,1.011,0.011,0.0,,0.0
benign:Outlook,post_first_temporal_gain_regression,frozen_gain_model,1.0,1.0,2000,0,0,0,0,2000,0,0,0,1.0,0.0,0.0,,0.0
benign:Outlook,post_first_temporal_gain_regression,frozen_gain_model,1.1,1.1,2000,9,0,0,0,2000,0,0,0,1.0045,0.0045,0.0,,0.0
benign:Outlook,post_first_temporal_gain_regression,frozen_gain_model,1.25,1.25,2000,9,0,0,0,2000,0,0,0,1.0045,0.0045,0.0,,0.0
benign:Outlook,post_first_temporal_gain_regression,frozen_gain_model,1.5,1.5,2000,437,0,0,0,2000,0,0,0,1.2185,0.2185,0.0,,0.0
benign:Outlook,post_first_temporal_gain_regression,frozen_gain_model,2.0,2.0,2000,2000,0,0,0,2000,0,0,0,2.0,1.0,0.0,,0.0
benign:Outlook,post_first_temporal_gain_regression_positive_stop,frozen_gain_model,,,2000,1972,0,0,0,2000,0,0,0,1.986,0.986,0.0,,0.0
benign:Outlook,probability_only_gain_classifier,frozen_gain_model,1.0,1.0,2000,0,0,0,0,2000,0,0,0,1.0,0.0,0.0,,0.0
benign:Outlook,probability_only_gain_classifier,frozen_gain_model,1.1,1.1,2000,0,0,0,0,2000,0,0,0,1.0,0.0,0.0,,0.0
benign:Outlook,probability_only_gain_classifier,frozen_gain_model,1.25,1.25,2000,0,0,0,0,2000,0,0,0,1.0,0.0,0.0,,0.0
benign:Outlook,probability_only_gain_classifier,frozen_gain_model,1.5,1.5,2000,2,0,0,0,2000,0,0,0,1.001,0.001,0.0,,0.0
benign:Outlook,probability_only_gain_classifier,frozen_gain_model,2.0,2.0,2000,2000,0,0,0,2000,0,0,0,2.0,1.0,0.0,,0.0
benign:Outlook,probability_only_gain_classifier_positive_stop,frozen_gain_model,,,2000,0,0,0,0,2000,0,0,0,1.0,0.0,0.0,,0.0
benign:Outlook,probability_only_gain_regression,frozen_gain_model,1.0,1.0,2000,0,0,0,0,2000,0,0,0,1.0,0.0,0.0,,0.0
benign:Outlook,probability_only_gain_regression,frozen_gain_model,1.1,1.1,2000,0,0,0,0,2000,0,0,0,1.0,0.0,0.0,,0.0
benign:Outlook,probability_only_gain_regression,frozen_gain_model,1.25,1.25,2000,0,0,0,0,2000,0,0,0,1.0,0.0,0.0,,0.0
benign:Outlook,probability_only_gain_regression,frozen_gain_model,1.5,1.5,2000,2,0,0,0,2000,0,0,0,1.001,0.001,0.0,,0.0
benign:Outlook,probability_only_gain_regression,frozen_gain_model,2.0,2.0,2000,2000,0,0,0,2000,0,0,0,2.0,1.0,0.0,,0.0
benign:Outlook,probability_only_gain_regression_positive_stop,frozen_gain_model,,,2000,0,0,0,0,2000,0,0,0,1.0,0.0,0.0,,0.0
benign:SMB,all_average,frozen_rule,1.0,1.0,2000,2000,77,3,74,1991,9,0,0,2.0,1.0,0.037,,0.0045
benign:SMB,all_average,frozen_rule,1.1,1.1,2000,2000,77,3,74,1991,9,0,0,2.0,1.0,0.037,,0.0045
benign:SMB,all_average,frozen_rule,1.25,1.25,2000,2000,77,3,74,1991,9,0,0,2.0,1.0,0.037,,0.0045
benign:SMB,all_average,frozen_rule,1.5,1.5,2000,2000,77,3,74,1991,9,0,0,2.0,1.0,0.037,,0.0045
benign:SMB,all_average,frozen_rule,2.0,2.0,2000,2000,77,3,74,1991,9,0,0,2.0,1.0,0.037,,0.0045
benign:SMB,confidence_budget,frozen_rule,1.0,1.0,2000,0,0,0,0,1917,83,0,0,1.0,0.0,0.0,,0.0415
benign:SMB,confidence_budget,frozen_rule,1.1,1.1,2000,192,77,3,74,1991,9,0,0,1.096,0.096,0.037,,0.0045
benign:SMB,confidence_budget,frozen_rule,1.25,1.25,2000,194,77,3,74,1991,9,0,0,1.097,0.097,0.037,,0.0045
benign:SMB,confidence_budget,frozen_rule,1.5,1.5,2000,204,77,3,74,1991,9,0,0,1.102,0.102,0.037,,0.0045
benign:SMB,confidence_budget,frozen_rule,2.0,2.0,2000,2000,77,3,74,1991,9,0,0,2.0,1.0,0.037,,0.0045
benign:SMB,first_stats,frozen_rule,1.0,1.0,2000,0,78,30,48,1965,35,0,0,1.0,0.0,0.024,,0.0175
benign:SMB,first_stats,frozen_rule,1.1,1.1,2000,0,78,30,48,1965,35,0,0,1.0,0.0,0.024,,0.0175
benign:SMB,first_stats,frozen_rule,1.25,1.25,2000,0,78,30,48,1965,35,0,0,1.0,0.0,0.024,,0.0175
benign:SMB,first_stats,frozen_rule,1.5,1.5,2000,0,78,30,48,1965,35,0,0,1.0,0.0,0.024,,0.0175
benign:SMB,first_stats,frozen_rule,2.0,2.0,2000,0,78,30,48,1965,35,0,0,1.0,0.0,0.024,,0.0175
benign:SMB,first_temporal,frozen_rule,1.0,1.0,2000,0,0,0,0,1917,83,0,0,1.0,0.0,0.0,,0.0415
benign:SMB,first_temporal,frozen_rule,1.1,1.1,2000,0,0,0,0,1917,83,0,0,1.0,0.0,0.0,,0.0415
benign:SMB,first_temporal,frozen_rule,1.25,1.25,2000,0,0,0,0,1917,83,0,0,1.0,0.0,0.0,,0.0415
benign:SMB,first_temporal,frozen_rule,1.5,1.5,2000,0,0,0,0,1917,83,0,0,1.0,0.0,0.0,,0.0415
benign:SMB,first_temporal,frozen_rule,2.0,2.0,2000,0,0,0,0,1917,83,0,0,1.0,0.0,0.0,,0.0415
benign:SMB,hashrandom_budget,frozen_rule,1.0,1.0,2000,0,0,0,0,1917,83,0,0,1.0,0.0,0.0,,0.0415
benign:SMB,hashrandom_budget,frozen_rule,1.1,1.1,2000,200,7,1,6,1923,77,0,0,1.1,0.1,0.003,,0.0385
benign:SMB,hashrandom_budget,frozen_rule,1.25,1.25,2000,506,20,2,18,1935,65,0,0,1.2530000000000001,0.253,0.009,,0.0325
benign:SMB,hashrandom_budget,frozen_rule,1.5,1.5,2000,1001,41,3,38,1955,45,0,0,1.5005,0.5005,0.019,,0.0225
benign:SMB,hashrandom_budget,frozen_rule,2.0,2.0,2000,2000,77,3,74,1991,9,0,0,2.0,1.0,0.037,,0.0045
benign:SMB,post_first_temporal_gain_classifier,frozen_gain_model,1.0,1.0,2000,0,0,0,0,1917,83,0,0,1.0,0.0,0.0,,0.0415
benign:SMB,post_first_temporal_gain_classifier,frozen_gain_model,1.1,1.1,2000,117,32,3,29,1946,54,0,0,1.0585,0.0585,0.0145,,0.027
benign:SMB,post_first_temporal_gain_classifier,frozen_gain_model,1.25,1.25,2000,117,32,3,29,1946,54,0,0,1.0585,0.0585,0.0145,,0.027
benign:SMB,post_first_temporal_gain_classifier,frozen_gain_model,1.5,1.5,2000,906,32,3,29,1946,54,0,0,1.453,0.453,0.0145,,0.027
benign:SMB,post_first_temporal_gain_classifier,frozen_gain_model,2.0,2.0,2000,2000,77,3,74,1991,9,0,0,2.0,1.0,0.037,,0.0045
benign:SMB,post_first_temporal_gain_classifier_positive_stop,frozen_gain_model,,,2000,52,32,3,29,1946,54,0,0,1.026,0.026,0.0145,,0.027
benign:SMB,post_first_temporal_gain_regression,frozen_gain_model,1.0,1.0,2000,0,0,0,0,1917,83,0,0,1.0,0.0,0.0,,0.0415
benign:SMB,post_first_temporal_gain_regression,frozen_gain_model,1.1,1.1,2000,96,32,3,29,1946,54,0,0,1.048,0.048,0.0145,,0.027
benign:SMB,post_first_temporal_gain_regression,frozen_gain_model,1.25,1.25,2000,303,32,3,29,1946,54,0,0,1.1515,0.1515,0.0145,,0.027
benign:SMB,post_first_temporal_gain_regression,frozen_gain_model,1.5,1.5,2000,439,32,3,29,1946,54,0,0,1.2195,0.2195,0.0145,,0.027
benign:SMB,post_first_temporal_gain_regression,frozen_gain_model,2.0,2.0,2000,2000,77,3,74,1991,9,0,0,2.0,1.0,0.037,,0.0045
benign:SMB,post_first_temporal_gain_regression_positive_stop,frozen_gain_model,,,2000,168,32,3,29,1946,54,0,0,1.084,0.084,0.0145,,0.027
benign:SMB,probability_only_gain_classifier,frozen_gain_model,1.0,1.0,2000,0,0,0,0,1917,83,0,0,1.0,0.0,0.0,,0.0415
benign:SMB,probability_only_gain_classifier,frozen_gain_model,1.1,1.1,2000,423,77,3,74,1991,9,0,0,1.2115,0.2115,0.037,,0.0045
benign:SMB,probability_only_gain_classifier,frozen_gain_model,1.25,1.25,2000,967,77,3,74,1991,9,0,0,1.4835,0.4835,0.037,,0.0045
benign:SMB,probability_only_gain_classifier,frozen_gain_model,1.5,1.5,2000,1914,77,3,74,1991,9,0,0,1.9569999999999999,0.957,0.037,,0.0045
benign:SMB,probability_only_gain_classifier,frozen_gain_model,2.0,2.0,2000,2000,77,3,74,1991,9,0,0,2.0,1.0,0.037,,0.0045
benign:SMB,probability_only_gain_classifier_positive_stop,frozen_gain_model,,,2000,85,77,3,74,1991,9,0,0,1.0425,0.0425,0.037,,0.0045
benign:SMB,probability_only_gain_regression,frozen_gain_model,1.0,1.0,2000,0,0,0,0,1917,83,0,0,1.0,0.0,0.0,,0.0415
benign:SMB,probability_only_gain_regression,frozen_gain_model,1.1,1.1,2000,84,77,3,74,1991,9,0,0,1.042,0.042,0.037,,0.0045
benign:SMB,probability_only_gain_regression,frozen_gain_model,1.25,1.25,2000,84,77,3,74,1991,9,0,0,1.042,0.042,0.037,,0.0045
benign:SMB,probability_only_gain_regression,frozen_gain_model,1.5,1.5,2000,200,77,3,74,1991,9,0,0,1.1,0.1,0.037,,0.0045
benign:SMB,probability_only_gain_regression,frozen_gain_model,2.0,2.0,2000,2000,77,3,74,1991,9,0,0,2.0,1.0,0.037,,0.0045
benign:SMB,probability_only_gain_regression_positive_stop,frozen_gain_model,,,2000,84,77,3,74,1991,9,0,0,1.042,0.042,0.037,,0.0045
benign:Skype,all_average,frozen_rule,1.0,1.0,2000,2000,0,0,0,1294,706,0,0,2.0,1.0,0.0,,0.353
benign:Skype,all_average,frozen_rule,1.1,1.1,2000,2000,0,0,0,1294,706,0,0,2.0,1.0,0.0,,0.353
benign:Skype,all_average,frozen_rule,1.25,1.25,2000,2000,0,0,0,1294,706,0,0,2.0,1.0,0.0,,0.353
benign:Skype,all_average,frozen_rule,1.5,1.5,2000,2000,0,0,0,1294,706,0,0,2.0,1.0,0.0,,0.353
benign:Skype,all_average,frozen_rule,2.0,2.0,2000,2000,0,0,0,1294,706,0,0,2.0,1.0,0.0,,0.353
benign:Skype,confidence_budget,frozen_rule,1.0,1.0,2000,0,0,0,0,1294,706,0,0,1.0,0.0,0.0,,0.353
benign:Skype,confidence_budget,frozen_rule,1.1,1.1,2000,706,0,0,0,1294,706,0,0,1.353,0.353,0.0,,0.353
benign:Skype,confidence_budget,frozen_rule,1.25,1.25,2000,1526,0,0,0,1294,706,0,0,1.763,0.763,0.0,,0.353
benign:Skype,confidence_budget,frozen_rule,1.5,1.5,2000,2000,0,0,0,1294,706,0,0,2.0,1.0,0.0,,0.353
benign:Skype,confidence_budget,frozen_rule,2.0,2.0,2000,2000,0,0,0,1294,706,0,0,2.0,1.0,0.0,,0.353
benign:Skype,first_stats,frozen_rule,1.0,1.0,2000,0,0,192,-192,1102,898,0,0,1.0,0.0,-0.096,,0.449
benign:Skype,first_stats,frozen_rule,1.1,1.1,2000,0,0,192,-192,1102,898,0,0,1.0,0.0,-0.096,,0.449
benign:Skype,first_stats,frozen_rule,1.25,1.25,2000,0,0,192,-192,1102,898,0,0,1.0,0.0,-0.096,,0.449
benign:Skype,first_stats,frozen_rule,1.5,1.5,2000,0,0,192,-192,1102,898,0,0,1.0,0.0,-0.096,,0.449
benign:Skype,first_stats,frozen_rule,2.0,2.0,2000,0,0,192,-192,1102,898,0,0,1.0,0.0,-0.096,,0.449
benign:Skype,first_temporal,frozen_rule,1.0,1.0,2000,0,0,0,0,1294,706,0,0,1.0,0.0,0.0,,0.353
benign:Skype,first_temporal,frozen_rule,1.1,1.1,2000,0,0,0,0,1294,706,0,0,1.0,0.0,0.0,,0.353
benign:Skype,first_temporal,frozen_rule,1.25,1.25,2000,0,0,0,0,1294,706,0,0,1.0,0.0,0.0,,0.353
benign:Skype,first_temporal,frozen_rule,1.5,1.5,2000,0,0,0,0,1294,706,0,0,1.0,0.0,0.0,,0.353
benign:Skype,first_temporal,frozen_rule,2.0,2.0,2000,0,0,0,0,1294,706,0,0,1.0,0.0,0.0,,0.353
benign:Skype,hashrandom_budget,frozen_rule,1.0,1.0,2000,0,0,0,0,1294,706,0,0,1.0,0.0,0.0,,0.353
benign:Skype,hashrandom_budget,frozen_rule,1.1,1.1,2000,194,0,0,0,1294,706,0,0,1.097,0.097,0.0,,0.353
benign:Skype,hashrandom_budget,frozen_rule,1.25,1.25,2000,498,0,0,0,1294,706,0,0,1.249,0.249,0.0,,0.353
benign:Skype,hashrandom_budget,frozen_rule,1.5,1.5,2000,1013,0,0,0,1294,706,0,0,1.5065,0.5065,0.0,,0.353
benign:Skype,hashrandom_budget,frozen_rule,2.0,2.0,2000,2000,0,0,0,1294,706,0,0,2.0,1.0,0.0,,0.353
benign:Skype,post_first_temporal_gain_classifier,frozen_gain_model,1.0,1.0,2000,0,0,0,0,1294,706,0,0,1.0,0.0,0.0,,0.353
benign:Skype,post_first_temporal_gain_classifier,frozen_gain_model,1.1,1.1,2000,796,0,0,0,1294,706,0,0,1.3980000000000001,0.398,0.0,,0.353
benign:Skype,post_first_temporal_gain_classifier,frozen_gain_model,1.25,1.25,2000,1298,0,0,0,1294,706,0,0,1.649,0.649,0.0,,0.353
benign:Skype,post_first_temporal_gain_classifier,frozen_gain_model,1.5,1.5,2000,1298,0,0,0,1294,706,0,0,1.649,0.649,0.0,,0.353
benign:Skype,post_first_temporal_gain_classifier,frozen_gain_model,2.0,2.0,2000,2000,0,0,0,1294,706,0,0,2.0,1.0,0.0,,0.353
benign:Skype,post_first_temporal_gain_classifier_positive_stop,frozen_gain_model,,,2000,1298,0,0,0,1294,706,0,0,1.649,0.649,0.0,,0.353
benign:Skype,post_first_temporal_gain_regression,frozen_gain_model,1.0,1.0,2000,0,0,0,0,1294,706,0,0,1.0,0.0,0.0,,0.353
benign:Skype,post_first_temporal_gain_regression,frozen_gain_model,1.1,1.1,2000,796,0,0,0,1294,706,0,0,1.3980000000000001,0.398,0.0,,0.353
benign:Skype,post_first_temporal_gain_regression,frozen_gain_model,1.25,1.25,2000,1285,0,0,0,1294,706,0,0,1.6425,0.6425,0.0,,0.353
benign:Skype,post_first_temporal_gain_regression,frozen_gain_model,1.5,1.5,2000,1891,0,0,0,1294,706,0,0,1.9455,0.9455,0.0,,0.353
benign:Skype,post_first_temporal_gain_regression,frozen_gain_model,2.0,2.0,2000,2000,0,0,0,1294,706,0,0,2.0,1.0,0.0,,0.353
benign:Skype,post_first_temporal_gain_regression_positive_stop,frozen_gain_model,,,2000,1891,0,0,0,1294,706,0,0,1.9455,0.9455,0.0,,0.353
benign:Skype,probability_only_gain_classifier,frozen_gain_model,1.0,1.0,2000,0,0,0,0,1294,706,0,0,1.0,0.0,0.0,,0.353
benign:Skype,probability_only_gain_classifier,frozen_gain_model,1.1,1.1,2000,283,0,0,0,1294,706,0,0,1.1415,0.1415,0.0,,0.353
benign:Skype,probability_only_gain_classifier,frozen_gain_model,1.25,1.25,2000,283,0,0,0,1294,706,0,0,1.1415,0.1415,0.0,,0.353
benign:Skype,probability_only_gain_classifier,frozen_gain_model,1.5,1.5,2000,283,0,0,0,1294,706,0,0,1.1415,0.1415,0.0,,0.353
benign:Skype,probability_only_gain_classifier,frozen_gain_model,2.0,2.0,2000,2000,0,0,0,1294,706,0,0,2.0,1.0,0.0,,0.353
benign:Skype,probability_only_gain_classifier_positive_stop,frozen_gain_model,,,2000,283,0,0,0,1294,706,0,0,1.1415,0.1415,0.0,,0.353
benign:Skype,probability_only_gain_regression,frozen_gain_model,1.0,1.0,2000,0,0,0,0,1294,706,0,0,1.0,0.0,0.0,,0.353
benign:Skype,probability_only_gain_regression,frozen_gain_model,1.1,1.1,2000,738,0,0,0,1294,706,0,0,1.369,0.369,0.0,,0.353
benign:Skype,probability_only_gain_regression,frozen_gain_model,1.25,1.25,2000,1453,0,0,0,1294,706,0,0,1.7265000000000001,0.7265,0.0,,0.353
benign:Skype,probability_only_gain_regression,frozen_gain_model,1.5,1.5,2000,1453,0,0,0,1294,706,0,0,1.7265000000000001,0.7265,0.0,,0.353
benign:Skype,probability_only_gain_regression,frozen_gain_model,2.0,2.0,2000,2000,0,0,0,1294,706,0,0,2.0,1.0,0.0,,0.353
benign:Skype,probability_only_gain_regression_positive_stop,frozen_gain_model,,,2000,1453,0,0,0,1294,706,0,0,1.7265000000000001,0.7265,0.0,,0.353
benign:Weibo,all_average,frozen_rule,1.0,1.0,2000,2000,0,0,0,2000,0,0,0,2.0,1.0,0.0,,0.0
benign:Weibo,all_average,frozen_rule,1.1,1.1,2000,2000,0,0,0,2000,0,0,0,2.0,1.0,0.0,,0.0
benign:Weibo,all_average,frozen_rule,1.25,1.25,2000,2000,0,0,0,2000,0,0,0,2.0,1.0,0.0,,0.0
benign:Weibo,all_average,frozen_rule,1.5,1.5,2000,2000,0,0,0,2000,0,0,0,2.0,1.0,0.0,,0.0
benign:Weibo,all_average,frozen_rule,2.0,2.0,2000,2000,0,0,0,2000,0,0,0,2.0,1.0,0.0,,0.0
benign:Weibo,confidence_budget,frozen_rule,1.0,1.0,2000,0,0,0,0,2000,0,0,0,1.0,0.0,0.0,,0.0
benign:Weibo,confidence_budget,frozen_rule,1.1,1.1,2000,0,0,0,0,2000,0,0,0,1.0,0.0,0.0,,0.0
benign:Weibo,confidence_budget,frozen_rule,1.25,1.25,2000,0,0,0,0,2000,0,0,0,1.0,0.0,0.0,,0.0
benign:Weibo,confidence_budget,frozen_rule,1.5,1.5,2000,4,0,0,0,2000,0,0,0,1.002,0.002,0.0,,0.0
benign:Weibo,confidence_budget,frozen_rule,2.0,2.0,2000,2000,0,0,0,2000,0,0,0,2.0,1.0,0.0,,0.0
benign:Weibo,first_stats,frozen_rule,1.0,1.0,2000,0,0,12,-12,1988,12,0,0,1.0,0.0,-0.006,,0.006
benign:Weibo,first_stats,frozen_rule,1.1,1.1,2000,0,0,12,-12,1988,12,0,0,1.0,0.0,-0.006,,0.006
benign:Weibo,first_stats,frozen_rule,1.25,1.25,2000,0,0,12,-12,1988,12,0,0,1.0,0.0,-0.006,,0.006
benign:Weibo,first_stats,frozen_rule,1.5,1.5,2000,0,0,12,-12,1988,12,0,0,1.0,0.0,-0.006,,0.006
benign:Weibo,first_stats,frozen_rule,2.0,2.0,2000,0,0,12,-12,1988,12,0,0,1.0,0.0,-0.006,,0.006
benign:Weibo,first_temporal,frozen_rule,1.0,1.0,2000,0,0,0,0,2000,0,0,0,1.0,0.0,0.0,,0.0
benign:Weibo,first_temporal,frozen_rule,1.1,1.1,2000,0,0,0,0,2000,0,0,0,1.0,0.0,0.0,,0.0
benign:Weibo,first_temporal,frozen_rule,1.25,1.25,2000,0,0,0,0,2000,0,0,0,1.0,0.0,0.0,,0.0
benign:Weibo,first_temporal,frozen_rule,1.5,1.5,2000,0,0,0,0,2000,0,0,0,1.0,0.0,0.0,,0.0
benign:Weibo,first_temporal,frozen_rule,2.0,2.0,2000,0,0,0,0,2000,0,0,0,1.0,0.0,0.0,,0.0
benign:Weibo,hashrandom_budget,frozen_rule,1.0,1.0,2000,0,0,0,0,2000,0,0,0,1.0,0.0,0.0,,0.0
benign:Weibo,hashrandom_budget,frozen_rule,1.1,1.1,2000,187,0,0,0,2000,0,0,0,1.0935,0.0935,0.0,,0.0
benign:Weibo,hashrandom_budget,frozen_rule,1.25,1.25,2000,497,0,0,0,2000,0,0,0,1.2485,0.2485,0.0,,0.0
benign:Weibo,hashrandom_budget,frozen_rule,1.5,1.5,2000,1031,0,0,0,2000,0,0,0,1.5154999999999998,0.5155,0.0,,0.0
benign:Weibo,hashrandom_budget,frozen_rule,2.0,2.0,2000,2000,0,0,0,2000,0,0,0,2.0,1.0,0.0,,0.0
benign:Weibo,post_first_temporal_gain_classifier,frozen_gain_model,1.0,1.0,2000,0,0,0,0,2000,0,0,0,1.0,0.0,0.0,,0.0
benign:Weibo,post_first_temporal_gain_classifier,frozen_gain_model,1.1,1.1,2000,1,0,0,0,2000,0,0,0,1.0005,0.0005,0.0,,0.0
benign:Weibo,post_first_temporal_gain_classifier,frozen_gain_model,1.25,1.25,2000,1,0,0,0,2000,0,0,0,1.0005,0.0005,0.0,,0.0
benign:Weibo,post_first_temporal_gain_classifier,frozen_gain_model,1.5,1.5,2000,683,0,0,0,2000,0,0,0,1.3415,0.3415,0.0,,0.0
benign:Weibo,post_first_temporal_gain_classifier,frozen_gain_model,2.0,2.0,2000,2000,0,0,0,2000,0,0,0,2.0,1.0,0.0,,0.0
benign:Weibo,post_first_temporal_gain_classifier_positive_stop,frozen_gain_model,,,2000,0,0,0,0,2000,0,0,0,1.0,0.0,0.0,,0.0
benign:Weibo,post_first_temporal_gain_regression,frozen_gain_model,1.0,1.0,2000,0,0,0,0,2000,0,0,0,1.0,0.0,0.0,,0.0
benign:Weibo,post_first_temporal_gain_regression,frozen_gain_model,1.1,1.1,2000,0,0,0,0,2000,0,0,0,1.0,0.0,0.0,,0.0
benign:Weibo,post_first_temporal_gain_regression,frozen_gain_model,1.25,1.25,2000,4,0,0,0,2000,0,0,0,1.002,0.002,0.0,,0.0
benign:Weibo,post_first_temporal_gain_regression,frozen_gain_model,1.5,1.5,2000,302,0,0,0,2000,0,0,0,1.151,0.151,0.0,,0.0
benign:Weibo,post_first_temporal_gain_regression,frozen_gain_model,2.0,2.0,2000,2000,0,0,0,2000,0,0,0,2.0,1.0,0.0,,0.0
benign:Weibo,post_first_temporal_gain_regression_positive_stop,frozen_gain_model,,,2000,3,0,0,0,2000,0,0,0,1.0015,0.0015,0.0,,0.0
benign:Weibo,probability_only_gain_classifier,frozen_gain_model,1.0,1.0,2000,0,0,0,0,2000,0,0,0,1.0,0.0,0.0,,0.0
benign:Weibo,probability_only_gain_classifier,frozen_gain_model,1.1,1.1,2000,342,0,0,0,2000,0,0,0,1.171,0.171,0.0,,0.0
benign:Weibo,probability_only_gain_classifier,frozen_gain_model,1.25,1.25,2000,978,0,0,0,2000,0,0,0,1.4889999999999999,0.489,0.0,,0.0
benign:Weibo,probability_only_gain_classifier,frozen_gain_model,1.5,1.5,2000,1996,0,0,0,2000,0,0,0,1.998,0.998,0.0,,0.0
benign:Weibo,probability_only_gain_classifier,frozen_gain_model,2.0,2.0,2000,2000,0,0,0,2000,0,0,0,2.0,1.0,0.0,,0.0
benign:Weibo,probability_only_gain_classifier_positive_stop,frozen_gain_model,,,2000,0,0,0,0,2000,0,0,0,1.0,0.0,0.0,,0.0
benign:Weibo,probability_only_gain_regression,frozen_gain_model,1.0,1.0,2000,0,0,0,0,2000,0,0,0,1.0,0.0,0.0,,0.0
benign:Weibo,probability_only_gain_regression,frozen_gain_model,1.1,1.1,2000,0,0,0,0,2000,0,0,0,1.0,0.0,0.0,,0.0
benign:Weibo,probability_only_gain_regression,frozen_gain_model,1.25,1.25,2000,0,0,0,0,2000,0,0,0,1.0,0.0,0.0,,0.0
benign:Weibo,probability_only_gain_regression,frozen_gain_model,1.5,1.5,2000,108,0,0,0,2000,0,0,0,1.054,0.054,0.0,,0.0
benign:Weibo,probability_only_gain_regression,frozen_gain_model,2.0,2.0,2000,2000,0,0,0,2000,0,0,0,2.0,1.0,0.0,,0.0
benign:Weibo,probability_only_gain_regression_positive_stop,frozen_gain_model,,,2000,0,0,0,0,2000,0,0,0,1.0,0.0,0.0,,0.0
benign:WorldOfWarcraft,all_average,frozen_rule,1.0,1.0,2000,2000,0,0,0,1993,7,0,0,2.0,1.0,0.0,,0.0035
benign:WorldOfWarcraft,all_average,frozen_rule,1.1,1.1,2000,2000,0,0,0,1993,7,0,0,2.0,1.0,0.0,,0.0035
benign:WorldOfWarcraft,all_average,frozen_rule,1.25,1.25,2000,2000,0,0,0,1993,7,0,0,2.0,1.0,0.0,,0.0035
benign:WorldOfWarcraft,all_average,frozen_rule,1.5,1.5,2000,2000,0,0,0,1993,7,0,0,2.0,1.0,0.0,,0.0035
benign:WorldOfWarcraft,all_average,frozen_rule,2.0,2.0,2000,2000,0,0,0,1993,7,0,0,2.0,1.0,0.0,,0.0035
benign:WorldOfWarcraft,confidence_budget,frozen_rule,1.0,1.0,2000,0,0,0,0,1993,7,0,0,1.0,0.0,0.0,,0.0035
benign:WorldOfWarcraft,confidence_budget,frozen_rule,1.1,1.1,2000,109,0,0,0,1993,7,0,0,1.0545,0.0545,0.0,,0.0035
benign:WorldOfWarcraft,confidence_budget,frozen_rule,1.25,1.25,2000,1309,0,0,0,1993,7,0,0,1.6545,0.6545,0.0,,0.0035
benign:WorldOfWarcraft,confidence_budget,frozen_rule,1.5,1.5,2000,1995,0,0,0,1993,7,0,0,1.9975,0.9975,0.0,,0.0035
benign:WorldOfWarcraft,confidence_budget,frozen_rule,2.0,2.0,2000,2000,0,0,0,1993,7,0,0,2.0,1.0,0.0,,0.0035
benign:WorldOfWarcraft,first_stats,frozen_rule,1.0,1.0,2000,0,0,1947,-1947,46,1954,0,0,1.0,0.0,-0.9735,,0.977
benign:WorldOfWarcraft,first_stats,frozen_rule,1.1,1.1,2000,0,0,1947,-1947,46,1954,0,0,1.0,0.0,-0.9735,,0.977
benign:WorldOfWarcraft,first_stats,frozen_rule,1.25,1.25,2000,0,0,1947,-1947,46,1954,0,0,1.0,0.0,-0.9735,,0.977
benign:WorldOfWarcraft,first_stats,frozen_rule,1.5,1.5,2000,0,0,1947,-1947,46,1954,0,0,1.0,0.0,-0.9735,,0.977
benign:WorldOfWarcraft,first_stats,frozen_rule,2.0,2.0,2000,0,0,1947,-1947,46,1954,0,0,1.0,0.0,-0.9735,,0.977
benign:WorldOfWarcraft,first_temporal,frozen_rule,1.0,1.0,2000,0,0,0,0,1993,7,0,0,1.0,0.0,0.0,,0.0035
benign:WorldOfWarcraft,first_temporal,frozen_rule,1.1,1.1,2000,0,0,0,0,1993,7,0,0,1.0,0.0,0.0,,0.0035
benign:WorldOfWarcraft,first_temporal,frozen_rule,1.25,1.25,2000,0,0,0,0,1993,7,0,0,1.0,0.0,0.0,,0.0035
benign:WorldOfWarcraft,first_temporal,frozen_rule,1.5,1.5,2000,0,0,0,0,1993,7,0,0,1.0,0.0,0.0,,0.0035
benign:WorldOfWarcraft,first_temporal,frozen_rule,2.0,2.0,2000,0,0,0,0,1993,7,0,0,1.0,0.0,0.0,,0.0035
benign:WorldOfWarcraft,hashrandom_budget,frozen_rule,1.0,1.0,2000,0,0,0,0,1993,7,0,0,1.0,0.0,0.0,,0.0035
benign:WorldOfWarcraft,hashrandom_budget,frozen_rule,1.1,1.1,2000,187,0,0,0,1993,7,0,0,1.0935,0.0935,0.0,,0.0035
benign:WorldOfWarcraft,hashrandom_budget,frozen_rule,1.25,1.25,2000,476,0,0,0,1993,7,0,0,1.238,0.238,0.0,,0.0035
benign:WorldOfWarcraft,hashrandom_budget,frozen_rule,1.5,1.5,2000,984,0,0,0,1993,7,0,0,1.492,0.492,0.0,,0.0035
benign:WorldOfWarcraft,hashrandom_budget,frozen_rule,2.0,2.0,2000,2000,0,0,0,1993,7,0,0,2.0,1.0,0.0,,0.0035
benign:WorldOfWarcraft,post_first_temporal_gain_classifier,frozen_gain_model,1.0,1.0,2000,0,0,0,0,1993,7,0,0,1.0,0.0,0.0,,0.0035
benign:WorldOfWarcraft,post_first_temporal_gain_classifier,frozen_gain_model,1.1,1.1,2000,0,0,0,0,1993,7,0,0,1.0,0.0,0.0,,0.0035
benign:WorldOfWarcraft,post_first_temporal_gain_classifier,frozen_gain_model,1.25,1.25,2000,7,0,0,0,1993,7,0,0,1.0035,0.0035,0.0,,0.0035
benign:WorldOfWarcraft,post_first_temporal_gain_classifier,frozen_gain_model,1.5,1.5,2000,1835,0,0,0,1993,7,0,0,1.9175,0.9175,0.0,,0.0035
benign:WorldOfWarcraft,post_first_temporal_gain_classifier,frozen_gain_model,2.0,2.0,2000,2000,0,0,0,1993,7,0,0,2.0,1.0,0.0,,0.0035
benign:WorldOfWarcraft,post_first_temporal_gain_classifier_positive_stop,frozen_gain_model,,,2000,0,0,0,0,1993,7,0,0,1.0,0.0,0.0,,0.0035
benign:WorldOfWarcraft,post_first_temporal_gain_regression,frozen_gain_model,1.0,1.0,2000,0,0,0,0,1993,7,0,0,1.0,0.0,0.0,,0.0035
benign:WorldOfWarcraft,post_first_temporal_gain_regression,frozen_gain_model,1.1,1.1,2000,21,0,0,0,1993,7,0,0,1.0105,0.0105,0.0,,0.0035
benign:WorldOfWarcraft,post_first_temporal_gain_regression,frozen_gain_model,1.25,1.25,2000,151,0,0,0,1993,7,0,0,1.0755,0.0755,0.0,,0.0035
benign:WorldOfWarcraft,post_first_temporal_gain_regression,frozen_gain_model,1.5,1.5,2000,1991,0,0,0,1993,7,0,0,1.9955,0.9955,0.0,,0.0035
benign:WorldOfWarcraft,post_first_temporal_gain_regression,frozen_gain_model,2.0,2.0,2000,2000,0,0,0,1993,7,0,0,2.0,1.0,0.0,,0.0035
benign:WorldOfWarcraft,post_first_temporal_gain_regression_positive_stop,frozen_gain_model,,,2000,27,0,0,0,1993,7,0,0,1.0135,0.0135,0.0,,0.0035
benign:WorldOfWarcraft,probability_only_gain_classifier,frozen_gain_model,1.0,1.0,2000,0,0,0,0,1993,7,0,0,1.0,0.0,0.0,,0.0035
benign:WorldOfWarcraft,probability_only_gain_classifier,frozen_gain_model,1.1,1.1,2000,324,0,0,0,1993,7,0,0,1.162,0.162,0.0,,0.0035
benign:WorldOfWarcraft,probability_only_gain_classifier,frozen_gain_model,1.25,1.25,2000,991,0,0,0,1993,7,0,0,1.4955,0.4955,0.0,,0.0035
benign:WorldOfWarcraft,probability_only_gain_classifier,frozen_gain_model,1.5,1.5,2000,1993,0,0,0,1993,7,0,0,1.9965000000000002,0.9965,0.0,,0.0035
benign:WorldOfWarcraft,probability_only_gain_classifier,frozen_gain_model,2.0,2.0,2000,2000,0,0,0,1993,7,0,0,2.0,1.0,0.0,,0.0035
benign:WorldOfWarcraft,probability_only_gain_classifier_positive_stop,frozen_gain_model,,,2000,0,0,0,0,1993,7,0,0,1.0,0.0,0.0,,0.0035
benign:WorldOfWarcraft,probability_only_gain_regression,frozen_gain_model,1.0,1.0,2000,0,0,0,0,1993,7,0,0,1.0,0.0,0.0,,0.0035
benign:WorldOfWarcraft,probability_only_gain_regression,frozen_gain_model,1.1,1.1,2000,0,0,0,0,1993,7,0,0,1.0,0.0,0.0,,0.0035
benign:WorldOfWarcraft,probability_only_gain_regression,frozen_gain_model,1.25,1.25,2000,0,0,0,0,1993,7,0,0,1.0,0.0,0.0,,0.0035
benign:WorldOfWarcraft,probability_only_gain_regression,frozen_gain_model,1.5,1.5,2000,0,0,0,0,1993,7,0,0,1.0,0.0,0.0,,0.0035
benign:WorldOfWarcraft,probability_only_gain_regression,frozen_gain_model,2.0,2.0,2000,2000,0,0,0,1993,7,0,0,2.0,1.0,0.0,,0.0035
benign:WorldOfWarcraft,probability_only_gain_regression_positive_stop,frozen_gain_model,,,2000,0,0,0,0,1993,7,0,0,1.0,0.0,0.0,,0.0035
malware:Cridex,all_average,frozen_rule,1.0,1.0,2000,2000,0,0,0,0,0,0,2000,2.0,1.0,0.0,1.0,
malware:Cridex,all_average,frozen_rule,1.1,1.1,2000,2000,0,0,0,0,0,0,2000,2.0,1.0,0.0,1.0,
malware:Cridex,all_average,frozen_rule,1.25,1.25,2000,2000,0,0,0,0,0,0,2000,2.0,1.0,0.0,1.0,
malware:Cridex,all_average,frozen_rule,1.5,1.5,2000,2000,0,0,0,0,0,0,2000,2.0,1.0,0.0,1.0,
malware:Cridex,all_average,frozen_rule,2.0,2.0,2000,2000,0,0,0,0,0,0,2000,2.0,1.0,0.0,1.0,
malware:Cridex,confidence_budget,frozen_rule,1.0,1.0,2000,0,0,0,0,0,0,0,2000,1.0,0.0,0.0,1.0,
malware:Cridex,confidence_budget,frozen_rule,1.1,1.1,2000,0,0,0,0,0,0,0,2000,1.0,0.0,0.0,1.0,
malware:Cridex,confidence_budget,frozen_rule,1.25,1.25,2000,0,0,0,0,0,0,0,2000,1.0,0.0,0.0,1.0,
malware:Cridex,confidence_budget,frozen_rule,1.5,1.5,2000,0,0,0,0,0,0,0,2000,1.0,0.0,0.0,1.0,
malware:Cridex,confidence_budget,frozen_rule,2.0,2.0,2000,2000,0,0,0,0,0,0,2000,2.0,1.0,0.0,1.0,
malware:Cridex,first_stats,frozen_rule,1.0,1.0,2000,0,0,0,0,0,0,0,2000,1.0,0.0,0.0,1.0,
malware:Cridex,first_stats,frozen_rule,1.1,1.1,2000,0,0,0,0,0,0,0,2000,1.0,0.0,0.0,1.0,
malware:Cridex,first_stats,frozen_rule,1.25,1.25,2000,0,0,0,0,0,0,0,2000,1.0,0.0,0.0,1.0,
malware:Cridex,first_stats,frozen_rule,1.5,1.5,2000,0,0,0,0,0,0,0,2000,1.0,0.0,0.0,1.0,
malware:Cridex,first_stats,frozen_rule,2.0,2.0,2000,0,0,0,0,0,0,0,2000,1.0,0.0,0.0,1.0,
malware:Cridex,first_temporal,frozen_rule,1.0,1.0,2000,0,0,0,0,0,0,0,2000,1.0,0.0,0.0,1.0,
malware:Cridex,first_temporal,frozen_rule,1.1,1.1,2000,0,0,0,0,0,0,0,2000,1.0,0.0,0.0,1.0,
malware:Cridex,first_temporal,frozen_rule,1.25,1.25,2000,0,0,0,0,0,0,0,2000,1.0,0.0,0.0,1.0,
malware:Cridex,first_temporal,frozen_rule,1.5,1.5,2000,0,0,0,0,0,0,0,2000,1.0,0.0,0.0,1.0,
malware:Cridex,first_temporal,frozen_rule,2.0,2.0,2000,0,0,0,0,0,0,0,2000,1.0,0.0,0.0,1.0,
malware:Cridex,hashrandom_budget,frozen_rule,1.0,1.0,2000,0,0,0,0,0,0,0,2000,1.0,0.0,0.0,1.0,
malware:Cridex,hashrandom_budget,frozen_rule,1.1,1.1,2000,207,0,0,0,0,0,0,2000,1.1035,0.1035,0.0,1.0,
malware:Cridex,hashrandom_budget,frozen_rule,1.25,1.25,2000,518,0,0,0,0,0,0,2000,1.259,0.259,0.0,1.0,
malware:Cridex,hashrandom_budget,frozen_rule,1.5,1.5,2000,1003,0,0,0,0,0,0,2000,1.5015,0.5015,0.0,1.0,
malware:Cridex,hashrandom_budget,frozen_rule,2.0,2.0,2000,2000,0,0,0,0,0,0,2000,2.0,1.0,0.0,1.0,
malware:Cridex,post_first_temporal_gain_classifier,frozen_gain_model,1.0,1.0,2000,0,0,0,0,0,0,0,2000,1.0,0.0,0.0,1.0,
malware:Cridex,post_first_temporal_gain_classifier,frozen_gain_model,1.1,1.1,2000,0,0,0,0,0,0,0,2000,1.0,0.0,0.0,1.0,
malware:Cridex,post_first_temporal_gain_classifier,frozen_gain_model,1.25,1.25,2000,297,0,0,0,0,0,0,2000,1.1485,0.1485,0.0,1.0,
malware:Cridex,post_first_temporal_gain_classifier,frozen_gain_model,1.5,1.5,2000,1253,0,0,0,0,0,0,2000,1.6265,0.6265,0.0,1.0,
malware:Cridex,post_first_temporal_gain_classifier,frozen_gain_model,2.0,2.0,2000,2000,0,0,0,0,0,0,2000,2.0,1.0,0.0,1.0,
malware:Cridex,post_first_temporal_gain_classifier_positive_stop,frozen_gain_model,,,2000,1121,0,0,0,0,0,0,2000,1.5605,0.5605,0.0,1.0,
malware:Cridex,post_first_temporal_gain_regression,frozen_gain_model,1.0,1.0,2000,0,0,0,0,0,0,0,2000,1.0,0.0,0.0,1.0,
malware:Cridex,post_first_temporal_gain_regression,frozen_gain_model,1.1,1.1,2000,0,0,0,0,0,0,0,2000,1.0,0.0,0.0,1.0,
malware:Cridex,post_first_temporal_gain_regression,frozen_gain_model,1.25,1.25,2000,0,0,0,0,0,0,0,2000,1.0,0.0,0.0,1.0,
malware:Cridex,post_first_temporal_gain_regression,frozen_gain_model,1.5,1.5,2000,88,0,0,0,0,0,0,2000,1.044,0.044,0.0,1.0,
malware:Cridex,post_first_temporal_gain_regression,frozen_gain_model,2.0,2.0,2000,2000,0,0,0,0,0,0,2000,2.0,1.0,0.0,1.0,
malware:Cridex,post_first_temporal_gain_regression_positive_stop,frozen_gain_model,,,2000,1064,0,0,0,0,0,0,2000,1.532,0.532,0.0,1.0,
malware:Cridex,probability_only_gain_classifier,frozen_gain_model,1.0,1.0,2000,0,0,0,0,0,0,0,2000,1.0,0.0,0.0,1.0,
malware:Cridex,probability_only_gain_classifier,frozen_gain_model,1.1,1.1,2000,248,0,0,0,0,0,0,2000,1.124,0.124,0.0,1.0,
malware:Cridex,probability_only_gain_classifier,frozen_gain_model,1.25,1.25,2000,900,0,0,0,0,0,0,2000,1.45,0.45,0.0,1.0,
malware:Cridex,probability_only_gain_classifier,frozen_gain_model,1.5,1.5,2000,1986,0,0,0,0,0,0,2000,1.9929999999999999,0.993,0.0,1.0,
malware:Cridex,probability_only_gain_classifier,frozen_gain_model,2.0,2.0,2000,2000,0,0,0,0,0,0,2000,2.0,1.0,0.0,1.0,
malware:Cridex,probability_only_gain_classifier_positive_stop,frozen_gain_model,,,2000,0,0,0,0,0,0,0,2000,1.0,0.0,0.0,1.0,
malware:Cridex,probability_only_gain_regression,frozen_gain_model,1.0,1.0,2000,0,0,0,0,0,0,0,2000,1.0,0.0,0.0,1.0,
malware:Cridex,probability_only_gain_regression,frozen_gain_model,1.1,1.1,2000,0,0,0,0,0,0,0,2000,1.0,0.0,0.0,1.0,
malware:Cridex,probability_only_gain_regression,frozen_gain_model,1.25,1.25,2000,277,0,0,0,0,0,0,2000,1.1385,0.1385,0.0,1.0,
malware:Cridex,probability_only_gain_regression,frozen_gain_model,1.5,1.5,2000,1372,0,0,0,0,0,0,2000,1.686,0.686,0.0,1.0,
malware:Cridex,probability_only_gain_regression,frozen_gain_model,2.0,2.0,2000,2000,0,0,0,0,0,0,2000,2.0,1.0,0.0,1.0,
malware:Cridex,probability_only_gain_regression_positive_stop,frozen_gain_model,,,2000,0,0,0,0,0,0,0,2000,1.0,0.0,0.0,1.0,
malware:Geodo,all_average,frozen_rule,1.0,1.0,2000,2000,0,0,0,0,0,3,1997,2.0,1.0,0.0,0.9985,
malware:Geodo,all_average,frozen_rule,1.1,1.1,2000,2000,0,0,0,0,0,3,1997,2.0,1.0,0.0,0.9985,
malware:Geodo,all_average,frozen_rule,1.25,1.25,2000,2000,0,0,0,0,0,3,1997,2.0,1.0,0.0,0.9985,
malware:Geodo,all_average,frozen_rule,1.5,1.5,2000,2000,0,0,0,0,0,3,1997,2.0,1.0,0.0,0.9985,
malware:Geodo,all_average,frozen_rule,2.0,2.0,2000,2000,0,0,0,0,0,3,1997,2.0,1.0,0.0,0.9985,
malware:Geodo,confidence_budget,frozen_rule,1.0,1.0,2000,0,0,0,0,0,0,3,1997,1.0,0.0,0.0,0.9985,
malware:Geodo,confidence_budget,frozen_rule,1.1,1.1,2000,162,0,0,0,0,0,3,1997,1.081,0.081,0.0,0.9985,
malware:Geodo,confidence_budget,frozen_rule,1.25,1.25,2000,436,0,0,0,0,0,3,1997,1.218,0.218,0.0,0.9985,
malware:Geodo,confidence_budget,frozen_rule,1.5,1.5,2000,1201,0,0,0,0,0,3,1997,1.6005,0.6005,0.0,0.9985,
malware:Geodo,confidence_budget,frozen_rule,2.0,2.0,2000,2000,0,0,0,0,0,3,1997,2.0,1.0,0.0,0.9985,
malware:Geodo,first_stats,frozen_rule,1.0,1.0,2000,0,0,75,-75,0,0,78,1922,1.0,0.0,-0.0375,0.961,
malware:Geodo,first_stats,frozen_rule,1.1,1.1,2000,0,0,75,-75,0,0,78,1922,1.0,0.0,-0.0375,0.961,
malware:Geodo,first_stats,frozen_rule,1.25,1.25,2000,0,0,75,-75,0,0,78,1922,1.0,0.0,-0.0375,0.961,
malware:Geodo,first_stats,frozen_rule,1.5,1.5,2000,0,0,75,-75,0,0,78,1922,1.0,0.0,-0.0375,0.961,
malware:Geodo,first_stats,frozen_rule,2.0,2.0,2000,0,0,75,-75,0,0,78,1922,1.0,0.0,-0.0375,0.961,
malware:Geodo,first_temporal,frozen_rule,1.0,1.0,2000,0,0,0,0,0,0,3,1997,1.0,0.0,0.0,0.9985,
malware:Geodo,first_temporal,frozen_rule,1.1,1.1,2000,0,0,0,0,0,0,3,1997,1.0,0.0,0.0,0.9985,
malware:Geodo,first_temporal,frozen_rule,1.25,1.25,2000,0,0,0,0,0,0,3,1997,1.0,0.0,0.0,0.9985,
malware:Geodo,first_temporal,frozen_rule,1.5,1.5,2000,0,0,0,0,0,0,3,1997,1.0,0.0,0.0,0.9985,
malware:Geodo,first_temporal,frozen_rule,2.0,2.0,2000,0,0,0,0,0,0,3,1997,1.0,0.0,0.0,0.9985,
malware:Geodo,hashrandom_budget,frozen_rule,1.0,1.0,2000,0,0,0,0,0,0,3,1997,1.0,0.0,0.0,0.9985,
malware:Geodo,hashrandom_budget,frozen_rule,1.1,1.1,2000,220,0,0,0,0,0,3,1997,1.11,0.11,0.0,0.9985,
malware:Geodo,hashrandom_budget,frozen_rule,1.25,1.25,2000,520,0,0,0,0,0,3,1997,1.26,0.26,0.0,0.9985,
malware:Geodo,hashrandom_budget,frozen_rule,1.5,1.5,2000,1020,0,0,0,0,0,3,1997,1.51,0.51,0.0,0.9985,
malware:Geodo,hashrandom_budget,frozen_rule,2.0,2.0,2000,2000,0,0,0,0,0,3,1997,2.0,1.0,0.0,0.9985,
malware:Geodo,post_first_temporal_gain_classifier,frozen_gain_model,1.0,1.0,2000,0,0,0,0,0,0,3,1997,1.0,0.0,0.0,0.9985,
malware:Geodo,post_first_temporal_gain_classifier,frozen_gain_model,1.1,1.1,2000,47,0,0,0,0,0,3,1997,1.0235,0.0235,0.0,0.9985,
malware:Geodo,post_first_temporal_gain_classifier,frozen_gain_model,1.25,1.25,2000,69,0,0,0,0,0,3,1997,1.0345,0.0345,0.0,0.9985,
malware:Geodo,post_first_temporal_gain_classifier,frozen_gain_model,1.5,1.5,2000,182,0,0,0,0,0,3,1997,1.091,0.091,0.0,0.9985,
malware:Geodo,post_first_temporal_gain_classifier,frozen_gain_model,2.0,2.0,2000,2000,0,0,0,0,0,3,1997,2.0,1.0,0.0,0.9985,
malware:Geodo,post_first_temporal_gain_classifier_positive_stop,frozen_gain_model,,,2000,329,0,0,0,0,0,3,1997,1.1645,0.1645,0.0,0.9985,
malware:Geodo,post_first_temporal_gain_regression,frozen_gain_model,1.0,1.0,2000,0,0,0,0,0,0,3,1997,1.0,0.0,0.0,0.9985,
malware:Geodo,post_first_temporal_gain_regression,frozen_gain_model,1.1,1.1,2000,135,0,0,0,0,0,3,1997,1.0675,0.0675,0.0,0.9985,
malware:Geodo,post_first_temporal_gain_regression,frozen_gain_model,1.25,1.25,2000,423,0,0,0,0,0,3,1997,1.2115,0.2115,0.0,0.9985,
malware:Geodo,post_first_temporal_gain_regression,frozen_gain_model,1.5,1.5,2000,451,0,0,0,0,0,3,1997,1.2255,0.2255,0.0,0.9985,
malware:Geodo,post_first_temporal_gain_regression,frozen_gain_model,2.0,2.0,2000,2000,0,0,0,0,0,3,1997,2.0,1.0,0.0,0.9985,
malware:Geodo,post_first_temporal_gain_regression_positive_stop,frozen_gain_model,,,2000,451,0,0,0,0,0,3,1997,1.2255,0.2255,0.0,0.9985,
malware:Geodo,probability_only_gain_classifier,frozen_gain_model,1.0,1.0,2000,0,0,0,0,0,0,3,1997,1.0,0.0,0.0,0.9985,
malware:Geodo,probability_only_gain_classifier,frozen_gain_model,1.1,1.1,2000,307,0,0,0,0,0,3,1997,1.1535,0.1535,0.0,0.9985,
malware:Geodo,probability_only_gain_classifier,frozen_gain_model,1.25,1.25,2000,961,0,0,0,0,0,3,1997,1.4805,0.4805,0.0,0.9985,
malware:Geodo,probability_only_gain_classifier,frozen_gain_model,1.5,1.5,2000,1986,0,0,0,0,0,3,1997,1.9929999999999999,0.993,0.0,0.9985,
malware:Geodo,probability_only_gain_classifier,frozen_gain_model,2.0,2.0,2000,2000,0,0,0,0,0,3,1997,2.0,1.0,0.0,0.9985,
malware:Geodo,probability_only_gain_classifier_positive_stop,frozen_gain_model,,,2000,1997,0,0,0,0,0,3,1997,1.9985,0.9985,0.0,0.9985,
malware:Geodo,probability_only_gain_regression,frozen_gain_model,1.0,1.0,2000,0,0,0,0,0,0,3,1997,1.0,0.0,0.0,0.9985,
malware:Geodo,probability_only_gain_regression,frozen_gain_model,1.1,1.1,2000,342,0,0,0,0,0,3,1997,1.171,0.171,0.0,0.9985,
malware:Geodo,probability_only_gain_regression,frozen_gain_model,1.25,1.25,2000,998,0,0,0,0,0,3,1997,1.499,0.499,0.0,0.9985,
malware:Geodo,probability_only_gain_regression,frozen_gain_model,1.5,1.5,2000,1996,0,0,0,0,0,3,1997,1.998,0.998,0.0,0.9985,
malware:Geodo,probability_only_gain_regression,frozen_gain_model,2.0,2.0,2000,2000,0,0,0,0,0,3,1997,2.0,1.0,0.0,0.9985,
malware:Geodo,probability_only_gain_regression_positive_stop,frozen_gain_model,,,2000,1996,0,0,0,0,0,3,1997,1.998,0.998,0.0,0.9985,
malware:Htbot,all_average,frozen_rule,1.0,1.0,2000,2000,16,12,4,0,0,20,1980,2.0,1.0,0.002,0.99,
malware:Htbot,all_average,frozen_rule,1.1,1.1,2000,2000,16,12,4,0,0,20,1980,2.0,1.0,0.002,0.99,
malware:Htbot,all_average,frozen_rule,1.25,1.25,2000,2000,16,12,4,0,0,20,1980,2.0,1.0,0.002,0.99,
malware:Htbot,all_average,frozen_rule,1.5,1.5,2000,2000,16,12,4,0,0,20,1980,2.0,1.0,0.002,0.99,
malware:Htbot,all_average,frozen_rule,2.0,2.0,2000,2000,16,12,4,0,0,20,1980,2.0,1.0,0.002,0.99,
malware:Htbot,confidence_budget,frozen_rule,1.0,1.0,2000,0,0,0,0,0,0,24,1976,1.0,0.0,0.0,0.988,
malware:Htbot,confidence_budget,frozen_rule,1.1,1.1,2000,424,16,12,4,0,0,20,1980,1.212,0.212,0.002,0.99,
malware:Htbot,confidence_budget,frozen_rule,1.25,1.25,2000,839,16,12,4,0,0,20,1980,1.4195,0.4195,0.002,0.99,
malware:Htbot,confidence_budget,frozen_rule,1.5,1.5,2000,1997,16,12,4,0,0,20,1980,1.9985,0.9985,0.002,0.99,
malware:Htbot,confidence_budget,frozen_rule,2.0,2.0,2000,2000,16,12,4,0,0,20,1980,2.0,1.0,0.002,0.99,
malware:Htbot,first_stats,frozen_rule,1.0,1.0,2000,0,23,32,-9,0,0,33,1967,1.0,0.0,-0.0045,0.9835,
malware:Htbot,first_stats,frozen_rule,1.1,1.1,2000,0,23,32,-9,0,0,33,1967,1.0,0.0,-0.0045,0.9835,
malware:Htbot,first_stats,frozen_rule,1.25,1.25,2000,0,23,32,-9,0,0,33,1967,1.0,0.0,-0.0045,0.9835,
malware:Htbot,first_stats,frozen_rule,1.5,1.5,2000,0,23,32,-9,0,0,33,1967,1.0,0.0,-0.0045,0.9835,
malware:Htbot,first_stats,frozen_rule,2.0,2.0,2000,0,23,32,-9,0,0,33,1967,1.0,0.0,-0.0045,0.9835,
malware:Htbot,first_temporal,frozen_rule,1.0,1.0,2000,0,0,0,0,0,0,24,1976,1.0,0.0,0.0,0.988,
malware:Htbot,first_temporal,frozen_rule,1.1,1.1,2000,0,0,0,0,0,0,24,1976,1.0,0.0,0.0,0.988,
malware:Htbot,first_temporal,frozen_rule,1.25,1.25,2000,0,0,0,0,0,0,24,1976,1.0,0.0,0.0,0.988,
malware:Htbot,first_temporal,frozen_rule,1.5,1.5,2000,0,0,0,0,0,0,24,1976,1.0,0.0,0.0,0.988,
malware:Htbot,first_temporal,frozen_rule,2.0,2.0,2000,0,0,0,0,0,0,24,1976,1.0,0.0,0.0,0.988,
malware:Htbot,hashrandom_budget,frozen_rule,1.0,1.0,2000,0,0,0,0,0,0,24,1976,1.0,0.0,0.0,0.988,
malware:Htbot,hashrandom_budget,frozen_rule,1.1,1.1,2000,185,2,1,1,0,0,23,1977,1.0925,0.0925,0.0005,0.9885,
malware:Htbot,hashrandom_budget,frozen_rule,1.25,1.25,2000,467,4,3,1,0,0,23,1977,1.2335,0.2335,0.0005,0.9885,
malware:Htbot,hashrandom_budget,frozen_rule,1.5,1.5,2000,963,7,5,2,0,0,22,1978,1.4815,0.4815,0.001,0.989,
malware:Htbot,hashrandom_budget,frozen_rule,2.0,2.0,2000,2000,16,12,4,0,0,20,1980,2.0,1.0,0.002,0.99,
malware:Htbot,post_first_temporal_gain_classifier,frozen_gain_model,1.0,1.0,2000,0,0,0,0,0,0,24,1976,1.0,0.0,0.0,0.988,
malware:Htbot,post_first_temporal_gain_classifier,frozen_gain_model,1.1,1.1,2000,61,0,4,-4,0,0,28,1972,1.0305,0.0305,-0.002,0.986,
malware:Htbot,post_first_temporal_gain_classifier,frozen_gain_model,1.25,1.25,2000,80,0,4,-4,0,0,28,1972,1.04,0.04,-0.002,0.986,
malware:Htbot,post_first_temporal_gain_classifier,frozen_gain_model,1.5,1.5,2000,261,0,4,-4,0,0,28,1972,1.1305,0.1305,-0.002,0.986,
malware:Htbot,post_first_temporal_gain_classifier,frozen_gain_model,2.0,2.0,2000,2000,16,12,4,0,0,20,1980,2.0,1.0,0.002,0.99,
malware:Htbot,post_first_temporal_gain_classifier_positive_stop,frozen_gain_model,,,2000,1320,0,4,-4,0,0,28,1972,1.6600000000000001,0.66,-0.002,0.986,
malware:Htbot,post_first_temporal_gain_regression,frozen_gain_model,1.0,1.0,2000,0,0,0,0,0,0,24,1976,1.0,0.0,0.0,0.988,
malware:Htbot,post_first_temporal_gain_regression,frozen_gain_model,1.1,1.1,2000,243,0,8,-8,0,0,32,1968,1.1215,0.1215,-0.004,0.984,
malware:Htbot,post_first_temporal_gain_regression,frozen_gain_model,1.25,1.25,2000,1155,0,9,-9,0,0,33,1967,1.5775000000000001,0.5775,-0.0045,0.9835,
malware:Htbot,post_first_temporal_gain_regression,frozen_gain_model,1.5,1.5,2000,1277,0,9,-9,0,0,33,1967,1.6385,0.6385,-0.0045,0.9835,
malware:Htbot,post_first_temporal_gain_regression,frozen_gain_model,2.0,2.0,2000,2000,16,12,4,0,0,20,1980,2.0,1.0,0.002,0.99,
malware:Htbot,post_first_temporal_gain_regression_positive_stop,frozen_gain_model,,,2000,1277,0,9,-9,0,0,33,1967,1.6385,0.6385,-0.0045,0.9835,
malware:Htbot,probability_only_gain_classifier,frozen_gain_model,1.0,1.0,2000,0,0,0,0,0,0,24,1976,1.0,0.0,0.0,0.988,
malware:Htbot,probability_only_gain_classifier,frozen_gain_model,1.1,1.1,2000,420,0,7,-7,0,0,31,1969,1.21,0.21,-0.0035,0.9845,
malware:Htbot,probability_only_gain_classifier,frozen_gain_model,1.25,1.25,2000,966,0,7,-7,0,0,31,1969,1.483,0.483,-0.0035,0.9845,
malware:Htbot,probability_only_gain_classifier,frozen_gain_model,1.5,1.5,2000,1941,0,7,-7,0,0,31,1969,1.9705,0.9705,-0.0035,0.9845,
malware:Htbot,probability_only_gain_classifier,frozen_gain_model,2.0,2.0,2000,2000,16,12,4,0,0,20,1980,2.0,1.0,0.002,0.99,
malware:Htbot,probability_only_gain_classifier_positive_stop,frozen_gain_model,,,2000,1944,0,7,-7,0,0,31,1969,1.972,0.972,-0.0035,0.9845,
malware:Htbot,probability_only_gain_regression,frozen_gain_model,1.0,1.0,2000,0,0,0,0,0,0,24,1976,1.0,0.0,0.0,0.988,
malware:Htbot,probability_only_gain_regression,frozen_gain_model,1.1,1.1,2000,414,0,2,-2,0,0,26,1974,1.207,0.207,-0.001,0.987,
malware:Htbot,probability_only_gain_regression,frozen_gain_model,1.25,1.25,2000,958,0,2,-2,0,0,26,1974,1.479,0.479,-0.001,0.987,
malware:Htbot,probability_only_gain_regression,frozen_gain_model,1.5,1.5,2000,1899,0,2,-2,0,0,26,1974,1.9495,0.9495,-0.001,0.987,
malware:Htbot,probability_only_gain_regression,frozen_gain_model,2.0,2.0,2000,2000,16,12,4,0,0,20,1980,2.0,1.0,0.002,0.99,
malware:Htbot,probability_only_gain_regression_positive_stop,frozen_gain_model,,,2000,1899,0,2,-2,0,0,26,1974,1.9495,0.9495,-0.001,0.987,
malware:Miuref,all_average,frozen_rule,1.0,1.0,2000,2000,22,0,22,0,0,0,2000,2.0,1.0,0.011,1.0,
malware:Miuref,all_average,frozen_rule,1.1,1.1,2000,2000,22,0,22,0,0,0,2000,2.0,1.0,0.011,1.0,
malware:Miuref,all_average,frozen_rule,1.25,1.25,2000,2000,22,0,22,0,0,0,2000,2.0,1.0,0.011,1.0,
malware:Miuref,all_average,frozen_rule,1.5,1.5,2000,2000,22,0,22,0,0,0,2000,2.0,1.0,0.011,1.0,
malware:Miuref,all_average,frozen_rule,2.0,2.0,2000,2000,22,0,22,0,0,0,2000,2.0,1.0,0.011,1.0,
malware:Miuref,confidence_budget,frozen_rule,1.0,1.0,2000,0,0,0,0,0,0,22,1978,1.0,0.0,0.0,0.989,
malware:Miuref,confidence_budget,frozen_rule,1.1,1.1,2000,22,22,0,22,0,0,0,2000,1.011,0.011,0.011,1.0,
malware:Miuref,confidence_budget,frozen_rule,1.25,1.25,2000,22,22,0,22,0,0,0,2000,1.011,0.011,0.011,1.0,
malware:Miuref,confidence_budget,frozen_rule,1.5,1.5,2000,337,22,0,22,0,0,0,2000,1.1685,0.1685,0.011,1.0,
malware:Miuref,confidence_budget,frozen_rule,2.0,2.0,2000,2000,22,0,22,0,0,0,2000,2.0,1.0,0.011,1.0,
malware:Miuref,first_stats,frozen_rule,1.0,1.0,2000,0,22,106,-84,0,0,106,1894,1.0,0.0,-0.042,0.947,
malware:Miuref,first_stats,frozen_rule,1.1,1.1,2000,0,22,106,-84,0,0,106,1894,1.0,0.0,-0.042,0.947,
malware:Miuref,first_stats,frozen_rule,1.25,1.25,2000,0,22,106,-84,0,0,106,1894,1.0,0.0,-0.042,0.947,
malware:Miuref,first_stats,frozen_rule,1.5,1.5,2000,0,22,106,-84,0,0,106,1894,1.0,0.0,-0.042,0.947,
malware:Miuref,first_stats,frozen_rule,2.0,2.0,2000,0,22,106,-84,0,0,106,1894,1.0,0.0,-0.042,0.947,
malware:Miuref,first_temporal,frozen_rule,1.0,1.0,2000,0,0,0,0,0,0,22,1978,1.0,0.0,0.0,0.989,
malware:Miuref,first_temporal,frozen_rule,1.1,1.1,2000,0,0,0,0,0,0,22,1978,1.0,0.0,0.0,0.989,
malware:Miuref,first_temporal,frozen_rule,1.25,1.25,2000,0,0,0,0,0,0,22,1978,1.0,0.0,0.0,0.989,
malware:Miuref,first_temporal,frozen_rule,1.5,1.5,2000,0,0,0,0,0,0,22,1978,1.0,0.0,0.0,0.989,
malware:Miuref,first_temporal,frozen_rule,2.0,2.0,2000,0,0,0,0,0,0,22,1978,1.0,0.0,0.0,0.989,
malware:Miuref,hashrandom_budget,frozen_rule,1.0,1.0,2000,0,0,0,0,0,0,22,1978,1.0,0.0,0.0,0.989,
malware:Miuref,hashrandom_budget,frozen_rule,1.1,1.1,2000,183,1,0,1,0,0,21,1979,1.0915,0.0915,0.0005,0.9895,
malware:Miuref,hashrandom_budget,frozen_rule,1.25,1.25,2000,466,3,0,3,0,0,19,1981,1.233,0.233,0.0015,0.9905,
malware:Miuref,hashrandom_budget,frozen_rule,1.5,1.5,2000,986,6,0,6,0,0,16,1984,1.4929999999999999,0.493,0.003,0.992,
malware:Miuref,hashrandom_budget,frozen_rule,2.0,2.0,2000,2000,22,0,22,0,0,0,2000,2.0,1.0,0.011,1.0,
malware:Miuref,post_first_temporal_gain_classifier,frozen_gain_model,1.0,1.0,2000,0,0,0,0,0,0,22,1978,1.0,0.0,0.0,0.989,
malware:Miuref,post_first_temporal_gain_classifier,frozen_gain_model,1.1,1.1,2000,243,0,0,0,0,0,22,1978,1.1215,0.1215,0.0,0.989,
malware:Miuref,post_first_temporal_gain_classifier,frozen_gain_model,1.25,1.25,2000,793,0,0,0,0,0,22,1978,1.3965,0.3965,0.0,0.989,
malware:Miuref,post_first_temporal_gain_classifier,frozen_gain_model,1.5,1.5,2000,793,0,0,0,0,0,22,1978,1.3965,0.3965,0.0,0.989,
malware:Miuref,post_first_temporal_gain_classifier,frozen_gain_model,2.0,2.0,2000,2000,22,0,22,0,0,0,2000,2.0,1.0,0.011,1.0,
malware:Miuref,post_first_temporal_gain_classifier_positive_stop,frozen_gain_model,,,2000,243,0,0,0,0,0,22,1978,1.1215,0.1215,0.0,0.989,
malware:Miuref,post_first_temporal_gain_regression,frozen_gain_model,1.0,1.0,2000,0,0,0,0,0,0,22,1978,1.0,0.0,0.0,0.989,
malware:Miuref,post_first_temporal_gain_regression,frozen_gain_model,1.1,1.1,2000,565,22,0,22,0,0,0,2000,1.2825,0.2825,0.011,1.0,
malware:Miuref,post_first_temporal_gain_regression,frozen_gain_model,1.25,1.25,2000,968,22,0,22,0,0,0,2000,1.484,0.484,0.011,1.0,
malware:Miuref,post_first_temporal_gain_regression,frozen_gain_model,1.5,1.5,2000,968,22,0,22,0,0,0,2000,1.484,0.484,0.011,1.0,
malware:Miuref,post_first_temporal_gain_regression,frozen_gain_model,2.0,2.0,2000,2000,22,0,22,0,0,0,2000,2.0,1.0,0.011,1.0,
malware:Miuref,post_first_temporal_gain_regression_positive_stop,frozen_gain_model,,,2000,968,22,0,22,0,0,0,2000,1.484,0.484,0.011,1.0,
malware:Miuref,probability_only_gain_classifier,frozen_gain_model,1.0,1.0,2000,0,0,0,0,0,0,22,1978,1.0,0.0,0.0,0.989,
malware:Miuref,probability_only_gain_classifier,frozen_gain_model,1.1,1.1,2000,0,0,0,0,0,0,22,1978,1.0,0.0,0.0,0.989,
malware:Miuref,probability_only_gain_classifier,frozen_gain_model,1.25,1.25,2000,0,0,0,0,0,0,22,1978,1.0,0.0,0.0,0.989,
malware:Miuref,probability_only_gain_classifier,frozen_gain_model,1.5,1.5,2000,158,0,0,0,0,0,22,1978,1.079,0.079,0.0,0.989,
malware:Miuref,probability_only_gain_classifier,frozen_gain_model,2.0,2.0,2000,2000,22,0,22,0,0,0,2000,2.0,1.0,0.011,1.0,
malware:Miuref,probability_only_gain_classifier_positive_stop,frozen_gain_model,,,2000,0,0,0,0,0,0,22,1978,1.0,0.0,0.0,0.989,
malware:Miuref,probability_only_gain_regression,frozen_gain_model,1.0,1.0,2000,0,0,0,0,0,0,22,1978,1.0,0.0,0.0,0.989,
malware:Miuref,probability_only_gain_regression,frozen_gain_model,1.1,1.1,2000,161,0,0,0,0,0,22,1978,1.0805,0.0805,0.0,0.989,
malware:Miuref,probability_only_gain_regression,frozen_gain_model,1.25,1.25,2000,763,0,0,0,0,0,22,1978,1.3815,0.3815,0.0,0.989,
malware:Miuref,probability_only_gain_regression,frozen_gain_model,1.5,1.5,2000,1763,0,0,0,0,0,22,1978,1.8815,0.8815,0.0,0.989,
malware:Miuref,probability_only_gain_regression,frozen_gain_model,2.0,2.0,2000,2000,22,0,22,0,0,0,2000,2.0,1.0,0.011,1.0,
malware:Miuref,probability_only_gain_regression_positive_stop,frozen_gain_model,,,2000,0,0,0,0,0,0,22,1978,1.0,0.0,0.0,0.989,
malware:Neris,all_average,frozen_rule,1.0,1.0,2000,2000,5,5,0,0,0,6,1994,2.0,1.0,0.0,0.997,
malware:Neris,all_average,frozen_rule,1.1,1.1,2000,2000,5,5,0,0,0,6,1994,2.0,1.0,0.0,0.997,
malware:Neris,all_average,frozen_rule,1.25,1.25,2000,2000,5,5,0,0,0,6,1994,2.0,1.0,0.0,0.997,
malware:Neris,all_average,frozen_rule,1.5,1.5,2000,2000,5,5,0,0,0,6,1994,2.0,1.0,0.0,0.997,
malware:Neris,all_average,frozen_rule,2.0,2.0,2000,2000,5,5,0,0,0,6,1994,2.0,1.0,0.0,0.997,
malware:Neris,confidence_budget,frozen_rule,1.0,1.0,2000,0,0,0,0,0,0,6,1994,1.0,0.0,0.0,0.997,
malware:Neris,confidence_budget,frozen_rule,1.1,1.1,2000,3,0,1,-1,0,0,7,1993,1.0015,0.0015,-0.0005,0.9965,
malware:Neris,confidence_budget,frozen_rule,1.25,1.25,2000,11,5,1,4,0,0,2,1998,1.0055,0.0055,0.002,0.999,
malware:Neris,confidence_budget,frozen_rule,1.5,1.5,2000,48,5,1,4,0,0,2,1998,1.024,0.024,0.002,0.999,
malware:Neris,confidence_budget,frozen_rule,2.0,2.0,2000,2000,5,5,0,0,0,6,1994,2.0,1.0,0.0,0.997,
malware:Neris,first_stats,frozen_rule,1.0,1.0,2000,0,5,15,-10,0,0,16,1984,1.0,0.0,-0.005,0.992,
malware:Neris,first_stats,frozen_rule,1.1,1.1,2000,0,5,15,-10,0,0,16,1984,1.0,0.0,-0.005,0.992,
malware:Neris,first_stats,frozen_rule,1.25,1.25,2000,0,5,15,-10,0,0,16,1984,1.0,0.0,-0.005,0.992,
malware:Neris,first_stats,frozen_rule,1.5,1.5,2000,0,5,15,-10,0,0,16,1984,1.0,0.0,-0.005,0.992,
malware:Neris,first_stats,frozen_rule,2.0,2.0,2000,0,5,15,-10,0,0,16,1984,1.0,0.0,-0.005,0.992,
malware:Neris,first_temporal,frozen_rule,1.0,1.0,2000,0,0,0,0,0,0,6,1994,1.0,0.0,0.0,0.997,
malware:Neris,first_temporal,frozen_rule,1.1,1.1,2000,0,0,0,0,0,0,6,1994,1.0,0.0,0.0,0.997,
malware:Neris,first_temporal,frozen_rule,1.25,1.25,2000,0,0,0,0,0,0,6,1994,1.0,0.0,0.0,0.997,
malware:Neris,first_temporal,frozen_rule,1.5,1.5,2000,0,0,0,0,0,0,6,1994,1.0,0.0,0.0,0.997,
malware:Neris,first_temporal,frozen_rule,2.0,2.0,2000,0,0,0,0,0,0,6,1994,1.0,0.0,0.0,0.997,
malware:Neris,hashrandom_budget,frozen_rule,1.0,1.0,2000,0,0,0,0,0,0,6,1994,1.0,0.0,0.0,0.997,
malware:Neris,hashrandom_budget,frozen_rule,1.1,1.1,2000,205,2,0,2,0,0,4,1996,1.1025,0.1025,0.001,0.998,
malware:Neris,hashrandom_budget,frozen_rule,1.25,1.25,2000,488,4,0,4,0,0,2,1998,1.244,0.244,0.002,0.999,
malware:Neris,hashrandom_budget,frozen_rule,1.5,1.5,2000,986,4,1,3,0,0,3,1997,1.4929999999999999,0.493,0.0015,0.9985,
malware:Neris,hashrandom_budget,frozen_rule,2.0,2.0,2000,2000,5,5,0,0,0,6,1994,2.0,1.0,0.0,0.997,
malware:Neris,post_first_temporal_gain_classifier,frozen_gain_model,1.0,1.0,2000,0,0,0,0,0,0,6,1994,1.0,0.0,0.0,0.997,
malware:Neris,post_first_temporal_gain_classifier,frozen_gain_model,1.1,1.1,2000,4,1,0,1,0,0,5,1995,1.002,0.002,0.0005,0.9975,
malware:Neris,post_first_temporal_gain_classifier,frozen_gain_model,1.25,1.25,2000,405,1,0,1,0,0,5,1995,1.2025000000000001,0.2025,0.0005,0.9975,
malware:Neris,post_first_temporal_gain_classifier,frozen_gain_model,1.5,1.5,2000,1449,1,0,1,0,0,5,1995,1.7245,0.7245,0.0005,0.9975,
malware:Neris,post_first_temporal_gain_classifier,frozen_gain_model,2.0,2.0,2000,2000,5,5,0,0,0,6,1994,2.0,1.0,0.0,0.997,
malware:Neris,post_first_temporal_gain_classifier_positive_stop,frozen_gain_model,,,2000,1391,1,0,1,0,0,5,1995,1.6955,0.6955,0.0005,0.9975,
malware:Neris,post_first_temporal_gain_regression,frozen_gain_model,1.0,1.0,2000,0,0,0,0,0,0,6,1994,1.0,0.0,0.0,0.997,
malware:Neris,post_first_temporal_gain_regression,frozen_gain_model,1.1,1.1,2000,4,0,1,-1,0,0,7,1993,1.002,0.002,-0.0005,0.9965,
malware:Neris,post_first_temporal_gain_regression,frozen_gain_model,1.25,1.25,2000,11,0,1,-1,0,0,7,1993,1.0055,0.0055,-0.0005,0.9965,
malware:Neris,post_first_temporal_gain_regression,frozen_gain_model,1.5,1.5,2000,330,0,1,-1,0,0,7,1993,1.165,0.165,-0.0005,0.9965,
malware:Neris,post_first_temporal_gain_regression,frozen_gain_model,2.0,2.0,2000,2000,5,5,0,0,0,6,1994,2.0,1.0,0.0,0.997,
malware:Neris,post_first_temporal_gain_regression_positive_stop,frozen_gain_model,,,2000,1382,0,1,-1,0,0,7,1993,1.6909999999999998,0.691,-0.0005,0.9965,
malware:Neris,probability_only_gain_classifier,frozen_gain_model,1.0,1.0,2000,0,0,0,0,0,0,6,1994,1.0,0.0,0.0,0.997,
malware:Neris,probability_only_gain_classifier,frozen_gain_model,1.1,1.1,2000,178,0,1,-1,0,0,7,1993,1.089,0.089,-0.0005,0.9965,
malware:Neris,probability_only_gain_classifier,frozen_gain_model,1.25,1.25,2000,726,0,1,-1,0,0,7,1993,1.363,0.363,-0.0005,0.9965,
malware:Neris,probability_only_gain_classifier,frozen_gain_model,1.5,1.5,2000,1640,0,1,-1,0,0,7,1993,1.8199999999999998,0.82,-0.0005,0.9965,
malware:Neris,probability_only_gain_classifier,frozen_gain_model,2.0,2.0,2000,2000,5,5,0,0,0,6,1994,2.0,1.0,0.0,0.997,
malware:Neris,probability_only_gain_classifier_positive_stop,frozen_gain_model,,,2000,4,0,1,-1,0,0,7,1993,1.002,0.002,-0.0005,0.9965,
malware:Neris,probability_only_gain_regression,frozen_gain_model,1.0,1.0,2000,0,0,0,0,0,0,6,1994,1.0,0.0,0.0,0.997,
malware:Neris,probability_only_gain_regression,frozen_gain_model,1.1,1.1,2000,8,5,1,4,0,0,2,1998,1.004,0.004,0.002,0.999,
malware:Neris,probability_only_gain_regression,frozen_gain_model,1.25,1.25,2000,216,5,1,4,0,0,2,1998,1.108,0.108,0.002,0.999,
malware:Neris,probability_only_gain_regression,frozen_gain_model,1.5,1.5,2000,1121,5,1,4,0,0,2,1998,1.5605,0.5605,0.002,0.999,
malware:Neris,probability_only_gain_regression,frozen_gain_model,2.0,2.0,2000,2000,5,5,0,0,0,6,1994,2.0,1.0,0.0,0.997,
malware:Neris,probability_only_gain_regression_positive_stop,frozen_gain_model,,,2000,21,5,1,4,0,0,2,1998,1.0105,0.0105,0.002,0.999,
malware:Nsis-ay,all_average,frozen_rule,1.0,1.0,2000,2000,0,5,-5,0,0,201,1799,2.0,1.0,-0.0025,0.8995,
malware:Nsis-ay,all_average,frozen_rule,1.1,1.1,2000,2000,0,5,-5,0,0,201,1799,2.0,1.0,-0.0025,0.8995,
malware:Nsis-ay,all_average,frozen_rule,1.25,1.25,2000,2000,0,5,-5,0,0,201,1799,2.0,1.0,-0.0025,0.8995,
malware:Nsis-ay,all_average,frozen_rule,1.5,1.5,2000,2000,0,5,-5,0,0,201,1799,2.0,1.0,-0.0025,0.8995,
malware:Nsis-ay,all_average,frozen_rule,2.0,2.0,2000,2000,0,5,-5,0,0,201,1799,2.0,1.0,-0.0025,0.8995,
malware:Nsis-ay,confidence_budget,frozen_rule,1.0,1.0,2000,0,0,0,0,0,0,196,1804,1.0,0.0,0.0,0.902,
malware:Nsis-ay,confidence_budget,frozen_rule,1.1,1.1,2000,506,0,5,-5,0,0,201,1799,1.2530000000000001,0.253,-0.0025,0.8995,
malware:Nsis-ay,confidence_budget,frozen_rule,1.25,1.25,2000,1670,0,5,-5,0,0,201,1799,1.835,0.835,-0.0025,0.8995,
malware:Nsis-ay,confidence_budget,frozen_rule,1.5,1.5,2000,1998,0,5,-5,0,0,201,1799,1.999,0.999,-0.0025,0.8995,
malware:Nsis-ay,confidence_budget,frozen_rule,2.0,2.0,2000,2000,0,5,-5,0,0,201,1799,2.0,1.0,-0.0025,0.8995,
malware:Nsis-ay,first_stats,frozen_rule,1.0,1.0,2000,0,40,97,-57,0,0,253,1747,1.0,0.0,-0.0285,0.8735,
malware:Nsis-ay,first_stats,frozen_rule,1.1,1.1,2000,0,40,97,-57,0,0,253,1747,1.0,0.0,-0.0285,0.8735,
malware:Nsis-ay,first_stats,frozen_rule,1.25,1.25,2000,0,40,97,-57,0,0,253,1747,1.0,0.0,-0.0285,0.8735,
malware:Nsis-ay,first_stats,frozen_rule,1.5,1.5,2000,0,40,97,-57,0,0,253,1747,1.0,0.0,-0.0285,0.8735,
malware:Nsis-ay,first_stats,frozen_rule,2.0,2.0,2000,0,40,97,-57,0,0,253,1747,1.0,0.0,-0.0285,0.8735,
malware:Nsis-ay,first_temporal,frozen_rule,1.0,1.0,2000,0,0,0,0,0,0,196,1804,1.0,0.0,0.0,0.902,
malware:Nsis-ay,first_temporal,frozen_rule,1.1,1.1,2000,0,0,0,0,0,0,196,1804,1.0,0.0,0.0,0.902,
malware:Nsis-ay,first_temporal,frozen_rule,1.25,1.25,2000,0,0,0,0,0,0,196,1804,1.0,0.0,0.0,0.902,
malware:Nsis-ay,first_temporal,frozen_rule,1.5,1.5,2000,0,0,0,0,0,0,196,1804,1.0,0.0,0.0,0.902,
malware:Nsis-ay,first_temporal,frozen_rule,2.0,2.0,2000,0,0,0,0,0,0,196,1804,1.0,0.0,0.0,0.902,
malware:Nsis-ay,hashrandom_budget,frozen_rule,1.0,1.0,2000,0,0,0,0,0,0,196,1804,1.0,0.0,0.0,0.902,
malware:Nsis-ay,hashrandom_budget,frozen_rule,1.1,1.1,2000,196,0,0,0,0,0,196,1804,1.098,0.098,0.0,0.902,
malware:Nsis-ay,hashrandom_budget,frozen_rule,1.25,1.25,2000,490,0,1,-1,0,0,197,1803,1.245,0.245,-0.0005,0.9015,
malware:Nsis-ay,hashrandom_budget,frozen_rule,1.5,1.5,2000,964,0,3,-3,0,0,199,1801,1.482,0.482,-0.0015,0.9005,
malware:Nsis-ay,hashrandom_budget,frozen_rule,2.0,2.0,2000,2000,0,5,-5,0,0,201,1799,2.0,1.0,-0.0025,0.8995,
malware:Nsis-ay,post_first_temporal_gain_classifier,frozen_gain_model,1.0,1.0,2000,0,0,0,0,0,0,196,1804,1.0,0.0,0.0,0.902,
malware:Nsis-ay,post_first_temporal_gain_classifier,frozen_gain_model,1.1,1.1,2000,129,0,4,-4,0,0,200,1800,1.0645,0.0645,-0.002,0.9,
malware:Nsis-ay,post_first_temporal_gain_classifier,frozen_gain_model,1.25,1.25,2000,129,0,4,-4,0,0,200,1800,1.0645,0.0645,-0.002,0.9,
malware:Nsis-ay,post_first_temporal_gain_classifier,frozen_gain_model,1.5,1.5,2000,481,0,4,-4,0,0,200,1800,1.2405,0.2405,-0.002,0.9,
malware:Nsis-ay,post_first_temporal_gain_classifier,frozen_gain_model,2.0,2.0,2000,2000,0,5,-5,0,0,201,1799,2.0,1.0,-0.0025,0.8995,
malware:Nsis-ay,post_first_temporal_gain_classifier_positive_stop,frozen_gain_model,,,2000,60,0,4,-4,0,0,200,1800,1.03,0.03,-0.002,0.9,
malware:Nsis-ay,post_first_temporal_gain_regression,frozen_gain_model,1.0,1.0,2000,0,0,0,0,0,0,196,1804,1.0,0.0,0.0,0.902,
malware:Nsis-ay,post_first_temporal_gain_regression,frozen_gain_model,1.1,1.1,2000,600,0,4,-4,0,0,200,1800,1.3,0.3,-0.002,0.9,
malware:Nsis-ay,post_first_temporal_gain_regression,frozen_gain_model,1.25,1.25,2000,1273,0,4,-4,0,0,200,1800,1.6364999999999998,0.6365,-0.002,0.9,
malware:Nsis-ay,post_first_temporal_gain_regression,frozen_gain_model,1.5,1.5,2000,1286,0,4,-4,0,0,200,1800,1.643,0.643,-0.002,0.9,
malware:Nsis-ay,post_first_temporal_gain_regression,frozen_gain_model,2.0,2.0,2000,2000,0,5,-5,0,0,201,1799,2.0,1.0,-0.0025,0.8995,
malware:Nsis-ay,post_first_temporal_gain_regression_positive_stop,frozen_gain_model,,,2000,1126,0,4,-4,0,0,200,1800,1.563,0.563,-0.002,0.9,
malware:Nsis-ay,probability_only_gain_classifier,frozen_gain_model,1.0,1.0,2000,0,0,0,0,0,0,196,1804,1.0,0.0,0.0,0.902,
malware:Nsis-ay,probability_only_gain_classifier,frozen_gain_model,1.1,1.1,2000,27,0,4,-4,0,0,200,1800,1.0135,0.0135,-0.002,0.9,
malware:Nsis-ay,probability_only_gain_classifier,frozen_gain_model,1.25,1.25,2000,46,0,4,-4,0,0,200,1800,1.023,0.023,-0.002,0.9,
malware:Nsis-ay,probability_only_gain_classifier,frozen_gain_model,1.5,1.5,2000,79,0,4,-4,0,0,200,1800,1.0395,0.0395,-0.002,0.9,
malware:Nsis-ay,probability_only_gain_classifier,frozen_gain_model,2.0,2.0,2000,2000,0,5,-5,0,0,201,1799,2.0,1.0,-0.0025,0.8995,
malware:Nsis-ay,probability_only_gain_classifier_positive_stop,frozen_gain_model,,,2000,18,0,4,-4,0,0,200,1800,1.009,0.009,-0.002,0.9,
malware:Nsis-ay,probability_only_gain_regression,frozen_gain_model,1.0,1.0,2000,0,0,0,0,0,0,196,1804,1.0,0.0,0.0,0.902,
malware:Nsis-ay,probability_only_gain_regression,frozen_gain_model,1.1,1.1,2000,357,0,4,-4,0,0,200,1800,1.1785,0.1785,-0.002,0.9,
malware:Nsis-ay,probability_only_gain_regression,frozen_gain_model,1.25,1.25,2000,934,0,4,-4,0,0,200,1800,1.467,0.467,-0.002,0.9,
malware:Nsis-ay,probability_only_gain_regression,frozen_gain_model,1.5,1.5,2000,1768,0,5,-5,0,0,201,1799,1.884,0.884,-0.0025,0.8995,
malware:Nsis-ay,probability_only_gain_regression,frozen_gain_model,2.0,2.0,2000,2000,0,5,-5,0,0,201,1799,2.0,1.0,-0.0025,0.8995,
malware:Nsis-ay,probability_only_gain_regression_positive_stop,frozen_gain_model,,,2000,1764,0,5,-5,0,0,201,1799,1.8820000000000001,0.882,-0.0025,0.8995,
malware:Shifu,all_average,frozen_rule,1.0,1.0,2000,2000,0,0,0,0,0,0,2000,2.0,1.0,0.0,1.0,
malware:Shifu,all_average,frozen_rule,1.1,1.1,2000,2000,0,0,0,0,0,0,2000,2.0,1.0,0.0,1.0,
malware:Shifu,all_average,frozen_rule,1.25,1.25,2000,2000,0,0,0,0,0,0,2000,2.0,1.0,0.0,1.0,
malware:Shifu,all_average,frozen_rule,1.5,1.5,2000,2000,0,0,0,0,0,0,2000,2.0,1.0,0.0,1.0,
malware:Shifu,all_average,frozen_rule,2.0,2.0,2000,2000,0,0,0,0,0,0,2000,2.0,1.0,0.0,1.0,
malware:Shifu,confidence_budget,frozen_rule,1.0,1.0,2000,0,0,0,0,0,0,0,2000,1.0,0.0,0.0,1.0,
malware:Shifu,confidence_budget,frozen_rule,1.1,1.1,2000,160,0,0,0,0,0,0,2000,1.08,0.08,0.0,1.0,
malware:Shifu,confidence_budget,frozen_rule,1.25,1.25,2000,160,0,0,0,0,0,0,2000,1.08,0.08,0.0,1.0,
malware:Shifu,confidence_budget,frozen_rule,1.5,1.5,2000,836,0,0,0,0,0,0,2000,1.418,0.418,0.0,1.0,
malware:Shifu,confidence_budget,frozen_rule,2.0,2.0,2000,2000,0,0,0,0,0,0,2000,2.0,1.0,0.0,1.0,
malware:Shifu,first_stats,frozen_rule,1.0,1.0,2000,0,0,1,-1,0,0,1,1999,1.0,0.0,-0.0005,0.9995,
malware:Shifu,first_stats,frozen_rule,1.1,1.1,2000,0,0,1,-1,0,0,1,1999,1.0,0.0,-0.0005,0.9995,
malware:Shifu,first_stats,frozen_rule,1.25,1.25,2000,0,0,1,-1,0,0,1,1999,1.0,0.0,-0.0005,0.9995,
malware:Shifu,first_stats,frozen_rule,1.5,1.5,2000,0,0,1,-1,0,0,1,1999,1.0,0.0,-0.0005,0.9995,
malware:Shifu,first_stats,frozen_rule,2.0,2.0,2000,0,0,1,-1,0,0,1,1999,1.0,0.0,-0.0005,0.9995,
malware:Shifu,first_temporal,frozen_rule,1.0,1.0,2000,0,0,0,0,0,0,0,2000,1.0,0.0,0.0,1.0,
malware:Shifu,first_temporal,frozen_rule,1.1,1.1,2000,0,0,0,0,0,0,0,2000,1.0,0.0,0.0,1.0,
malware:Shifu,first_temporal,frozen_rule,1.25,1.25,2000,0,0,0,0,0,0,0,2000,1.0,0.0,0.0,1.0,
malware:Shifu,first_temporal,frozen_rule,1.5,1.5,2000,0,0,0,0,0,0,0,2000,1.0,0.0,0.0,1.0,
malware:Shifu,first_temporal,frozen_rule,2.0,2.0,2000,0,0,0,0,0,0,0,2000,1.0,0.0,0.0,1.0,
malware:Shifu,hashrandom_budget,frozen_rule,1.0,1.0,2000,0,0,0,0,0,0,0,2000,1.0,0.0,0.0,1.0,
malware:Shifu,hashrandom_budget,frozen_rule,1.1,1.1,2000,224,0,0,0,0,0,0,2000,1.112,0.112,0.0,1.0,
malware:Shifu,hashrandom_budget,frozen_rule,1.25,1.25,2000,528,0,0,0,0,0,0,2000,1.264,0.264,0.0,1.0,
malware:Shifu,hashrandom_budget,frozen_rule,1.5,1.5,2000,1031,0,0,0,0,0,0,2000,1.5154999999999998,0.5155,0.0,1.0,
malware:Shifu,hashrandom_budget,frozen_rule,2.0,2.0,2000,2000,0,0,0,0,0,0,2000,2.0,1.0,0.0,1.0,
malware:Shifu,post_first_temporal_gain_classifier,frozen_gain_model,1.0,1.0,2000,0,0,0,0,0,0,0,2000,1.0,0.0,0.0,1.0,
malware:Shifu,post_first_temporal_gain_classifier,frozen_gain_model,1.1,1.1,2000,351,0,0,0,0,0,0,2000,1.1755,0.1755,0.0,1.0,
malware:Shifu,post_first_temporal_gain_classifier,frozen_gain_model,1.25,1.25,2000,461,0,0,0,0,0,0,2000,1.2305,0.2305,0.0,1.0,
malware:Shifu,post_first_temporal_gain_classifier,frozen_gain_model,1.5,1.5,2000,461,0,0,0,0,0,0,2000,1.2305,0.2305,0.0,1.0,
malware:Shifu,post_first_temporal_gain_classifier,frozen_gain_model,2.0,2.0,2000,2000,0,0,0,0,0,0,2000,2.0,1.0,0.0,1.0,
malware:Shifu,post_first_temporal_gain_classifier_positive_stop,frozen_gain_model,,,2000,6,0,0,0,0,0,0,2000,1.003,0.003,0.0,1.0,
malware:Shifu,post_first_temporal_gain_regression,frozen_gain_model,1.0,1.0,2000,0,0,0,0,0,0,0,2000,1.0,0.0,0.0,1.0,
malware:Shifu,post_first_temporal_gain_regression,frozen_gain_model,1.1,1.1,2000,16,0,0,0,0,0,0,2000,1.008,0.008,0.0,1.0,
malware:Shifu,post_first_temporal_gain_regression,frozen_gain_model,1.25,1.25,2000,45,0,0,0,0,0,0,2000,1.0225,0.0225,0.0,1.0,
malware:Shifu,post_first_temporal_gain_regression,frozen_gain_model,1.5,1.5,2000,90,0,0,0,0,0,0,2000,1.045,0.045,0.0,1.0,
malware:Shifu,post_first_temporal_gain_regression,frozen_gain_model,2.0,2.0,2000,2000,0,0,0,0,0,0,2000,2.0,1.0,0.0,1.0,
malware:Shifu,post_first_temporal_gain_regression_positive_stop,frozen_gain_model,,,2000,45,0,0,0,0,0,0,2000,1.0225,0.0225,0.0,1.0,
malware:Shifu,probability_only_gain_classifier,frozen_gain_model,1.0,1.0,2000,0,0,0,0,0,0,0,2000,1.0,0.0,0.0,1.0,
malware:Shifu,probability_only_gain_classifier,frozen_gain_model,1.1,1.1,2000,5,0,0,0,0,0,0,2000,1.0025,0.0025,0.0,1.0,
malware:Shifu,probability_only_gain_classifier,frozen_gain_model,1.25,1.25,2000,5,0,0,0,0,0,0,2000,1.0025,0.0025,0.0,1.0,
malware:Shifu,probability_only_gain_classifier,frozen_gain_model,1.5,1.5,2000,147,0,0,0,0,0,0,2000,1.0735,0.0735,0.0,1.0,
malware:Shifu,probability_only_gain_classifier,frozen_gain_model,2.0,2.0,2000,2000,0,0,0,0,0,0,2000,2.0,1.0,0.0,1.0,
malware:Shifu,probability_only_gain_classifier_positive_stop,frozen_gain_model,,,2000,5,0,0,0,0,0,0,2000,1.0025,0.0025,0.0,1.0,
malware:Shifu,probability_only_gain_regression,frozen_gain_model,1.0,1.0,2000,0,0,0,0,0,0,0,2000,1.0,0.0,0.0,1.0,
malware:Shifu,probability_only_gain_regression,frozen_gain_model,1.1,1.1,2000,222,0,0,0,0,0,0,2000,1.111,0.111,0.0,1.0,
malware:Shifu,probability_only_gain_regression,frozen_gain_model,1.25,1.25,2000,809,0,0,0,0,0,0,2000,1.4045,0.4045,0.0,1.0,
malware:Shifu,probability_only_gain_regression,frozen_gain_model,1.5,1.5,2000,1794,0,0,0,0,0,0,2000,1.897,0.897,0.0,1.0,
malware:Shifu,probability_only_gain_regression,frozen_gain_model,2.0,2.0,2000,2000,0,0,0,0,0,0,2000,2.0,1.0,0.0,1.0,
malware:Shifu,probability_only_gain_regression_positive_stop,frozen_gain_model,,,2000,75,0,0,0,0,0,0,2000,1.0375,0.0375,0.0,1.0,
malware:Tinba,all_average,frozen_rule,1.0,1.0,2000,2000,0,0,0,0,0,0,2000,2.0,1.0,0.0,1.0,
malware:Tinba,all_average,frozen_rule,1.1,1.1,2000,2000,0,0,0,0,0,0,2000,2.0,1.0,0.0,1.0,
malware:Tinba,all_average,frozen_rule,1.25,1.25,2000,2000,0,0,0,0,0,0,2000,2.0,1.0,0.0,1.0,
malware:Tinba,all_average,frozen_rule,1.5,1.5,2000,2000,0,0,0,0,0,0,2000,2.0,1.0,0.0,1.0,
malware:Tinba,all_average,frozen_rule,2.0,2.0,2000,2000,0,0,0,0,0,0,2000,2.0,1.0,0.0,1.0,
malware:Tinba,confidence_budget,frozen_rule,1.0,1.0,2000,0,0,0,0,0,0,0,2000,1.0,0.0,0.0,1.0,
malware:Tinba,confidence_budget,frozen_rule,1.1,1.1,2000,1,0,0,0,0,0,0,2000,1.0005,0.0005,0.0,1.0,
malware:Tinba,confidence_budget,frozen_rule,1.25,1.25,2000,1138,0,0,0,0,0,0,2000,1.569,0.569,0.0,1.0,
malware:Tinba,confidence_budget,frozen_rule,1.5,1.5,2000,1977,0,0,0,0,0,0,2000,1.9885000000000002,0.9885,0.0,1.0,
malware:Tinba,confidence_budget,frozen_rule,2.0,2.0,2000,2000,0,0,0,0,0,0,2000,2.0,1.0,0.0,1.0,
malware:Tinba,first_stats,frozen_rule,1.0,1.0,2000,0,0,54,-54,0,0,54,1946,1.0,0.0,-0.027,0.973,
malware:Tinba,first_stats,frozen_rule,1.1,1.1,2000,0,0,54,-54,0,0,54,1946,1.0,0.0,-0.027,0.973,
malware:Tinba,first_stats,frozen_rule,1.25,1.25,2000,0,0,54,-54,0,0,54,1946,1.0,0.0,-0.027,0.973,
malware:Tinba,first_stats,frozen_rule,1.5,1.5,2000,0,0,54,-54,0,0,54,1946,1.0,0.0,-0.027,0.973,
malware:Tinba,first_stats,frozen_rule,2.0,2.0,2000,0,0,54,-54,0,0,54,1946,1.0,0.0,-0.027,0.973,
malware:Tinba,first_temporal,frozen_rule,1.0,1.0,2000,0,0,0,0,0,0,0,2000,1.0,0.0,0.0,1.0,
malware:Tinba,first_temporal,frozen_rule,1.1,1.1,2000,0,0,0,0,0,0,0,2000,1.0,0.0,0.0,1.0,
malware:Tinba,first_temporal,frozen_rule,1.25,1.25,2000,0,0,0,0,0,0,0,2000,1.0,0.0,0.0,1.0,
malware:Tinba,first_temporal,frozen_rule,1.5,1.5,2000,0,0,0,0,0,0,0,2000,1.0,0.0,0.0,1.0,
malware:Tinba,first_temporal,frozen_rule,2.0,2.0,2000,0,0,0,0,0,0,0,2000,1.0,0.0,0.0,1.0,
malware:Tinba,hashrandom_budget,frozen_rule,1.0,1.0,2000,0,0,0,0,0,0,0,2000,1.0,0.0,0.0,1.0,
malware:Tinba,hashrandom_budget,frozen_rule,1.1,1.1,2000,202,0,0,0,0,0,0,2000,1.101,0.101,0.0,1.0,
malware:Tinba,hashrandom_budget,frozen_rule,1.25,1.25,2000,463,0,0,0,0,0,0,2000,1.2315,0.2315,0.0,1.0,
malware:Tinba,hashrandom_budget,frozen_rule,1.5,1.5,2000,979,0,0,0,0,0,0,2000,1.4895,0.4895,0.0,1.0,
malware:Tinba,hashrandom_budget,frozen_rule,2.0,2.0,2000,2000,0,0,0,0,0,0,2000,2.0,1.0,0.0,1.0,
malware:Tinba,post_first_temporal_gain_classifier,frozen_gain_model,1.0,1.0,2000,0,0,0,0,0,0,0,2000,1.0,0.0,0.0,1.0,
malware:Tinba,post_first_temporal_gain_classifier,frozen_gain_model,1.1,1.1,2000,238,0,0,0,0,0,0,2000,1.119,0.119,0.0,1.0,
malware:Tinba,post_first_temporal_gain_classifier,frozen_gain_model,1.25,1.25,2000,245,0,0,0,0,0,0,2000,1.1225,0.1225,0.0,1.0,
malware:Tinba,post_first_temporal_gain_classifier,frozen_gain_model,1.5,1.5,2000,258,0,0,0,0,0,0,2000,1.129,0.129,0.0,1.0,
malware:Tinba,post_first_temporal_gain_classifier,frozen_gain_model,2.0,2.0,2000,2000,0,0,0,0,0,0,2000,2.0,1.0,0.0,1.0,
malware:Tinba,post_first_temporal_gain_classifier_positive_stop,frozen_gain_model,,,2000,256,0,0,0,0,0,0,2000,1.1280000000000001,0.128,0.0,1.0,
malware:Tinba,post_first_temporal_gain_regression,frozen_gain_model,1.0,1.0,2000,0,0,0,0,0,0,0,2000,1.0,0.0,0.0,1.0,
malware:Tinba,post_first_temporal_gain_regression,frozen_gain_model,1.1,1.1,2000,1,0,0,0,0,0,0,2000,1.0005,0.0005,0.0,1.0,
malware:Tinba,post_first_temporal_gain_regression,frozen_gain_model,1.25,1.25,2000,469,0,0,0,0,0,0,2000,1.2345,0.2345,0.0,1.0,
malware:Tinba,post_first_temporal_gain_regression,frozen_gain_model,1.5,1.5,2000,1998,0,0,0,0,0,0,2000,1.999,0.999,0.0,1.0,
malware:Tinba,post_first_temporal_gain_regression,frozen_gain_model,2.0,2.0,2000,2000,0,0,0,0,0,0,2000,2.0,1.0,0.0,1.0,
malware:Tinba,post_first_temporal_gain_regression_positive_stop,frozen_gain_model,,,2000,1999,0,0,0,0,0,0,2000,1.9995,0.9995,0.0,1.0,
malware:Tinba,probability_only_gain_classifier,frozen_gain_model,1.0,1.0,2000,0,0,0,0,0,0,0,2000,1.0,0.0,0.0,1.0,
malware:Tinba,probability_only_gain_classifier,frozen_gain_model,1.1,1.1,2000,178,0,0,0,0,0,0,2000,1.089,0.089,0.0,1.0,
malware:Tinba,probability_only_gain_classifier,frozen_gain_model,1.25,1.25,2000,854,0,0,0,0,0,0,2000,1.427,0.427,0.0,1.0,
malware:Tinba,probability_only_gain_classifier,frozen_gain_model,1.5,1.5,2000,2000,0,0,0,0,0,0,2000,2.0,1.0,0.0,1.0,
malware:Tinba,probability_only_gain_classifier,frozen_gain_model,2.0,2.0,2000,2000,0,0,0,0,0,0,2000,2.0,1.0,0.0,1.0,
malware:Tinba,probability_only_gain_classifier_positive_stop,frozen_gain_model,,,2000,2000,0,0,0,0,0,0,2000,2.0,1.0,0.0,1.0,
malware:Tinba,probability_only_gain_regression,frozen_gain_model,1.0,1.0,2000,0,0,0,0,0,0,0,2000,1.0,0.0,0.0,1.0,
malware:Tinba,probability_only_gain_regression,frozen_gain_model,1.1,1.1,2000,178,0,0,0,0,0,0,2000,1.089,0.089,0.0,1.0,
malware:Tinba,probability_only_gain_regression,frozen_gain_model,1.25,1.25,2000,854,0,0,0,0,0,0,2000,1.427,0.427,0.0,1.0,
malware:Tinba,probability_only_gain_regression,frozen_gain_model,1.5,1.5,2000,2000,0,0,0,0,0,0,2000,2.0,1.0,0.0,1.0,
malware:Tinba,probability_only_gain_regression,frozen_gain_model,2.0,2.0,2000,2000,0,0,0,0,0,0,2000,2.0,1.0,0.0,1.0,
malware:Tinba,probability_only_gain_regression_positive_stop,frozen_gain_model,,,2000,2000,0,0,0,0,0,0,2000,2.0,1.0,0.0,1.0,
malware:Virut,all_average,frozen_rule,1.0,1.0,2000,2000,0,51,-51,0,0,55,1945,2.0,1.0,-0.0255,0.9725,
malware:Virut,all_average,frozen_rule,1.1,1.1,2000,2000,0,51,-51,0,0,55,1945,2.0,1.0,-0.0255,0.9725,
malware:Virut,all_average,frozen_rule,1.25,1.25,2000,2000,0,51,-51,0,0,55,1945,2.0,1.0,-0.0255,0.9725,
malware:Virut,all_average,frozen_rule,1.5,1.5,2000,2000,0,51,-51,0,0,55,1945,2.0,1.0,-0.0255,0.9725,
malware:Virut,all_average,frozen_rule,2.0,2.0,2000,2000,0,51,-51,0,0,55,1945,2.0,1.0,-0.0255,0.9725,
malware:Virut,confidence_budget,frozen_rule,1.0,1.0,2000,0,0,0,0,0,0,4,1996,1.0,0.0,0.0,0.998,
malware:Virut,confidence_budget,frozen_rule,1.1,1.1,2000,102,0,50,-50,0,0,54,1946,1.051,0.051,-0.025,0.973,
malware:Virut,confidence_budget,frozen_rule,1.25,1.25,2000,136,0,51,-51,0,0,55,1945,1.068,0.068,-0.0255,0.9725,
malware:Virut,confidence_budget,frozen_rule,1.5,1.5,2000,1794,0,51,-51,0,0,55,1945,1.897,0.897,-0.0255,0.9725,
malware:Virut,confidence_budget,frozen_rule,2.0,2.0,2000,2000,0,51,-51,0,0,55,1945,2.0,1.0,-0.0255,0.9725,
malware:Virut,first_stats,frozen_rule,1.0,1.0,2000,0,0,67,-67,0,0,71,1929,1.0,0.0,-0.0335,0.9645,
malware:Virut,first_stats,frozen_rule,1.1,1.1,2000,0,0,67,-67,0,0,71,1929,1.0,0.0,-0.0335,0.9645,
malware:Virut,first_stats,frozen_rule,1.25,1.25,2000,0,0,67,-67,0,0,71,1929,1.0,0.0,-0.0335,0.9645,
malware:Virut,first_stats,frozen_rule,1.5,1.5,2000,0,0,67,-67,0,0,71,1929,1.0,0.0,-0.0335,0.9645,
malware:Virut,first_stats,frozen_rule,2.0,2.0,2000,0,0,67,-67,0,0,71,1929,1.0,0.0,-0.0335,0.9645,
malware:Virut,first_temporal,frozen_rule,1.0,1.0,2000,0,0,0,0,0,0,4,1996,1.0,0.0,0.0,0.998,
malware:Virut,first_temporal,frozen_rule,1.1,1.1,2000,0,0,0,0,0,0,4,1996,1.0,0.0,0.0,0.998,
malware:Virut,first_temporal,frozen_rule,1.25,1.25,2000,0,0,0,0,0,0,4,1996,1.0,0.0,0.0,0.998,
malware:Virut,first_temporal,frozen_rule,1.5,1.5,2000,0,0,0,0,0,0,4,1996,1.0,0.0,0.0,0.998,
malware:Virut,first_temporal,frozen_rule,2.0,2.0,2000,0,0,0,0,0,0,4,1996,1.0,0.0,0.0,0.998,
malware:Virut,hashrandom_budget,frozen_rule,1.0,1.0,2000,0,0,0,0,0,0,4,1996,1.0,0.0,0.0,0.998,
malware:Virut,hashrandom_budget,frozen_rule,1.1,1.1,2000,217,0,8,-8,0,0,12,1988,1.1085,0.1085,-0.004,0.994,
malware:Virut,hashrandom_budget,frozen_rule,1.25,1.25,2000,507,0,14,-14,0,0,18,1982,1.2535,0.2535,-0.007,0.991,
malware:Virut,hashrandom_budget,frozen_rule,1.5,1.5,2000,1004,0,24,-24,0,0,28,1972,1.502,0.502,-0.012,0.986,
malware:Virut,hashrandom_budget,frozen_rule,2.0,2.0,2000,2000,0,51,-51,0,0,55,1945,2.0,1.0,-0.0255,0.9725,
malware:Virut,post_first_temporal_gain_classifier,frozen_gain_model,1.0,1.0,2000,0,0,0,0,0,0,4,1996,1.0,0.0,0.0,0.998,
malware:Virut,post_first_temporal_gain_classifier,frozen_gain_model,1.1,1.1,2000,553,0,50,-50,0,0,54,1946,1.2765,0.2765,-0.025,0.973,
malware:Virut,post_first_temporal_gain_classifier,frozen_gain_model,1.25,1.25,2000,1753,0,50,-50,0,0,54,1946,1.8765,0.8765,-0.025,0.973,
malware:Virut,post_first_temporal_gain_classifier,frozen_gain_model,1.5,1.5,2000,1930,0,51,-51,0,0,55,1945,1.9649999999999999,0.965,-0.0255,0.9725,
malware:Virut,post_first_temporal_gain_classifier,frozen_gain_model,2.0,2.0,2000,2000,0,51,-51,0,0,55,1945,2.0,1.0,-0.0255,0.9725,
malware:Virut,post_first_temporal_gain_classifier_positive_stop,frozen_gain_model,,,2000,57,0,50,-50,0,0,54,1946,1.0285,0.0285,-0.025,0.973,
malware:Virut,post_first_temporal_gain_regression,frozen_gain_model,1.0,1.0,2000,0,0,0,0,0,0,4,1996,1.0,0.0,0.0,0.998,
malware:Virut,post_first_temporal_gain_regression,frozen_gain_model,1.1,1.1,2000,104,0,50,-50,0,0,54,1946,1.052,0.052,-0.025,0.973,
malware:Virut,post_first_temporal_gain_regression,frozen_gain_model,1.25,1.25,2000,420,0,50,-50,0,0,54,1946,1.21,0.21,-0.025,0.973,
malware:Virut,post_first_temporal_gain_regression,frozen_gain_model,1.5,1.5,2000,1973,0,50,-50,0,0,54,1946,1.9865,0.9865,-0.025,0.973,
malware:Virut,post_first_temporal_gain_regression,frozen_gain_model,2.0,2.0,2000,2000,0,51,-51,0,0,55,1945,2.0,1.0,-0.0255,0.9725,
malware:Virut,post_first_temporal_gain_regression_positive_stop,frozen_gain_model,,,2000,117,0,50,-50,0,0,54,1946,1.0585,0.0585,-0.025,0.973,
malware:Virut,probability_only_gain_classifier,frozen_gain_model,1.0,1.0,2000,0,0,0,0,0,0,4,1996,1.0,0.0,0.0,0.998,
malware:Virut,probability_only_gain_classifier,frozen_gain_model,1.1,1.1,2000,8,0,2,-2,0,0,6,1994,1.004,0.004,-0.001,0.997,
malware:Virut,probability_only_gain_classifier,frozen_gain_model,1.25,1.25,2000,9,0,2,-2,0,0,6,1994,1.0045,0.0045,-0.001,0.997,
malware:Virut,probability_only_gain_classifier,frozen_gain_model,1.5,1.5,2000,11,0,2,-2,0,0,6,1994,1.0055,0.0055,-0.001,0.997,
malware:Virut,probability_only_gain_classifier,frozen_gain_model,2.0,2.0,2000,2000,0,51,-51,0,0,55,1945,2.0,1.0,-0.0255,0.9725,
malware:Virut,probability_only_gain_classifier_positive_stop,frozen_gain_model,,,2000,7,0,2,-2,0,0,6,1994,1.0035,0.0035,-0.001,0.997,
malware:Virut,probability_only_gain_regression,frozen_gain_model,1.0,1.0,2000,0,0,0,0,0,0,4,1996,1.0,0.0,0.0,0.998,
malware:Virut,probability_only_gain_regression,frozen_gain_model,1.1,1.1,2000,359,0,2,-2,0,0,6,1994,1.1795,0.1795,-0.001,0.997,
malware:Virut,probability_only_gain_regression,frozen_gain_model,1.25,1.25,2000,982,0,3,-3,0,0,7,1993,1.491,0.491,-0.0015,0.9965,
malware:Virut,probability_only_gain_regression,frozen_gain_model,1.5,1.5,2000,1924,0,3,-3,0,0,7,1993,1.962,0.962,-0.0015,0.9965,
malware:Virut,probability_only_gain_regression,frozen_gain_model,2.0,2.0,2000,2000,0,51,-51,0,0,55,1945,2.0,1.0,-0.0255,0.9725,
malware:Virut,probability_only_gain_regression_positive_stop,frozen_gain_model,,,2000,1924,0,3,-3,0,0,7,1993,1.962,0.962,-0.0015,0.9965,
malware:Zeus,all_average,frozen_rule,1.0,1.0,2000,2000,0,0,0,0,0,1,1999,2.0,1.0,0.0,0.9995,
malware:Zeus,all_average,frozen_rule,1.1,1.1,2000,2000,0,0,0,0,0,1,1999,2.0,1.0,0.0,0.9995,
malware:Zeus,all_average,frozen_rule,1.25,1.25,2000,2000,0,0,0,0,0,1,1999,2.0,1.0,0.0,0.9995,
malware:Zeus,all_average,frozen_rule,1.5,1.5,2000,2000,0,0,0,0,0,1,1999,2.0,1.0,0.0,0.9995,
malware:Zeus,all_average,frozen_rule,2.0,2.0,2000,2000,0,0,0,0,0,1,1999,2.0,1.0,0.0,0.9995,
malware:Zeus,confidence_budget,frozen_rule,1.0,1.0,2000,0,0,0,0,0,0,1,1999,1.0,0.0,0.0,0.9995,
malware:Zeus,confidence_budget,frozen_rule,1.1,1.1,2000,486,0,0,0,0,0,1,1999,1.2429999999999999,0.243,0.0,0.9995,
malware:Zeus,confidence_budget,frozen_rule,1.25,1.25,2000,527,0,0,0,0,0,1,1999,1.2635,0.2635,0.0,0.9995,
malware:Zeus,confidence_budget,frozen_rule,1.5,1.5,2000,579,0,0,0,0,0,1,1999,1.2894999999999999,0.2895,0.0,0.9995,
malware:Zeus,confidence_budget,frozen_rule,2.0,2.0,2000,2000,0,0,0,0,0,1,1999,2.0,1.0,0.0,0.9995,
malware:Zeus,first_stats,frozen_rule,1.0,1.0,2000,0,0,4,-4,0,0,5,1995,1.0,0.0,-0.002,0.9975,
malware:Zeus,first_stats,frozen_rule,1.1,1.1,2000,0,0,4,-4,0,0,5,1995,1.0,0.0,-0.002,0.9975,
malware:Zeus,first_stats,frozen_rule,1.25,1.25,2000,0,0,4,-4,0,0,5,1995,1.0,0.0,-0.002,0.9975,
malware:Zeus,first_stats,frozen_rule,1.5,1.5,2000,0,0,4,-4,0,0,5,1995,1.0,0.0,-0.002,0.9975,
malware:Zeus,first_stats,frozen_rule,2.0,2.0,2000,0,0,4,-4,0,0,5,1995,1.0,0.0,-0.002,0.9975,
malware:Zeus,first_temporal,frozen_rule,1.0,1.0,2000,0,0,0,0,0,0,1,1999,1.0,0.0,0.0,0.9995,
malware:Zeus,first_temporal,frozen_rule,1.1,1.1,2000,0,0,0,0,0,0,1,1999,1.0,0.0,0.0,0.9995,
malware:Zeus,first_temporal,frozen_rule,1.25,1.25,2000,0,0,0,0,0,0,1,1999,1.0,0.0,0.0,0.9995,
malware:Zeus,first_temporal,frozen_rule,1.5,1.5,2000,0,0,0,0,0,0,1,1999,1.0,0.0,0.0,0.9995,
malware:Zeus,first_temporal,frozen_rule,2.0,2.0,2000,0,0,0,0,0,0,1,1999,1.0,0.0,0.0,0.9995,
malware:Zeus,hashrandom_budget,frozen_rule,1.0,1.0,2000,0,0,0,0,0,0,1,1999,1.0,0.0,0.0,0.9995,
malware:Zeus,hashrandom_budget,frozen_rule,1.1,1.1,2000,198,0,0,0,0,0,1,1999,1.099,0.099,0.0,0.9995,
malware:Zeus,hashrandom_budget,frozen_rule,1.25,1.25,2000,521,0,0,0,0,0,1,1999,1.2605,0.2605,0.0,0.9995,
malware:Zeus,hashrandom_budget,frozen_rule,1.5,1.5,2000,1036,0,0,0,0,0,1,1999,1.518,0.518,0.0,0.9995,
malware:Zeus,hashrandom_budget,frozen_rule,2.0,2.0,2000,2000,0,0,0,0,0,1,1999,2.0,1.0,0.0,0.9995,
malware:Zeus,post_first_temporal_gain_classifier,frozen_gain_model,1.0,1.0,2000,0,0,0,0,0,0,1,1999,1.0,0.0,0.0,0.9995,
malware:Zeus,post_first_temporal_gain_classifier,frozen_gain_model,1.1,1.1,2000,234,0,0,0,0,0,1,1999,1.117,0.117,0.0,0.9995,
malware:Zeus,post_first_temporal_gain_classifier,frozen_gain_model,1.25,1.25,2000,1269,0,0,0,0,0,1,1999,1.6345,0.6345,0.0,0.9995,
malware:Zeus,post_first_temporal_gain_classifier,frozen_gain_model,1.5,1.5,2000,1519,0,0,0,0,0,1,1999,1.7595,0.7595,0.0,0.9995,
malware:Zeus,post_first_temporal_gain_classifier,frozen_gain_model,2.0,2.0,2000,2000,0,0,0,0,0,1,1999,2.0,1.0,0.0,0.9995,
malware:Zeus,post_first_temporal_gain_classifier_positive_stop,frozen_gain_model,,,2000,1504,0,0,0,0,0,1,1999,1.752,0.752,0.0,0.9995,
malware:Zeus,post_first_temporal_gain_regression,frozen_gain_model,1.0,1.0,2000,0,0,0,0,0,0,1,1999,1.0,0.0,0.0,0.9995,
malware:Zeus,post_first_temporal_gain_regression,frozen_gain_model,1.1,1.1,2000,515,0,0,0,0,0,1,1999,1.2575,0.2575,0.0,0.9995,
malware:Zeus,post_first_temporal_gain_regression,frozen_gain_model,1.25,1.25,2000,517,0,0,0,0,0,1,1999,1.2585,0.2585,0.0,0.9995,
malware:Zeus,post_first_temporal_gain_regression,frozen_gain_model,1.5,1.5,2000,517,0,0,0,0,0,1,1999,1.2585,0.2585,0.0,0.9995,
malware:Zeus,post_first_temporal_gain_regression,frozen_gain_model,2.0,2.0,2000,2000,0,0,0,0,0,1,1999,2.0,1.0,0.0,0.9995,
malware:Zeus,post_first_temporal_gain_regression_positive_stop,frozen_gain_model,,,2000,1966,0,0,0,0,0,1,1999,1.983,0.983,0.0,0.9995,
malware:Zeus,probability_only_gain_classifier,frozen_gain_model,1.0,1.0,2000,0,0,0,0,0,0,1,1999,1.0,0.0,0.0,0.9995,
malware:Zeus,probability_only_gain_classifier,frozen_gain_model,1.1,1.1,2000,622,0,0,0,0,0,1,1999,1.311,0.311,0.0,0.9995,
malware:Zeus,probability_only_gain_classifier,frozen_gain_model,1.25,1.25,2000,1146,0,0,0,0,0,1,1999,1.573,0.573,0.0,0.9995,
malware:Zeus,probability_only_gain_classifier,frozen_gain_model,1.5,1.5,2000,1998,0,0,0,0,0,1,1999,1.999,0.999,0.0,0.9995,
malware:Zeus,probability_only_gain_classifier,frozen_gain_model,2.0,2.0,2000,2000,0,0,0,0,0,1,1999,2.0,1.0,0.0,0.9995,
malware:Zeus,probability_only_gain_classifier_positive_stop,frozen_gain_model,,,2000,1998,0,0,0,0,0,1,1999,1.999,0.999,0.0,0.9995,
malware:Zeus,probability_only_gain_regression,frozen_gain_model,1.0,1.0,2000,0,0,0,0,0,0,1,1999,1.0,0.0,0.0,0.9995,
malware:Zeus,probability_only_gain_regression,frozen_gain_model,1.1,1.1,2000,622,0,0,0,0,0,1,1999,1.311,0.311,0.0,0.9995,
malware:Zeus,probability_only_gain_regression,frozen_gain_model,1.25,1.25,2000,1146,0,0,0,0,0,1,1999,1.573,0.573,0.0,0.9995,
malware:Zeus,probability_only_gain_regression,frozen_gain_model,1.5,1.5,2000,1998,0,0,0,0,0,1,1999,1.999,0.999,0.0,0.9995,
malware:Zeus,probability_only_gain_regression,frozen_gain_model,2.0,2.0,2000,2000,0,0,0,0,0,1,1999,2.0,1.0,0.0,0.9995,
malware:Zeus,probability_only_gain_regression_positive_stop,frozen_gain_model,,,2000,1998,0,0,0,0,0,1,1999,1.999,0.999,0.0,0.9995,
