case_state_hash,dataset_scope,repeat,real_llm_call,valid_guarded_plan,sanitized_plan,api_latency_ms,total_tokens,error
50679a61d4b2c6711f1903bec38c2f9cbbb5489e9b4fd604e63f7d53fd7db3e1,USTC-TFC2016,1,False,False,"{""fallback"":""rule_planner"",""requests"":[],""stop"":false}",,,HTTPError
50679a61d4b2c6711f1903bec38c2f9cbbb5489e9b4fd604e63f7d53fd7db3e1,USTC-TFC2016,2,False,False,"{""fallback"":""rule_planner"",""requests"":[],""stop"":false}",,,HTTPError
50679a61d4b2c6711f1903bec38c2f9cbbb5489e9b4fd604e63f7d53fd7db3e1,USTC-TFC2016,3,False,False,"{""fallback"":""rule_planner"",""requests"":[],""stop"":false}",,,HTTPError
4731182958fb67b5b7acb598bec6bfbd71a9a5178045d58f9b2406729e6e2fa0,CICIoT2023,1,False,False,"{""fallback"":""rule_planner"",""requests"":[],""stop"":false}",,,HTTPError
4731182958fb67b5b7acb598bec6bfbd71a9a5178045d58f9b2406729e6e2fa0,CICIoT2023,2,False,False,"{""fallback"":""rule_planner"",""requests"":[],""stop"":false}",,,HTTPError
4731182958fb67b5b7acb598bec6bfbd71a9a5178045d58f9b2406729e6e2fa0,CICIoT2023,3,False,False,"{""fallback"":""rule_planner"",""requests"":[],""stop"":false}",,,HTTPError
ef0e7012eaab6f86cb84bfd19218bf7c9647ac7b69834f781195e537eb88d038,NF-IoT,1,False,False,"{""fallback"":""rule_planner"",""requests"":[],""stop"":false}",,,HTTPError
ef0e7012eaab6f86cb84bfd19218bf7c9647ac7b69834f781195e537eb88d038,NF-IoT,2,False,False,"{""fallback"":""rule_planner"",""requests"":[],""stop"":false}",,,HTTPError
ef0e7012eaab6f86cb84bfd19218bf7c9647ac7b69834f781195e537eb88d038,NF-IoT,3,False,False,"{""fallback"":""rule_planner"",""requests"":[],""stop"":false}",,,HTTPError
a9f6982bdc0cfc6208d4ca99b0764cb9bb69eed9a6b5ff120245022b46724b7b,NF-IoT,1,False,False,"{""fallback"":""rule_planner"",""requests"":[],""stop"":false}",,,HTTPError
a9f6982bdc0cfc6208d4ca99b0764cb9bb69eed9a6b5ff120245022b46724b7b,NF-IoT,2,False,False,"{""fallback"":""rule_planner"",""requests"":[],""stop"":false}",,,HTTPError
a9f6982bdc0cfc6208d4ca99b0764cb9bb69eed9a6b5ff120245022b46724b7b,NF-IoT,3,False,False,"{""fallback"":""rule_planner"",""requests"":[],""stop"":false}",,,HTTPError
2411f81233861b864df6c6f784d7473ab676f5601b129637dbf42ac6af07329e,USTC-TFC2016,1,False,False,"{""fallback"":""rule_planner"",""requests"":[],""stop"":false}",,,HTTPError
2411f81233861b864df6c6f784d7473ab676f5601b129637dbf42ac6af07329e,USTC-TFC2016,2,False,False,"{""fallback"":""rule_planner"",""requests"":[],""stop"":false}",,,HTTPError
2411f81233861b864df6c6f784d7473ab676f5601b129637dbf42ac6af07329e,USTC-TFC2016,3,False,False,"{""fallback"":""rule_planner"",""requests"":[],""stop"":false}",,,HTTPError
f7faf12138ca85eae31ef7b4c863ebd4ba97f95aec9017ba575f37861a93b1bd,USTC-TFC2016,1,False,False,"{""fallback"":""rule_planner"",""requests"":[],""stop"":false}",,,HTTPError
f7faf12138ca85eae31ef7b4c863ebd4ba97f95aec9017ba575f37861a93b1bd,USTC-TFC2016,2,False,False,"{""fallback"":""rule_planner"",""requests"":[],""stop"":false}",,,HTTPError
f7faf12138ca85eae31ef7b4c863ebd4ba97f95aec9017ba575f37861a93b1bd,USTC-TFC2016,3,False,False,"{""fallback"":""rule_planner"",""requests"":[],""stop"":false}",,,HTTPError
9cf281ff62efb6c8e8a26e980283c1cea7a10cce24d56b37c8f3aa97bc1cc74e,NF-IoT,1,False,False,"{""fallback"":""rule_planner"",""requests"":[],""stop"":false}",,,HTTPError
9cf281ff62efb6c8e8a26e980283c1cea7a10cce24d56b37c8f3aa97bc1cc74e,NF-IoT,2,False,False,"{""fallback"":""rule_planner"",""requests"":[],""stop"":false}",,,HTTPError
9cf281ff62efb6c8e8a26e980283c1cea7a10cce24d56b37c8f3aa97bc1cc74e,NF-IoT,3,False,False,"{""fallback"":""rule_planner"",""requests"":[],""stop"":false}",,,HTTPError
4faa6a1fca0acfa04c5fea25d1e1172206ecfc5c71bd32691908f04040129679,CICIoT2023,1,False,False,"{""fallback"":""rule_planner"",""requests"":[],""stop"":false}",,,HTTPError
4faa6a1fca0acfa04c5fea25d1e1172206ecfc5c71bd32691908f04040129679,CICIoT2023,2,False,False,"{""fallback"":""rule_planner"",""requests"":[],""stop"":false}",,,HTTPError
4faa6a1fca0acfa04c5fea25d1e1172206ecfc5c71bd32691908f04040129679,CICIoT2023,3,True,True,"{""requests"":[{""budget"":1,""expected_output"":""AgentEvidence"",""purpose"":""Analyze inter-arrival timing patterns and burst characteristics to validate benign classification from volume perspective"",""requested_agent"":""TimingBehaviorAgent""}],""stop"":false}",12068.301299994346,469,
366b666f178477f3db91e2ce04245d9b73a879ff57f5e86b3a6fda1aa2fc74bb,NF-IoT,1,False,False,"{""fallback"":""rule_planner"",""requests"":[],""stop"":false}",,,HTTPError
366b666f178477f3db91e2ce04245d9b73a879ff57f5e86b3a6fda1aa2fc74bb,NF-IoT,2,False,False,"{""fallback"":""rule_planner"",""requests"":[],""stop"":false}",,,HTTPError
366b666f178477f3db91e2ce04245d9b73a879ff57f5e86b3a6fda1aa2fc74bb,NF-IoT,3,False,False,"{""fallback"":""rule_planner"",""requests"":[],""stop"":false}",,,HTTPError
ad41115267b00fac324907e01538725ec46abaa1e070857055c1d03116b20688,USTC-TFC2016,1,False,False,"{""fallback"":""rule_planner"",""requests"":[],""stop"":false}",,,HTTPError
ad41115267b00fac324907e01538725ec46abaa1e070857055c1d03116b20688,USTC-TFC2016,2,False,False,"{""fallback"":""rule_planner"",""requests"":[],""stop"":false}",,,HTTPError
ad41115267b00fac324907e01538725ec46abaa1e070857055c1d03116b20688,USTC-TFC2016,3,False,False,"{""fallback"":""rule_planner"",""requests"":[],""stop"":false}",,,HTTPError
c5f60ad13f21e63f44cc16eee234f216b86befb826b7c08656490bff74431b69,NF-IoT,1,False,False,"{""fallback"":""rule_planner"",""requests"":[],""stop"":false}",,,HTTPError
c5f60ad13f21e63f44cc16eee234f216b86befb826b7c08656490bff74431b69,NF-IoT,2,False,False,"{""fallback"":""rule_planner"",""requests"":[],""stop"":false}",,,HTTPError
c5f60ad13f21e63f44cc16eee234f216b86befb826b7c08656490bff74431b69,NF-IoT,3,False,False,"{""fallback"":""rule_planner"",""requests"":[],""stop"":false}",,,HTTPError
7ab894af4066579e1585a2caac954dbcf189f30725e89e479776f80ab58f5844,NF-IoT,1,False,False,"{""fallback"":""rule_planner"",""requests"":[],""stop"":false}",,,HTTPError
7ab894af4066579e1585a2caac954dbcf189f30725e89e479776f80ab58f5844,NF-IoT,2,False,False,"{""fallback"":""rule_planner"",""requests"":[],""stop"":false}",,,HTTPError
7ab894af4066579e1585a2caac954dbcf189f30725e89e479776f80ab58f5844,NF-IoT,3,False,False,"{""fallback"":""rule_planner"",""requests"":[],""stop"":false}",,,HTTPError
5eb7b63f7582e7dea29b3468c4d0f341a106a169c76c607d524e8135c8aca070,NF-IoT,1,True,True,"{""requests"":[{""budget"":1,""expected_output"":""AgentEvidence"",""purpose"":""Analyze timing patterns to validate or challenge the high-confidence malicious volume prediction"",""requested_agent"":""TimingBehaviorAgent""}],""stop"":false}",2014.6022000117227,471,
5eb7b63f7582e7dea29b3468c4d0f341a106a169c76c607d524e8135c8aca070,NF-IoT,2,False,False,"{""fallback"":""rule_planner"",""requests"":[],""stop"":false}",,,HTTPError
5eb7b63f7582e7dea29b3468c4d0f341a106a169c76c607d524e8135c8aca070,NF-IoT,3,False,False,"{""fallback"":""rule_planner"",""requests"":[],""stop"":false}",,,HTTPError
98edd467a2b17e34866a273310de502b5fc991c649977a0443a48d553277c057,USTC-TFC2016,1,False,False,"{""fallback"":""rule_planner"",""requests"":[],""stop"":false}",,,HTTPError
98edd467a2b17e34866a273310de502b5fc991c649977a0443a48d553277c057,USTC-TFC2016,2,False,False,"{""fallback"":""rule_planner"",""requests"":[],""stop"":false}",,,HTTPError
98edd467a2b17e34866a273310de502b5fc991c649977a0443a48d553277c057,USTC-TFC2016,3,False,False,"{""fallback"":""rule_planner"",""requests"":[],""stop"":false}",,,HTTPError
c0f369ee53d56a6ad8860ba19cf5c833979d96c6a5c99da3a54ce1e8accfef5a,NF-IoT,1,False,False,"{""fallback"":""rule_planner"",""requests"":[],""stop"":false}",,,HTTPError
c0f369ee53d56a6ad8860ba19cf5c833979d96c6a5c99da3a54ce1e8accfef5a,NF-IoT,2,False,False,"{""fallback"":""rule_planner"",""requests"":[],""stop"":false}",,,HTTPError
c0f369ee53d56a6ad8860ba19cf5c833979d96c6a5c99da3a54ce1e8accfef5a,NF-IoT,3,False,False,"{""fallback"":""rule_planner"",""requests"":[],""stop"":false}",,,HTTPError
9a93962f783f7d0aff4fb5f6aee5e8ae36ac9119d12a519541f196cb553bcebb,USTC-TFC2016,1,False,False,"{""fallback"":""rule_planner"",""requests"":[],""stop"":false}",,,HTTPError
9a93962f783f7d0aff4fb5f6aee5e8ae36ac9119d12a519541f196cb553bcebb,USTC-TFC2016,2,False,False,"{""fallback"":""rule_planner"",""requests"":[],""stop"":false}",,,HTTPError
9a93962f783f7d0aff4fb5f6aee5e8ae36ac9119d12a519541f196cb553bcebb,USTC-TFC2016,3,False,False,"{""fallback"":""rule_planner"",""requests"":[],""stop"":false}",,,HTTPError
f7a61765311074d876cedda7bc6698e2939582cb55a855e191c16a78a5782660,NF-IoT,1,False,False,"{""fallback"":""rule_planner"",""requests"":[],""stop"":false}",,,HTTPError
f7a61765311074d876cedda7bc6698e2939582cb55a855e191c16a78a5782660,NF-IoT,2,False,False,"{""fallback"":""rule_planner"",""requests"":[],""stop"":false}",,,HTTPError
f7a61765311074d876cedda7bc6698e2939582cb55a855e191c16a78a5782660,NF-IoT,3,False,False,"{""fallback"":""rule_planner"",""requests"":[],""stop"":false}",,,HTTPError
02fb60988f27ecd4178afa4bb9eeacff0c1aab0bde2bb4e688d08640efe3d44e,USTC-TFC2016,1,False,False,"{""fallback"":""rule_planner"",""requests"":[],""stop"":false}",,,HTTPError
02fb60988f27ecd4178afa4bb9eeacff0c1aab0bde2bb4e688d08640efe3d44e,USTC-TFC2016,2,False,False,"{""fallback"":""rule_planner"",""requests"":[],""stop"":false}",,,HTTPError
02fb60988f27ecd4178afa4bb9eeacff0c1aab0bde2bb4e688d08640efe3d44e,USTC-TFC2016,3,False,False,"{""fallback"":""rule_planner"",""requests"":[],""stop"":false}",,,HTTPError
90efd31256a3172cbc217d631eec5fa86d9b8e5e8c6c7a47144860b4fb2f679b,USTC-TFC2016,1,False,False,"{""fallback"":""rule_planner"",""requests"":[],""stop"":false}",,,HTTPError
90efd31256a3172cbc217d631eec5fa86d9b8e5e8c6c7a47144860b4fb2f679b,USTC-TFC2016,2,False,False,"{""fallback"":""rule_planner"",""requests"":[],""stop"":false}",,,HTTPError
90efd31256a3172cbc217d631eec5fa86d9b8e5e8c6c7a47144860b4fb2f679b,USTC-TFC2016,3,False,False,"{""fallback"":""rule_planner"",""requests"":[],""stop"":false}",,,HTTPError
934043c9cff1dc8bb44ac38ad3808a17dc9646c82b4394a0fb025da70b1f4ec2,CICIoT2023,1,False,False,"{""fallback"":""rule_planner"",""requests"":[],""stop"":false}",,,HTTPError
934043c9cff1dc8bb44ac38ad3808a17dc9646c82b4394a0fb025da70b1f4ec2,CICIoT2023,2,False,False,"{""fallback"":""rule_planner"",""requests"":[],""stop"":false}",,,HTTPError
934043c9cff1dc8bb44ac38ad3808a17dc9646c82b4394a0fb025da70b1f4ec2,CICIoT2023,3,False,False,"{""fallback"":""rule_planner"",""requests"":[],""stop"":false}",,,HTTPError
1a02dcff7509d074a24f74b8389c968093a21bfd446f02ecabdf72b961926205,CICIoT2023,1,False,False,"{""fallback"":""rule_planner"",""requests"":[],""stop"":false}",,,HTTPError
1a02dcff7509d074a24f74b8389c968093a21bfd446f02ecabdf72b961926205,CICIoT2023,2,False,False,"{""fallback"":""rule_planner"",""requests"":[],""stop"":false}",,,HTTPError
1a02dcff7509d074a24f74b8389c968093a21bfd446f02ecabdf72b961926205,CICIoT2023,3,False,False,"{""fallback"":""rule_planner"",""requests"":[],""stop"":false}",,,HTTPError
497c346dc4a9f5384a4919e85ecb865ec8742bacfed6426ca795b7e24e48c4f0,USTC-TFC2016,1,False,False,"{""fallback"":""rule_planner"",""requests"":[],""stop"":false}",,,HTTPError
497c346dc4a9f5384a4919e85ecb865ec8742bacfed6426ca795b7e24e48c4f0,USTC-TFC2016,2,False,False,"{""fallback"":""rule_planner"",""requests"":[],""stop"":false}",,,HTTPError
497c346dc4a9f5384a4919e85ecb865ec8742bacfed6426ca795b7e24e48c4f0,USTC-TFC2016,3,False,False,"{""fallback"":""rule_planner"",""requests"":[],""stop"":false}",,,HTTPError
4d213568203bab044f619402100c9daf3fb1459b8d3b08b08bdcdf9bc3fafc9c,CICIoT2023,1,False,False,"{""fallback"":""rule_planner"",""requests"":[],""stop"":false}",,,HTTPError
4d213568203bab044f619402100c9daf3fb1459b8d3b08b08bdcdf9bc3fafc9c,CICIoT2023,2,False,False,"{""fallback"":""rule_planner"",""requests"":[],""stop"":false}",,,HTTPError
4d213568203bab044f619402100c9daf3fb1459b8d3b08b08bdcdf9bc3fafc9c,CICIoT2023,3,False,False,"{""fallback"":""rule_planner"",""requests"":[],""stop"":false}",,,HTTPError
c67815640f7232ed7bd43c12fa4a74f5cec4b2cfde01c0a181be21f8515af08c,CICIoT2023,1,False,False,"{""fallback"":""rule_planner"",""requests"":[],""stop"":false}",,,HTTPError
c67815640f7232ed7bd43c12fa4a74f5cec4b2cfde01c0a181be21f8515af08c,CICIoT2023,2,False,False,"{""fallback"":""rule_planner"",""requests"":[],""stop"":false}",,,HTTPError
c67815640f7232ed7bd43c12fa4a74f5cec4b2cfde01c0a181be21f8515af08c,CICIoT2023,3,False,False,"{""fallback"":""rule_planner"",""requests"":[],""stop"":false}",,,HTTPError
920e5358f7d4d4a6d8b2839f3215c5e547b387b1b3d82030b878c08252b4cea0,CICIoT2023,1,False,False,"{""fallback"":""rule_planner"",""requests"":[],""stop"":false}",,,HTTPError
920e5358f7d4d4a6d8b2839f3215c5e547b387b1b3d82030b878c08252b4cea0,CICIoT2023,2,False,False,"{""fallback"":""rule_planner"",""requests"":[],""stop"":false}",,,HTTPError
920e5358f7d4d4a6d8b2839f3215c5e547b387b1b3d82030b878c08252b4cea0,CICIoT2023,3,False,False,"{""fallback"":""rule_planner"",""requests"":[],""stop"":false}",,,HTTPError
208956765e5ae26bc332ae23b668a88a42b3d2fc742cb424cdc713e63e1603a9,NF-IoT,1,False,False,"{""fallback"":""rule_planner"",""requests"":[],""stop"":false}",,,HTTPError
208956765e5ae26bc332ae23b668a88a42b3d2fc742cb424cdc713e63e1603a9,NF-IoT,2,False,False,"{""fallback"":""rule_planner"",""requests"":[],""stop"":false}",,,HTTPError
208956765e5ae26bc332ae23b668a88a42b3d2fc742cb424cdc713e63e1603a9,NF-IoT,3,False,False,"{""fallback"":""rule_planner"",""requests"":[],""stop"":false}",,,HTTPError
29eded3795e191d5b328aef7d4907601e7eb8754107a90296ffff38bcf52a3f9,NF-IoT,1,False,False,"{""fallback"":""rule_planner"",""requests"":[],""stop"":false}",,,HTTPError
29eded3795e191d5b328aef7d4907601e7eb8754107a90296ffff38bcf52a3f9,NF-IoT,2,False,False,"{""fallback"":""rule_planner"",""requests"":[],""stop"":false}",,,HTTPError
29eded3795e191d5b328aef7d4907601e7eb8754107a90296ffff38bcf52a3f9,NF-IoT,3,False,False,"{""fallback"":""rule_planner"",""requests"":[],""stop"":false}",,,HTTPError
0a7ca8d51b97e783998600396cb20019cb23020eef7e832fda30c26e50c625f8,NF-IoT,1,False,False,"{""fallback"":""rule_planner"",""requests"":[],""stop"":false}",,,HTTPError
0a7ca8d51b97e783998600396cb20019cb23020eef7e832fda30c26e50c625f8,NF-IoT,2,False,False,"{""fallback"":""rule_planner"",""requests"":[],""stop"":false}",,,HTTPError
0a7ca8d51b97e783998600396cb20019cb23020eef7e832fda30c26e50c625f8,NF-IoT,3,False,False,"{""fallback"":""rule_planner"",""requests"":[],""stop"":false}",,,HTTPError
762ac3e46d760eeaa85c8714fe8b07257247bab1fa37d2dbe06769c966bfcef3,USTC-TFC2016,1,False,False,"{""fallback"":""rule_planner"",""requests"":[],""stop"":false}",,,HTTPError
762ac3e46d760eeaa85c8714fe8b07257247bab1fa37d2dbe06769c966bfcef3,USTC-TFC2016,2,False,False,"{""fallback"":""rule_planner"",""requests"":[],""stop"":false}",,,HTTPError
762ac3e46d760eeaa85c8714fe8b07257247bab1fa37d2dbe06769c966bfcef3,USTC-TFC2016,3,False,False,"{""fallback"":""rule_planner"",""requests"":[],""stop"":false}",,,HTTPError
fde1354d53b398bf96dc9c71fc1caf48076b1e7814dd5ad3a99faf7bb06de2b5,USTC-TFC2016,1,False,False,"{""fallback"":""rule_planner"",""requests"":[],""stop"":false}",,,HTTPError
fde1354d53b398bf96dc9c71fc1caf48076b1e7814dd5ad3a99faf7bb06de2b5,USTC-TFC2016,2,False,False,"{""fallback"":""rule_planner"",""requests"":[],""stop"":false}",,,HTTPError
fde1354d53b398bf96dc9c71fc1caf48076b1e7814dd5ad3a99faf7bb06de2b5,USTC-TFC2016,3,False,False,"{""fallback"":""rule_planner"",""requests"":[],""stop"":false}",,,HTTPError
a56445095a8e6bbd9fb250f2bfdda75d5601075e34ebf68c6b88f0557c5eb434,CICIoT2023,1,False,False,"{""fallback"":""rule_planner"",""requests"":[],""stop"":false}",,,HTTPError
a56445095a8e6bbd9fb250f2bfdda75d5601075e34ebf68c6b88f0557c5eb434,CICIoT2023,2,False,False,"{""fallback"":""rule_planner"",""requests"":[],""stop"":false}",,,HTTPError
a56445095a8e6bbd9fb250f2bfdda75d5601075e34ebf68c6b88f0557c5eb434,CICIoT2023,3,False,False,"{""fallback"":""rule_planner"",""requests"":[],""stop"":false}",,,HTTPError
25df2a02606e81b1ddd29b72595975f96957b312c6573cabea4a0c9c611177c0,NF-IoT,1,False,False,"{""fallback"":""rule_planner"",""requests"":[],""stop"":false}",,,HTTPError
25df2a02606e81b1ddd29b72595975f96957b312c6573cabea4a0c9c611177c0,NF-IoT,2,False,False,"{""fallback"":""rule_planner"",""requests"":[],""stop"":false}",,,HTTPError
25df2a02606e81b1ddd29b72595975f96957b312c6573cabea4a0c9c611177c0,NF-IoT,3,False,False,"{""fallback"":""rule_planner"",""requests"":[],""stop"":false}",,,HTTPError
adf09320c8350b3836107b5f5157531911d044b6b0f51335b0eda300ff8e6eb1,CICIoT2023,1,False,False,"{""fallback"":""rule_planner"",""requests"":[],""stop"":false}",,,HTTPError
adf09320c8350b3836107b5f5157531911d044b6b0f51335b0eda300ff8e6eb1,CICIoT2023,2,False,False,"{""fallback"":""rule_planner"",""requests"":[],""stop"":false}",,,HTTPError
adf09320c8350b3836107b5f5157531911d044b6b0f51335b0eda300ff8e6eb1,CICIoT2023,3,False,False,"{""fallback"":""rule_planner"",""requests"":[],""stop"":false}",,,HTTPError
0295698d98436deb659e4d9fe5185c1eb624b2723d546dbea73d0efe0a806feb,CICIoT2023,1,False,False,"{""fallback"":""rule_planner"",""requests"":[],""stop"":false}",,,HTTPError
0295698d98436deb659e4d9fe5185c1eb624b2723d546dbea73d0efe0a806feb,CICIoT2023,2,False,False,"{""fallback"":""rule_planner"",""requests"":[],""stop"":false}",,,HTTPError
0295698d98436deb659e4d9fe5185c1eb624b2723d546dbea73d0efe0a806feb,CICIoT2023,3,False,False,"{""fallback"":""rule_planner"",""requests"":[],""stop"":false}",,,HTTPError
e6b218c902f90bb3bb8167a5b55637d7219fce9cee6f5671a7e9ab9eea7f3bb7,NF-IoT,1,False,False,"{""fallback"":""rule_planner"",""requests"":[],""stop"":false}",,,HTTPError
e6b218c902f90bb3bb8167a5b55637d7219fce9cee6f5671a7e9ab9eea7f3bb7,NF-IoT,2,False,False,"{""fallback"":""rule_planner"",""requests"":[],""stop"":false}",,,HTTPError
e6b218c902f90bb3bb8167a5b55637d7219fce9cee6f5671a7e9ab9eea7f3bb7,NF-IoT,3,False,False,"{""fallback"":""rule_planner"",""requests"":[],""stop"":false}",,,HTTPError
6f1d37cc300cbca452f5ae2f953acda1f179a18ec82a9fc80a7cf467ae8686a4,USTC-TFC2016,1,False,False,"{""fallback"":""rule_planner"",""requests"":[],""stop"":false}",,,HTTPError
6f1d37cc300cbca452f5ae2f953acda1f179a18ec82a9fc80a7cf467ae8686a4,USTC-TFC2016,2,False,False,"{""fallback"":""rule_planner"",""requests"":[],""stop"":false}",,,HTTPError
6f1d37cc300cbca452f5ae2f953acda1f179a18ec82a9fc80a7cf467ae8686a4,USTC-TFC2016,3,False,False,"{""fallback"":""rule_planner"",""requests"":[],""stop"":false}",,,HTTPError
ee7f8fa2ddebb09bcc1800b3d8d00b3b4534d60b1b1d99d88ff1ad3b2033af65,NF-IoT,1,False,False,"{""fallback"":""rule_planner"",""requests"":[],""stop"":false}",,,HTTPError
ee7f8fa2ddebb09bcc1800b3d8d00b3b4534d60b1b1d99d88ff1ad3b2033af65,NF-IoT,2,False,False,"{""fallback"":""rule_planner"",""requests"":[],""stop"":false}",,,HTTPError
ee7f8fa2ddebb09bcc1800b3d8d00b3b4534d60b1b1d99d88ff1ad3b2033af65,NF-IoT,3,False,False,"{""fallback"":""rule_planner"",""requests"":[],""stop"":false}",,,HTTPError
5e402f1e4ed3629fd61c1df18f090e6ad72713c46e5de41e93c879b6cc68ae95,CICIoT2023,1,False,False,"{""fallback"":""rule_planner"",""requests"":[],""stop"":false}",,,HTTPError
5e402f1e4ed3629fd61c1df18f090e6ad72713c46e5de41e93c879b6cc68ae95,CICIoT2023,2,False,False,"{""fallback"":""rule_planner"",""requests"":[],""stop"":false}",,,HTTPError
5e402f1e4ed3629fd61c1df18f090e6ad72713c46e5de41e93c879b6cc68ae95,CICIoT2023,3,False,False,"{""fallback"":""rule_planner"",""requests"":[],""stop"":false}",,,HTTPError
1602a45127675126904cd1f7df2ddc1b5bbc9b1e7df2d968fdb2e1c4ce596a57,NF-IoT,1,False,False,"{""fallback"":""rule_planner"",""requests"":[],""stop"":false}",,,HTTPError
1602a45127675126904cd1f7df2ddc1b5bbc9b1e7df2d968fdb2e1c4ce596a57,NF-IoT,2,False,False,"{""fallback"":""rule_planner"",""requests"":[],""stop"":false}",,,HTTPError
1602a45127675126904cd1f7df2ddc1b5bbc9b1e7df2d968fdb2e1c4ce596a57,NF-IoT,3,False,False,"{""fallback"":""rule_planner"",""requests"":[],""stop"":false}",,,HTTPError
b265b27e24bf067fee61c6a6fab169897636821760ea37fe76144d36bb067165,CICIoT2023,1,False,False,"{""fallback"":""rule_planner"",""requests"":[],""stop"":false}",,,HTTPError
b265b27e24bf067fee61c6a6fab169897636821760ea37fe76144d36bb067165,CICIoT2023,2,False,False,"{""fallback"":""rule_planner"",""requests"":[],""stop"":false}",,,HTTPError
b265b27e24bf067fee61c6a6fab169897636821760ea37fe76144d36bb067165,CICIoT2023,3,False,False,"{""fallback"":""rule_planner"",""requests"":[],""stop"":false}",,,HTTPError
e49b20cc1bd5c05e1e2e24884417fd2de9e6b33f3d3f2f61db20b6f9efc75b94,NF-IoT,1,False,False,"{""fallback"":""rule_planner"",""requests"":[],""stop"":false}",,,HTTPError
e49b20cc1bd5c05e1e2e24884417fd2de9e6b33f3d3f2f61db20b6f9efc75b94,NF-IoT,2,False,False,"{""fallback"":""rule_planner"",""requests"":[],""stop"":false}",,,HTTPError
e49b20cc1bd5c05e1e2e24884417fd2de9e6b33f3d3f2f61db20b6f9efc75b94,NF-IoT,3,False,False,"{""fallback"":""rule_planner"",""requests"":[],""stop"":false}",,,HTTPError
825607f9f8bf7b66b177b08270ce3ba598a333d954ee7aada17cb1e715b1131a,CICIoT2023,1,False,False,"{""fallback"":""rule_planner"",""requests"":[],""stop"":false}",,,HTTPError
825607f9f8bf7b66b177b08270ce3ba598a333d954ee7aada17cb1e715b1131a,CICIoT2023,2,False,False,"{""fallback"":""rule_planner"",""requests"":[],""stop"":false}",,,HTTPError
825607f9f8bf7b66b177b08270ce3ba598a333d954ee7aada17cb1e715b1131a,CICIoT2023,3,False,False,"{""fallback"":""rule_planner"",""requests"":[],""stop"":false}",,,HTTPError
68cc29f8d2cf8e25cd56f623f811dcf3a994d061aba04936803db1107dc2140f,CICIoT2023,1,False,False,"{""fallback"":""rule_planner"",""requests"":[],""stop"":false}",,,HTTPError
68cc29f8d2cf8e25cd56f623f811dcf3a994d061aba04936803db1107dc2140f,CICIoT2023,2,True,True,"{""requests"":[{""budget"":1,""expected_output"":""AgentEvidence"",""purpose"":""Analyze inter-arrival timing patterns and burst characteristics to complement volume-based assessment"",""requested_agent"":""TimingBehaviorAgent""}],""stop"":false}",2253.809900023043,467,HTTPError
68cc29f8d2cf8e25cd56f623f811dcf3a994d061aba04936803db1107dc2140f,CICIoT2023,3,False,False,"{""fallback"":""rule_planner"",""requests"":[],""stop"":false}",,,HTTPError
c7e6b1d83ef77da59f3a789b5e6295be69405e31a378d3bc239da1a7baf92e65,NF-IoT,1,False,False,"{""fallback"":""rule_planner"",""requests"":[],""stop"":false}",,,HTTPError
c7e6b1d83ef77da59f3a789b5e6295be69405e31a378d3bc239da1a7baf92e65,NF-IoT,2,False,False,"{""fallback"":""rule_planner"",""requests"":[],""stop"":false}",,,HTTPError
c7e6b1d83ef77da59f3a789b5e6295be69405e31a378d3bc239da1a7baf92e65,NF-IoT,3,False,False,"{""fallback"":""rule_planner"",""requests"":[],""stop"":false}",,,HTTPError
cc5dae475cb00b0af155a427121c64ec3d47a3628e3507f9307fa0c81f2a7b9e,NF-IoT,1,False,False,"{""fallback"":""rule_planner"",""requests"":[],""stop"":false}",,,HTTPError
cc5dae475cb00b0af155a427121c64ec3d47a3628e3507f9307fa0c81f2a7b9e,NF-IoT,2,False,False,"{""fallback"":""rule_planner"",""requests"":[],""stop"":false}",,,HTTPError
cc5dae475cb00b0af155a427121c64ec3d47a3628e3507f9307fa0c81f2a7b9e,NF-IoT,3,False,False,"{""fallback"":""rule_planner"",""requests"":[],""stop"":false}",,,HTTPError
e0b9d7b6b144258e7b4fdf9b740f6ce24baa87d5caa42043a8a6bc7de52d183c,USTC-TFC2016,1,False,False,"{""fallback"":""rule_planner"",""requests"":[],""stop"":false}",,,HTTPError
e0b9d7b6b144258e7b4fdf9b740f6ce24baa87d5caa42043a8a6bc7de52d183c,USTC-TFC2016,2,False,False,"{""fallback"":""rule_planner"",""requests"":[],""stop"":false}",,,HTTPError
e0b9d7b6b144258e7b4fdf9b740f6ce24baa87d5caa42043a8a6bc7de52d183c,USTC-TFC2016,3,False,False,"{""fallback"":""rule_planner"",""requests"":[],""stop"":false}",,,HTTPError
bc390470363fff1dee26afce8ef508500c9c8020098279eed239f5d18341d5e7,NF-IoT,1,False,False,"{""fallback"":""rule_planner"",""requests"":[],""stop"":false}",,,HTTPError
bc390470363fff1dee26afce8ef508500c9c8020098279eed239f5d18341d5e7,NF-IoT,2,False,False,"{""fallback"":""rule_planner"",""requests"":[],""stop"":false}",,,HTTPError
bc390470363fff1dee26afce8ef508500c9c8020098279eed239f5d18341d5e7,NF-IoT,3,False,False,"{""fallback"":""rule_planner"",""requests"":[],""stop"":false}",,,HTTPError
04ccfcac63fa5f44e541d109f6f047bc96686b321c235f8ffca1f70c869c5707,NF-IoT,1,False,False,"{""fallback"":""rule_planner"",""requests"":[],""stop"":false}",,,HTTPError
04ccfcac63fa5f44e541d109f6f047bc96686b321c235f8ffca1f70c869c5707,NF-IoT,2,False,False,"{""fallback"":""rule_planner"",""requests"":[],""stop"":false}",,,HTTPError
04ccfcac63fa5f44e541d109f6f047bc96686b321c235f8ffca1f70c869c5707,NF-IoT,3,False,False,"{""fallback"":""rule_planner"",""requests"":[],""stop"":false}",,,HTTPError
4e67bda758f52b7b1c0fceefbe4bffe6df0ad6d6b1d0b146d67522b96aa6a693,USTC-TFC2016,1,False,False,"{""fallback"":""rule_planner"",""requests"":[],""stop"":false}",,,HTTPError
4e67bda758f52b7b1c0fceefbe4bffe6df0ad6d6b1d0b146d67522b96aa6a693,USTC-TFC2016,2,False,False,"{""fallback"":""rule_planner"",""requests"":[],""stop"":false}",,,HTTPError
4e67bda758f52b7b1c0fceefbe4bffe6df0ad6d6b1d0b146d67522b96aa6a693,USTC-TFC2016,3,False,False,"{""fallback"":""rule_planner"",""requests"":[],""stop"":false}",,,HTTPError
9403e0815cf7a772c00d475187b5708ba20e3a54a599e51b7d275464a3266762,CICIoT2023,1,False,False,"{""fallback"":""rule_planner"",""requests"":[],""stop"":false}",,,HTTPError
9403e0815cf7a772c00d475187b5708ba20e3a54a599e51b7d275464a3266762,CICIoT2023,2,False,False,"{""fallback"":""rule_planner"",""requests"":[],""stop"":false}",,,HTTPError
9403e0815cf7a772c00d475187b5708ba20e3a54a599e51b7d275464a3266762,CICIoT2023,3,False,False,"{""fallback"":""rule_planner"",""requests"":[],""stop"":false}",,,HTTPError
bf4d628748e8e15a6271426fb5bfe011169cdedfa6aba056c4287b6a8f23cd13,NF-IoT,1,False,False,"{""fallback"":""rule_planner"",""requests"":[],""stop"":false}",,,HTTPError
bf4d628748e8e15a6271426fb5bfe011169cdedfa6aba056c4287b6a8f23cd13,NF-IoT,2,False,False,"{""fallback"":""rule_planner"",""requests"":[],""stop"":false}",,,HTTPError
bf4d628748e8e15a6271426fb5bfe011169cdedfa6aba056c4287b6a8f23cd13,NF-IoT,3,False,False,"{""fallback"":""rule_planner"",""requests"":[],""stop"":false}",,,HTTPError
eae578905001d550024a646de6d45f87c1e7bec151c3fe871d4c6f1030f6feaf,NF-IoT,1,False,False,"{""fallback"":""rule_planner"",""requests"":[],""stop"":false}",,,HTTPError
eae578905001d550024a646de6d45f87c1e7bec151c3fe871d4c6f1030f6feaf,NF-IoT,2,False,False,"{""fallback"":""rule_planner"",""requests"":[],""stop"":false}",,,HTTPError
eae578905001d550024a646de6d45f87c1e7bec151c3fe871d4c6f1030f6feaf,NF-IoT,3,False,False,"{""fallback"":""rule_planner"",""requests"":[],""stop"":false}",,,HTTPError
ac6455bd71ecff9670fa59d1d55b88c8f7d9a5e278faf6cbe1483fdaedf73c2b,USTC-TFC2016,1,False,False,"{""fallback"":""rule_planner"",""requests"":[],""stop"":false}",,,HTTPError
ac6455bd71ecff9670fa59d1d55b88c8f7d9a5e278faf6cbe1483fdaedf73c2b,USTC-TFC2016,2,False,False,"{""fallback"":""rule_planner"",""requests"":[],""stop"":false}",,,HTTPError
ac6455bd71ecff9670fa59d1d55b88c8f7d9a5e278faf6cbe1483fdaedf73c2b,USTC-TFC2016,3,False,False,"{""fallback"":""rule_planner"",""requests"":[],""stop"":false}",,,HTTPError
1815810b6338fe3307c022fff50a6181518d99a14261fb61df6086333c71061d,CICIoT2023,1,False,False,"{""fallback"":""rule_planner"",""requests"":[],""stop"":false}",,,HTTPError
1815810b6338fe3307c022fff50a6181518d99a14261fb61df6086333c71061d,CICIoT2023,2,False,False,"{""fallback"":""rule_planner"",""requests"":[],""stop"":false}",,,HTTPError
1815810b6338fe3307c022fff50a6181518d99a14261fb61df6086333c71061d,CICIoT2023,3,False,False,"{""fallback"":""rule_planner"",""requests"":[],""stop"":false}",,,HTTPError
2e0e897c28b531299cf47550597b2a421c2fa0a83b4c5b8c0fe9267783dbe7b1,CICIoT2023,1,False,False,"{""fallback"":""rule_planner"",""requests"":[],""stop"":false}",,,HTTPError
2e0e897c28b531299cf47550597b2a421c2fa0a83b4c5b8c0fe9267783dbe7b1,CICIoT2023,2,False,False,"{""fallback"":""rule_planner"",""requests"":[],""stop"":false}",,,HTTPError
2e0e897c28b531299cf47550597b2a421c2fa0a83b4c5b8c0fe9267783dbe7b1,CICIoT2023,3,False,False,"{""fallback"":""rule_planner"",""requests"":[],""stop"":false}",,,HTTPError
142cf1488ba5c8fe3d8f26ef5bd299b90e1fce99624626e786e12bb88b90a4cb,NF-IoT,1,False,False,"{""fallback"":""rule_planner"",""requests"":[],""stop"":false}",,,HTTPError
142cf1488ba5c8fe3d8f26ef5bd299b90e1fce99624626e786e12bb88b90a4cb,NF-IoT,2,False,False,"{""fallback"":""rule_planner"",""requests"":[],""stop"":false}",,,HTTPError
142cf1488ba5c8fe3d8f26ef5bd299b90e1fce99624626e786e12bb88b90a4cb,NF-IoT,3,False,False,"{""fallback"":""rule_planner"",""requests"":[],""stop"":false}",,,HTTPError
f69c40b958e5e8a3cbcfb94bf97ab920e7e2ca4f24216a3deb55388570d8f125,NF-IoT,1,False,False,"{""fallback"":""rule_planner"",""requests"":[],""stop"":false}",,,HTTPError
f69c40b958e5e8a3cbcfb94bf97ab920e7e2ca4f24216a3deb55388570d8f125,NF-IoT,2,False,False,"{""fallback"":""rule_planner"",""requests"":[],""stop"":false}",,,HTTPError
f69c40b958e5e8a3cbcfb94bf97ab920e7e2ca4f24216a3deb55388570d8f125,NF-IoT,3,False,False,"{""fallback"":""rule_planner"",""requests"":[],""stop"":false}",,,HTTPError
db8e1f0690cd4fdbb764ab71840c4154b14c7cfc819ceb472ee7b80f05893885,NF-IoT,1,False,False,"{""fallback"":""rule_planner"",""requests"":[],""stop"":false}",,,HTTPError
db8e1f0690cd4fdbb764ab71840c4154b14c7cfc819ceb472ee7b80f05893885,NF-IoT,2,False,False,"{""fallback"":""rule_planner"",""requests"":[],""stop"":false}",,,HTTPError
db8e1f0690cd4fdbb764ab71840c4154b14c7cfc819ceb472ee7b80f05893885,NF-IoT,3,False,False,"{""fallback"":""rule_planner"",""requests"":[],""stop"":false}",,,HTTPError
967d7b3f4efc6e66f59ade7837fdcff1b31269c52d7375c47e933c72228c83b0,CICIoT2023,1,False,False,"{""fallback"":""rule_planner"",""requests"":[],""stop"":false}",,,HTTPError
967d7b3f4efc6e66f59ade7837fdcff1b31269c52d7375c47e933c72228c83b0,CICIoT2023,2,False,False,"{""fallback"":""rule_planner"",""requests"":[],""stop"":false}",,,HTTPError
967d7b3f4efc6e66f59ade7837fdcff1b31269c52d7375c47e933c72228c83b0,CICIoT2023,3,False,False,"{""fallback"":""rule_planner"",""requests"":[],""stop"":false}",,,HTTPError
c3c868ffd6736a07816af95d270cfef87085cd3ceb5a5cefd6154fba2bd4bc7f,CICIoT2023,1,False,False,"{""fallback"":""rule_planner"",""requests"":[],""stop"":false}",,,HTTPError
c3c868ffd6736a07816af95d270cfef87085cd3ceb5a5cefd6154fba2bd4bc7f,CICIoT2023,2,False,False,"{""fallback"":""rule_planner"",""requests"":[],""stop"":false}",,,HTTPError
c3c868ffd6736a07816af95d270cfef87085cd3ceb5a5cefd6154fba2bd4bc7f,CICIoT2023,3,False,False,"{""fallback"":""rule_planner"",""requests"":[],""stop"":false}",,,HTTPError
00724afa9f709f8586a992c2eed5104aeaa45b684ec0e9175347ffe0a8df7c55,USTC-TFC2016,1,False,False,"{""fallback"":""rule_planner"",""requests"":[],""stop"":false}",,,HTTPError
00724afa9f709f8586a992c2eed5104aeaa45b684ec0e9175347ffe0a8df7c55,USTC-TFC2016,2,False,False,"{""fallback"":""rule_planner"",""requests"":[],""stop"":false}",,,HTTPError
00724afa9f709f8586a992c2eed5104aeaa45b684ec0e9175347ffe0a8df7c55,USTC-TFC2016,3,False,False,"{""fallback"":""rule_planner"",""requests"":[],""stop"":false}",,,HTTPError
ad81b76288910e36251a9c25dd149b631697ab0a2f074bcbe423803706135ef4,CICIoT2023,1,False,False,"{""fallback"":""rule_planner"",""requests"":[],""stop"":false}",,,HTTPError
ad81b76288910e36251a9c25dd149b631697ab0a2f074bcbe423803706135ef4,CICIoT2023,2,False,False,"{""fallback"":""rule_planner"",""requests"":[],""stop"":false}",,,HTTPError
ad81b76288910e36251a9c25dd149b631697ab0a2f074bcbe423803706135ef4,CICIoT2023,3,False,False,"{""fallback"":""rule_planner"",""requests"":[],""stop"":false}",,,HTTPError
75e4ef8b6e3a3c005d89fcb70a4f842341e79907e5f8197e6ffbae7265885e42,NF-IoT,1,False,False,"{""fallback"":""rule_planner"",""requests"":[],""stop"":false}",,,HTTPError
75e4ef8b6e3a3c005d89fcb70a4f842341e79907e5f8197e6ffbae7265885e42,NF-IoT,2,False,False,"{""fallback"":""rule_planner"",""requests"":[],""stop"":false}",,,HTTPError
75e4ef8b6e3a3c005d89fcb70a4f842341e79907e5f8197e6ffbae7265885e42,NF-IoT,3,False,False,"{""fallback"":""rule_planner"",""requests"":[],""stop"":false}",,,HTTPError
2c55b12d9b1dbf0ab63e2d9571d5340a788b12d91c0c774bd43496f66dd2ad7a,USTC-TFC2016,1,False,False,"{""fallback"":""rule_planner"",""requests"":[],""stop"":false}",,,HTTPError
2c55b12d9b1dbf0ab63e2d9571d5340a788b12d91c0c774bd43496f66dd2ad7a,USTC-TFC2016,2,False,False,"{""fallback"":""rule_planner"",""requests"":[],""stop"":false}",,,HTTPError
2c55b12d9b1dbf0ab63e2d9571d5340a788b12d91c0c774bd43496f66dd2ad7a,USTC-TFC2016,3,False,False,"{""fallback"":""rule_planner"",""requests"":[],""stop"":false}",,,HTTPError
38c78ca62bce5d11ab07d7dc5accb81dc06df5e51ec7096fcd8a3bdd69791805,NF-IoT,1,False,False,"{""fallback"":""rule_planner"",""requests"":[],""stop"":false}",,,HTTPError
38c78ca62bce5d11ab07d7dc5accb81dc06df5e51ec7096fcd8a3bdd69791805,NF-IoT,2,False,False,"{""fallback"":""rule_planner"",""requests"":[],""stop"":false}",,,HTTPError
38c78ca62bce5d11ab07d7dc5accb81dc06df5e51ec7096fcd8a3bdd69791805,NF-IoT,3,False,False,"{""fallback"":""rule_planner"",""requests"":[],""stop"":false}",,,HTTPError
0e7649156eef3c006d4dc5eccb7642546af80cb640727037b0fdc25cc7a72173,CICIoT2023,1,False,False,"{""fallback"":""rule_planner"",""requests"":[],""stop"":false}",,,HTTPError
0e7649156eef3c006d4dc5eccb7642546af80cb640727037b0fdc25cc7a72173,CICIoT2023,2,False,False,"{""fallback"":""rule_planner"",""requests"":[],""stop"":false}",,,HTTPError
0e7649156eef3c006d4dc5eccb7642546af80cb640727037b0fdc25cc7a72173,CICIoT2023,3,False,False,"{""fallback"":""rule_planner"",""requests"":[],""stop"":false}",,,HTTPError
0619999097a4ee80b81119487700a347c63c5c9f1ea4b2b7ca18bbc41ea4f532,USTC-TFC2016,1,False,False,"{""fallback"":""rule_planner"",""requests"":[],""stop"":false}",,,HTTPError
0619999097a4ee80b81119487700a347c63c5c9f1ea4b2b7ca18bbc41ea4f532,USTC-TFC2016,2,False,False,"{""fallback"":""rule_planner"",""requests"":[],""stop"":false}",,,HTTPError
0619999097a4ee80b81119487700a347c63c5c9f1ea4b2b7ca18bbc41ea4f532,USTC-TFC2016,3,False,False,"{""fallback"":""rule_planner"",""requests"":[],""stop"":false}",,,HTTPError
5921235817ae27a769c8ae98edc7af0a07b33f27fa150b4ec57b6aa086b0be31,CICIoT2023,1,False,False,"{""fallback"":""rule_planner"",""requests"":[],""stop"":false}",,,HTTPError
5921235817ae27a769c8ae98edc7af0a07b33f27fa150b4ec57b6aa086b0be31,CICIoT2023,2,False,False,"{""fallback"":""rule_planner"",""requests"":[],""stop"":false}",,,HTTPError
5921235817ae27a769c8ae98edc7af0a07b33f27fa150b4ec57b6aa086b0be31,CICIoT2023,3,False,False,"{""fallback"":""rule_planner"",""requests"":[],""stop"":false}",,,HTTPError
dd7f34bd9d4ed28e2b5a90170ed6597dfac1c9c8e3b3f3e832059da4f50f4710,NF-IoT,1,False,False,"{""fallback"":""rule_planner"",""requests"":[],""stop"":false}",,,HTTPError
dd7f34bd9d4ed28e2b5a90170ed6597dfac1c9c8e3b3f3e832059da4f50f4710,NF-IoT,2,False,False,"{""fallback"":""rule_planner"",""requests"":[],""stop"":false}",,,HTTPError
dd7f34bd9d4ed28e2b5a90170ed6597dfac1c9c8e3b3f3e832059da4f50f4710,NF-IoT,3,False,False,"{""fallback"":""rule_planner"",""requests"":[],""stop"":false}",,,HTTPError
9e29d9ecda5929411a7325e8aa1a63056920cd6515dc63c759237c6b099578f7,NF-IoT,1,False,False,"{""fallback"":""rule_planner"",""requests"":[],""stop"":false}",,,HTTPError
9e29d9ecda5929411a7325e8aa1a63056920cd6515dc63c759237c6b099578f7,NF-IoT,2,False,False,"{""fallback"":""rule_planner"",""requests"":[],""stop"":false}",,,HTTPError
9e29d9ecda5929411a7325e8aa1a63056920cd6515dc63c759237c6b099578f7,NF-IoT,3,False,False,"{""fallback"":""rule_planner"",""requests"":[],""stop"":false}",,,HTTPError
697c8d88190026057952276282a404bf5ab425140104de5d8f719fc04e87943f,CICIoT2023,1,False,False,"{""fallback"":""rule_planner"",""requests"":[],""stop"":false}",,,HTTPError
697c8d88190026057952276282a404bf5ab425140104de5d8f719fc04e87943f,CICIoT2023,2,True,True,"{""requests"":[{""budget"":1,""expected_output"":""AgentEvidence"",""purpose"":""Analyze inter-arrival timing patterns and burst characteristics to validate benign classification from volume perspective"",""requested_agent"":""TimingBehaviorAgent""}],""stop"":false}",2330.8074999949895,475,
697c8d88190026057952276282a404bf5ab425140104de5d8f719fc04e87943f,CICIoT2023,3,False,False,"{""fallback"":""rule_planner"",""requests"":[],""stop"":false}",,,HTTPError
33cf94d8f623bc0ca6cb9e5c3217b29dc9e704cf0e729551a43d0c995a18eba0,USTC-TFC2016,1,False,False,"{""fallback"":""rule_planner"",""requests"":[],""stop"":false}",,,HTTPError
33cf94d8f623bc0ca6cb9e5c3217b29dc9e704cf0e729551a43d0c995a18eba0,USTC-TFC2016,2,False,False,"{""fallback"":""rule_planner"",""requests"":[],""stop"":false}",,,HTTPError
33cf94d8f623bc0ca6cb9e5c3217b29dc9e704cf0e729551a43d0c995a18eba0,USTC-TFC2016,3,False,False,"{""fallback"":""rule_planner"",""requests"":[],""stop"":false}",,,HTTPError
2b2382de889ab0a77e36248467df0a14efe735d52cc9111a5369d5c78e487c52,CICIoT2023,1,False,False,"{""fallback"":""rule_planner"",""requests"":[],""stop"":false}",,,HTTPError
2b2382de889ab0a77e36248467df0a14efe735d52cc9111a5369d5c78e487c52,CICIoT2023,2,False,False,"{""fallback"":""rule_planner"",""requests"":[],""stop"":false}",,,HTTPError
2b2382de889ab0a77e36248467df0a14efe735d52cc9111a5369d5c78e487c52,CICIoT2023,3,False,False,"{""fallback"":""rule_planner"",""requests"":[],""stop"":false}",,,HTTPError
4499a448df4ab85ff977b2b07412173418dd064b09c387261cde56bba88f848f,NF-IoT,1,False,False,"{""fallback"":""rule_planner"",""requests"":[],""stop"":false}",,,HTTPError
4499a448df4ab85ff977b2b07412173418dd064b09c387261cde56bba88f848f,NF-IoT,2,False,False,"{""fallback"":""rule_planner"",""requests"":[],""stop"":false}",,,HTTPError
4499a448df4ab85ff977b2b07412173418dd064b09c387261cde56bba88f848f,NF-IoT,3,False,False,"{""fallback"":""rule_planner"",""requests"":[],""stop"":false}",,,HTTPError
bbeefa2c0ba97e42f3573dbc8a74fc6361ccdf55630c4c90234a6da2f35e6206,CICIoT2023,1,False,False,"{""fallback"":""rule_planner"",""requests"":[],""stop"":false}",,,HTTPError
bbeefa2c0ba97e42f3573dbc8a74fc6361ccdf55630c4c90234a6da2f35e6206,CICIoT2023,2,False,False,"{""fallback"":""rule_planner"",""requests"":[],""stop"":false}",,,HTTPError
bbeefa2c0ba97e42f3573dbc8a74fc6361ccdf55630c4c90234a6da2f35e6206,CICIoT2023,3,True,True,"{""requests"":[{""budget"":1,""expected_output"":""AgentEvidence"",""purpose"":""Analyze inter-arrival timing patterns and burst characteristics to validate benign classification from volume perspective"",""requested_agent"":""TimingBehaviorAgent""}],""stop"":false}",1849.4375000009313,467,HTTPError
78aadec3993d6c2d6a5085ddcc109f8a0de90f3961d34c215b1ab31076ffd206,USTC-TFC2016,1,False,False,"{""fallback"":""rule_planner"",""requests"":[],""stop"":false}",,,HTTPError
78aadec3993d6c2d6a5085ddcc109f8a0de90f3961d34c215b1ab31076ffd206,USTC-TFC2016,2,False,False,"{""fallback"":""rule_planner"",""requests"":[],""stop"":false}",,,HTTPError
78aadec3993d6c2d6a5085ddcc109f8a0de90f3961d34c215b1ab31076ffd206,USTC-TFC2016,3,False,False,"{""fallback"":""rule_planner"",""requests"":[],""stop"":false}",,,HTTPError
43dcceb7f04434c79d08e85bd3a07bf220b8539248697a9e90c912679c983eb2,USTC-TFC2016,1,False,False,"{""fallback"":""rule_planner"",""requests"":[],""stop"":false}",,,HTTPError
43dcceb7f04434c79d08e85bd3a07bf220b8539248697a9e90c912679c983eb2,USTC-TFC2016,2,False,False,"{""fallback"":""rule_planner"",""requests"":[],""stop"":false}",,,HTTPError
43dcceb7f04434c79d08e85bd3a07bf220b8539248697a9e90c912679c983eb2,USTC-TFC2016,3,False,False,"{""fallback"":""rule_planner"",""requests"":[],""stop"":false}",,,HTTPError
14709e4bdc9a0100992a63f92bc26cf3a9b33984d196049e46650991b31e2b48,USTC-TFC2016,1,False,False,"{""fallback"":""rule_planner"",""requests"":[],""stop"":false}",,,HTTPError
14709e4bdc9a0100992a63f92bc26cf3a9b33984d196049e46650991b31e2b48,USTC-TFC2016,2,False,False,"{""fallback"":""rule_planner"",""requests"":[],""stop"":false}",,,HTTPError
14709e4bdc9a0100992a63f92bc26cf3a9b33984d196049e46650991b31e2b48,USTC-TFC2016,3,False,False,"{""fallback"":""rule_planner"",""requests"":[],""stop"":false}",,,HTTPError
53db35c56dd8a55cb7cc00a927757a4ba01f326b64693927625b051ac8a9175c,CICIoT2023,1,False,False,"{""fallback"":""rule_planner"",""requests"":[],""stop"":false}",,,HTTPError
53db35c56dd8a55cb7cc00a927757a4ba01f326b64693927625b051ac8a9175c,CICIoT2023,2,False,False,"{""fallback"":""rule_planner"",""requests"":[],""stop"":false}",,,HTTPError
53db35c56dd8a55cb7cc00a927757a4ba01f326b64693927625b051ac8a9175c,CICIoT2023,3,False,False,"{""fallback"":""rule_planner"",""requests"":[],""stop"":false}",,,HTTPError
ae37fba38995912a3decbd41e79e29f5473b000a5718569275d5fb68770558e8,NF-IoT,1,False,False,"{""fallback"":""rule_planner"",""requests"":[],""stop"":false}",,,HTTPError
ae37fba38995912a3decbd41e79e29f5473b000a5718569275d5fb68770558e8,NF-IoT,2,False,False,"{""fallback"":""rule_planner"",""requests"":[],""stop"":false}",,,HTTPError
ae37fba38995912a3decbd41e79e29f5473b000a5718569275d5fb68770558e8,NF-IoT,3,False,False,"{""fallback"":""rule_planner"",""requests"":[],""stop"":false}",,,HTTPError
8760e1c387a8133af73831a53859e20298655518859221fc3317d5f6b2634cec,NF-IoT,1,False,False,"{""fallback"":""rule_planner"",""requests"":[],""stop"":false}",,,HTTPError
8760e1c387a8133af73831a53859e20298655518859221fc3317d5f6b2634cec,NF-IoT,2,False,False,"{""fallback"":""rule_planner"",""requests"":[],""stop"":false}",,,HTTPError
8760e1c387a8133af73831a53859e20298655518859221fc3317d5f6b2634cec,NF-IoT,3,False,False,"{""fallback"":""rule_planner"",""requests"":[],""stop"":false}",,,HTTPError
d4d4ae59585de1555cd9f0b9d28275266998b83d3cb9a86e01e5f20eff530baf,USTC-TFC2016,1,False,False,"{""fallback"":""rule_planner"",""requests"":[],""stop"":false}",,,HTTPError
d4d4ae59585de1555cd9f0b9d28275266998b83d3cb9a86e01e5f20eff530baf,USTC-TFC2016,2,False,False,"{""fallback"":""rule_planner"",""requests"":[],""stop"":false}",,,HTTPError
d4d4ae59585de1555cd9f0b9d28275266998b83d3cb9a86e01e5f20eff530baf,USTC-TFC2016,3,False,False,"{""fallback"":""rule_planner"",""requests"":[],""stop"":false}",,,HTTPError
3a632f16830a7eaf844613c68e6070d936e6b4cb450ee31d157a57b9e31f684b,USTC-TFC2016,1,False,False,"{""fallback"":""rule_planner"",""requests"":[],""stop"":false}",,,HTTPError
3a632f16830a7eaf844613c68e6070d936e6b4cb450ee31d157a57b9e31f684b,USTC-TFC2016,2,False,False,"{""fallback"":""rule_planner"",""requests"":[],""stop"":false}",,,HTTPError
3a632f16830a7eaf844613c68e6070d936e6b4cb450ee31d157a57b9e31f684b,USTC-TFC2016,3,False,False,"{""fallback"":""rule_planner"",""requests"":[],""stop"":false}",,,HTTPError
992b907d3af570567349d4644a0e4e77f78297fffb46ece26eb1576a2f2940a0,CICIoT2023,1,False,False,"{""fallback"":""rule_planner"",""requests"":[],""stop"":false}",,,HTTPError
992b907d3af570567349d4644a0e4e77f78297fffb46ece26eb1576a2f2940a0,CICIoT2023,2,False,False,"{""fallback"":""rule_planner"",""requests"":[],""stop"":false}",,,HTTPError
992b907d3af570567349d4644a0e4e77f78297fffb46ece26eb1576a2f2940a0,CICIoT2023,3,False,False,"{""fallback"":""rule_planner"",""requests"":[],""stop"":false}",,,HTTPError
750766c717c8eca9bd4c6822d3319bab7b40ba8fe275cfbc7f39a8363907b4de,USTC-TFC2016,1,False,False,"{""fallback"":""rule_planner"",""requests"":[],""stop"":false}",,,HTTPError
750766c717c8eca9bd4c6822d3319bab7b40ba8fe275cfbc7f39a8363907b4de,USTC-TFC2016,2,False,False,"{""fallback"":""rule_planner"",""requests"":[],""stop"":false}",,,HTTPError
750766c717c8eca9bd4c6822d3319bab7b40ba8fe275cfbc7f39a8363907b4de,USTC-TFC2016,3,False,False,"{""fallback"":""rule_planner"",""requests"":[],""stop"":false}",,,HTTPError
0c15bfd35a73ecbdb75c517a1426cd90458212ad5fb77d11f753cd1a889a0f66,CICIoT2023,1,False,False,"{""fallback"":""rule_planner"",""requests"":[],""stop"":false}",,,HTTPError
0c15bfd35a73ecbdb75c517a1426cd90458212ad5fb77d11f753cd1a889a0f66,CICIoT2023,2,False,False,"{""fallback"":""rule_planner"",""requests"":[],""stop"":false}",,,HTTPError
0c15bfd35a73ecbdb75c517a1426cd90458212ad5fb77d11f753cd1a889a0f66,CICIoT2023,3,False,False,"{""fallback"":""rule_planner"",""requests"":[],""stop"":false}",,,HTTPError
e774739c4a3d39cf68072a859fc4f8fe000a4d480c8071381e1b6fda188f4ba9,CICIoT2023,1,False,False,"{""fallback"":""rule_planner"",""requests"":[],""stop"":false}",,,HTTPError
e774739c4a3d39cf68072a859fc4f8fe000a4d480c8071381e1b6fda188f4ba9,CICIoT2023,2,False,False,"{""fallback"":""rule_planner"",""requests"":[],""stop"":false}",,,HTTPError
e774739c4a3d39cf68072a859fc4f8fe000a4d480c8071381e1b6fda188f4ba9,CICIoT2023,3,False,False,"{""fallback"":""rule_planner"",""requests"":[],""stop"":false}",,,HTTPError
3528606eabd70690c0a75ad820a2d7eb9d7550073b1a40f020106822bfdaeb7b,CICIoT2023,1,False,False,"{""fallback"":""rule_planner"",""requests"":[],""stop"":false}",,,HTTPError
3528606eabd70690c0a75ad820a2d7eb9d7550073b1a40f020106822bfdaeb7b,CICIoT2023,2,False,False,"{""fallback"":""rule_planner"",""requests"":[],""stop"":false}",,,HTTPError
3528606eabd70690c0a75ad820a2d7eb9d7550073b1a40f020106822bfdaeb7b,CICIoT2023,3,False,False,"{""fallback"":""rule_planner"",""requests"":[],""stop"":false}",,,HTTPError
d0a7c132fb45d1a379e9711da46f206c7bde0b7ecf81e0d9b986603f1c2eb464,CICIoT2023,1,False,False,"{""fallback"":""rule_planner"",""requests"":[],""stop"":false}",,,HTTPError
d0a7c132fb45d1a379e9711da46f206c7bde0b7ecf81e0d9b986603f1c2eb464,CICIoT2023,2,False,False,"{""fallback"":""rule_planner"",""requests"":[],""stop"":false}",,,HTTPError
d0a7c132fb45d1a379e9711da46f206c7bde0b7ecf81e0d9b986603f1c2eb464,CICIoT2023,3,False,False,"{""fallback"":""rule_planner"",""requests"":[],""stop"":false}",,,HTTPError
635eaf7b0c7c5975dc1452bf9c62db9f815788c1acc759f8e1f773786874271a,USTC-TFC2016,1,False,False,"{""fallback"":""rule_planner"",""requests"":[],""stop"":false}",,,HTTPError
635eaf7b0c7c5975dc1452bf9c62db9f815788c1acc759f8e1f773786874271a,USTC-TFC2016,2,False,False,"{""fallback"":""rule_planner"",""requests"":[],""stop"":false}",,,HTTPError
635eaf7b0c7c5975dc1452bf9c62db9f815788c1acc759f8e1f773786874271a,USTC-TFC2016,3,False,False,"{""fallback"":""rule_planner"",""requests"":[],""stop"":false}",,,HTTPError
97f608dab05d90171328950f5ac9bbc4bc88d234ecbd9644da94ea1c5c4866c7,CICIoT2023,1,False,False,"{""fallback"":""rule_planner"",""requests"":[],""stop"":false}",,,HTTPError
97f608dab05d90171328950f5ac9bbc4bc88d234ecbd9644da94ea1c5c4866c7,CICIoT2023,2,False,False,"{""fallback"":""rule_planner"",""requests"":[],""stop"":false}",,,HTTPError
97f608dab05d90171328950f5ac9bbc4bc88d234ecbd9644da94ea1c5c4866c7,CICIoT2023,3,False,False,"{""fallback"":""rule_planner"",""requests"":[],""stop"":false}",,,HTTPError
8eda7efbeb9948bab347253f1647a73537742a33f93fb52876e394a0e3727421,CICIoT2023,1,False,False,"{""fallback"":""rule_planner"",""requests"":[],""stop"":false}",,,HTTPError
8eda7efbeb9948bab347253f1647a73537742a33f93fb52876e394a0e3727421,CICIoT2023,2,False,False,"{""fallback"":""rule_planner"",""requests"":[],""stop"":false}",,,HTTPError
8eda7efbeb9948bab347253f1647a73537742a33f93fb52876e394a0e3727421,CICIoT2023,3,False,False,"{""fallback"":""rule_planner"",""requests"":[],""stop"":false}",,,HTTPError
459cbe363cba56ea65e5dfda7f54236aba31c0d8b3f64fb32969433a14511ec2,NF-IoT,1,False,False,"{""fallback"":""rule_planner"",""requests"":[],""stop"":false}",,,HTTPError
459cbe363cba56ea65e5dfda7f54236aba31c0d8b3f64fb32969433a14511ec2,NF-IoT,2,False,False,"{""fallback"":""rule_planner"",""requests"":[],""stop"":false}",,,HTTPError
459cbe363cba56ea65e5dfda7f54236aba31c0d8b3f64fb32969433a14511ec2,NF-IoT,3,False,False,"{""fallback"":""rule_planner"",""requests"":[],""stop"":false}",,,HTTPError
9687409ccfe84c51f5c4f49711db83879823dd0e61481f1ecee87fa801f92ca5,NF-IoT,1,False,False,"{""fallback"":""rule_planner"",""requests"":[],""stop"":false}",,,HTTPError
9687409ccfe84c51f5c4f49711db83879823dd0e61481f1ecee87fa801f92ca5,NF-IoT,2,False,False,"{""fallback"":""rule_planner"",""requests"":[],""stop"":false}",,,HTTPError
9687409ccfe84c51f5c4f49711db83879823dd0e61481f1ecee87fa801f92ca5,NF-IoT,3,False,False,"{""fallback"":""rule_planner"",""requests"":[],""stop"":false}",,,HTTPError
b0284e5cc91a1691bb779a7961535537dd7db40e3325aa8016ac81545f9e2308,NF-IoT,1,False,False,"{""fallback"":""rule_planner"",""requests"":[],""stop"":false}",,,HTTPError
b0284e5cc91a1691bb779a7961535537dd7db40e3325aa8016ac81545f9e2308,NF-IoT,2,False,False,"{""fallback"":""rule_planner"",""requests"":[],""stop"":false}",,,HTTPError
b0284e5cc91a1691bb779a7961535537dd7db40e3325aa8016ac81545f9e2308,NF-IoT,3,False,False,"{""fallback"":""rule_planner"",""requests"":[],""stop"":false}",,,HTTPError
9baa5d15a8179db6e7033524770a1b2fe1eaa79323c900c23e67a315679a0ed0,CICIoT2023,1,False,False,"{""fallback"":""rule_planner"",""requests"":[],""stop"":false}",,,HTTPError
9baa5d15a8179db6e7033524770a1b2fe1eaa79323c900c23e67a315679a0ed0,CICIoT2023,2,False,False,"{""fallback"":""rule_planner"",""requests"":[],""stop"":false}",,,HTTPError
9baa5d15a8179db6e7033524770a1b2fe1eaa79323c900c23e67a315679a0ed0,CICIoT2023,3,False,False,"{""fallback"":""rule_planner"",""requests"":[],""stop"":false}",,,HTTPError
dcb2addbad7b68e4a2d6f7092b2782cf878087e90bb9fca76024fe9c429384e2,CICIoT2023,1,False,False,"{""fallback"":""rule_planner"",""requests"":[],""stop"":false}",,,HTTPError
dcb2addbad7b68e4a2d6f7092b2782cf878087e90bb9fca76024fe9c429384e2,CICIoT2023,2,False,False,"{""fallback"":""rule_planner"",""requests"":[],""stop"":false}",,,HTTPError
dcb2addbad7b68e4a2d6f7092b2782cf878087e90bb9fca76024fe9c429384e2,CICIoT2023,3,False,False,"{""fallback"":""rule_planner"",""requests"":[],""stop"":false}",,,HTTPError
83e95ef51f12cc857e97c5723aed3ee04ab8aa760b2cbef04161ca0e1e20e500,CICIoT2023,1,False,False,"{""fallback"":""rule_planner"",""requests"":[],""stop"":false}",,,HTTPError
83e95ef51f12cc857e97c5723aed3ee04ab8aa760b2cbef04161ca0e1e20e500,CICIoT2023,2,False,False,"{""fallback"":""rule_planner"",""requests"":[],""stop"":false}",,,HTTPError
83e95ef51f12cc857e97c5723aed3ee04ab8aa760b2cbef04161ca0e1e20e500,CICIoT2023,3,False,False,"{""fallback"":""rule_planner"",""requests"":[],""stop"":false}",,,HTTPError
34afee35dd9afdfe55efd53cbad6603840478cceb540de96312b04db62660272,CICIoT2023,1,False,False,"{""fallback"":""rule_planner"",""requests"":[],""stop"":false}",,,HTTPError
34afee35dd9afdfe55efd53cbad6603840478cceb540de96312b04db62660272,CICIoT2023,2,False,False,"{""fallback"":""rule_planner"",""requests"":[],""stop"":false}",,,HTTPError
34afee35dd9afdfe55efd53cbad6603840478cceb540de96312b04db62660272,CICIoT2023,3,False,False,"{""fallback"":""rule_planner"",""requests"":[],""stop"":false}",,,HTTPError
14f6950e51b5502f47881aaa9ea73b562123b35e0360c91756d5bbdc6f482145,CICIoT2023,1,False,False,"{""fallback"":""rule_planner"",""requests"":[],""stop"":false}",,,HTTPError
14f6950e51b5502f47881aaa9ea73b562123b35e0360c91756d5bbdc6f482145,CICIoT2023,2,False,False,"{""fallback"":""rule_planner"",""requests"":[],""stop"":false}",,,HTTPError
14f6950e51b5502f47881aaa9ea73b562123b35e0360c91756d5bbdc6f482145,CICIoT2023,3,False,False,"{""fallback"":""rule_planner"",""requests"":[],""stop"":false}",,,HTTPError
5914fe8d25aa9c5c56037aa7201e9693c96e00db456ef9b45bc6cea7c0bd617a,USTC-TFC2016,1,False,False,"{""fallback"":""rule_planner"",""requests"":[],""stop"":false}",,,HTTPError
5914fe8d25aa9c5c56037aa7201e9693c96e00db456ef9b45bc6cea7c0bd617a,USTC-TFC2016,2,False,False,"{""fallback"":""rule_planner"",""requests"":[],""stop"":false}",,,HTTPError
5914fe8d25aa9c5c56037aa7201e9693c96e00db456ef9b45bc6cea7c0bd617a,USTC-TFC2016,3,False,False,"{""fallback"":""rule_planner"",""requests"":[],""stop"":false}",,,HTTPError
341cb0d91933e6be0e2399c6bb9f4b066781840cbdfa61713c9bfd4a3615468c,NF-IoT,1,False,False,"{""fallback"":""rule_planner"",""requests"":[],""stop"":false}",,,HTTPError
341cb0d91933e6be0e2399c6bb9f4b066781840cbdfa61713c9bfd4a3615468c,NF-IoT,2,False,False,"{""fallback"":""rule_planner"",""requests"":[],""stop"":false}",,,HTTPError
341cb0d91933e6be0e2399c6bb9f4b066781840cbdfa61713c9bfd4a3615468c,NF-IoT,3,False,False,"{""fallback"":""rule_planner"",""requests"":[],""stop"":false}",,,HTTPError
db00c404437650f3df5a8cf0b1a625ec1089b0b0c60a4fe1445e0293497ad41d,NF-IoT,1,False,False,"{""fallback"":""rule_planner"",""requests"":[],""stop"":false}",,,HTTPError
db00c404437650f3df5a8cf0b1a625ec1089b0b0c60a4fe1445e0293497ad41d,NF-IoT,2,False,False,"{""fallback"":""rule_planner"",""requests"":[],""stop"":false}",,,HTTPError
db00c404437650f3df5a8cf0b1a625ec1089b0b0c60a4fe1445e0293497ad41d,NF-IoT,3,False,False,"{""fallback"":""rule_planner"",""requests"":[],""stop"":false}",,,HTTPError
e1af7526706065984d23c464fa3b77931827fa00a4c5cea45e6aa31e2d585018,USTC-TFC2016,1,False,False,"{""fallback"":""rule_planner"",""requests"":[],""stop"":false}",,,HTTPError
e1af7526706065984d23c464fa3b77931827fa00a4c5cea45e6aa31e2d585018,USTC-TFC2016,2,False,False,"{""fallback"":""rule_planner"",""requests"":[],""stop"":false}",,,HTTPError
e1af7526706065984d23c464fa3b77931827fa00a4c5cea45e6aa31e2d585018,USTC-TFC2016,3,False,False,"{""fallback"":""rule_planner"",""requests"":[],""stop"":false}",,,HTTPError
081619f8ffb8f18144242b281256423dc1ad6c876a6293b7614b9d4b6e016da8,CICIoT2023,1,False,False,"{""fallback"":""rule_planner"",""requests"":[],""stop"":false}",,,HTTPError
081619f8ffb8f18144242b281256423dc1ad6c876a6293b7614b9d4b6e016da8,CICIoT2023,2,False,False,"{""fallback"":""rule_planner"",""requests"":[],""stop"":false}",,,HTTPError
081619f8ffb8f18144242b281256423dc1ad6c876a6293b7614b9d4b6e016da8,CICIoT2023,3,False,False,"{""fallback"":""rule_planner"",""requests"":[],""stop"":false}",,,HTTPError
d363cdd0f580fbbc53a986b879a81ba0785398718856d67049ce0eb0bd960fed,NF-IoT,1,False,False,"{""fallback"":""rule_planner"",""requests"":[],""stop"":false}",,,HTTPError
d363cdd0f580fbbc53a986b879a81ba0785398718856d67049ce0eb0bd960fed,NF-IoT,2,False,False,"{""fallback"":""rule_planner"",""requests"":[],""stop"":false}",,,HTTPError
d363cdd0f580fbbc53a986b879a81ba0785398718856d67049ce0eb0bd960fed,NF-IoT,3,False,False,"{""fallback"":""rule_planner"",""requests"":[],""stop"":false}",,,HTTPError
9d756b41cd4485f91d6ec823acf7047cccfa4078351fbaacc243bc181a7464bd,CICIoT2023,1,False,False,"{""fallback"":""rule_planner"",""requests"":[],""stop"":false}",,,HTTPError
9d756b41cd4485f91d6ec823acf7047cccfa4078351fbaacc243bc181a7464bd,CICIoT2023,2,False,False,"{""fallback"":""rule_planner"",""requests"":[],""stop"":false}",,,HTTPError
9d756b41cd4485f91d6ec823acf7047cccfa4078351fbaacc243bc181a7464bd,CICIoT2023,3,False,False,"{""fallback"":""rule_planner"",""requests"":[],""stop"":false}",,,HTTPError
3f431d9ee9177ba3262ef4fe1ed3c6d4ab822ff8437fc65006f93fd12fc5306e,CICIoT2023,1,False,False,"{""fallback"":""rule_planner"",""requests"":[],""stop"":false}",,,HTTPError
3f431d9ee9177ba3262ef4fe1ed3c6d4ab822ff8437fc65006f93fd12fc5306e,CICIoT2023,2,False,False,"{""fallback"":""rule_planner"",""requests"":[],""stop"":false}",,,HTTPError
3f431d9ee9177ba3262ef4fe1ed3c6d4ab822ff8437fc65006f93fd12fc5306e,CICIoT2023,3,False,False,"{""fallback"":""rule_planner"",""requests"":[],""stop"":false}",,,HTTPError
b6a18afcce5eaa731f30d9e9caf3af628054959c329995775adf02ce571115cb,USTC-TFC2016,1,False,False,"{""fallback"":""rule_planner"",""requests"":[],""stop"":false}",,,HTTPError
b6a18afcce5eaa731f30d9e9caf3af628054959c329995775adf02ce571115cb,USTC-TFC2016,2,False,False,"{""fallback"":""rule_planner"",""requests"":[],""stop"":false}",,,HTTPError
b6a18afcce5eaa731f30d9e9caf3af628054959c329995775adf02ce571115cb,USTC-TFC2016,3,False,False,"{""fallback"":""rule_planner"",""requests"":[],""stop"":false}",,,HTTPError
bd4d77634853e3c510e156c29e7ef672f259d77ffea7cc43ce8f4740f7900386,CICIoT2023,1,False,False,"{""fallback"":""rule_planner"",""requests"":[],""stop"":false}",,,HTTPError
bd4d77634853e3c510e156c29e7ef672f259d77ffea7cc43ce8f4740f7900386,CICIoT2023,2,False,False,"{""fallback"":""rule_planner"",""requests"":[],""stop"":false}",,,HTTPError
bd4d77634853e3c510e156c29e7ef672f259d77ffea7cc43ce8f4740f7900386,CICIoT2023,3,True,True,"{""requests"":[{""budget"":1,""expected_output"":""AgentEvidence"",""purpose"":""Analyze inter-arrival timing patterns and burst characteristics to validate or challenge the high-confidence malicious volume prediction"",""requested_agent"":""TimingBehaviorAgent""}],""stop"":false}",3874.425699992571,477,
7ebc30695b27b3168a0f553851549e6c8f049e8599425564b9ec3d21a177c98f,USTC-TFC2016,1,False,False,"{""fallback"":""rule_planner"",""requests"":[],""stop"":false}",,,HTTPError
7ebc30695b27b3168a0f553851549e6c8f049e8599425564b9ec3d21a177c98f,USTC-TFC2016,2,False,False,"{""fallback"":""rule_planner"",""requests"":[],""stop"":false}",,,HTTPError
7ebc30695b27b3168a0f553851549e6c8f049e8599425564b9ec3d21a177c98f,USTC-TFC2016,3,False,False,"{""fallback"":""rule_planner"",""requests"":[],""stop"":false}",,,HTTPError
3fca51cef85c5142ec6c4804742d52d8aab869d8a0d14a5dbd46c64c2dbfa1c0,USTC-TFC2016,1,False,False,"{""fallback"":""rule_planner"",""requests"":[],""stop"":false}",,,HTTPError
3fca51cef85c5142ec6c4804742d52d8aab869d8a0d14a5dbd46c64c2dbfa1c0,USTC-TFC2016,2,False,False,"{""fallback"":""rule_planner"",""requests"":[],""stop"":false}",,,HTTPError
3fca51cef85c5142ec6c4804742d52d8aab869d8a0d14a5dbd46c64c2dbfa1c0,USTC-TFC2016,3,False,False,"{""fallback"":""rule_planner"",""requests"":[],""stop"":false}",,,HTTPError
240e6677153dae01f3fe39bb7c2c4eb54b2b34b41d245ec794b375f1f3eccd01,USTC-TFC2016,1,False,False,"{""fallback"":""rule_planner"",""requests"":[],""stop"":false}",,,HTTPError
240e6677153dae01f3fe39bb7c2c4eb54b2b34b41d245ec794b375f1f3eccd01,USTC-TFC2016,2,False,False,"{""fallback"":""rule_planner"",""requests"":[],""stop"":false}",,,HTTPError
240e6677153dae01f3fe39bb7c2c4eb54b2b34b41d245ec794b375f1f3eccd01,USTC-TFC2016,3,False,False,"{""fallback"":""rule_planner"",""requests"":[],""stop"":false}",,,HTTPError
fced84bc07f9d9710e692f965ad4812698133f3424c50dd952d3c0cc2c67f9b0,USTC-TFC2016,1,False,False,"{""fallback"":""rule_planner"",""requests"":[],""stop"":false}",,,HTTPError
fced84bc07f9d9710e692f965ad4812698133f3424c50dd952d3c0cc2c67f9b0,USTC-TFC2016,2,True,True,"{""requests"":[{""budget"":1,""expected_output"":""AgentEvidence"",""purpose"":""Obtain temporal dynamics evidence to complement statistical analysis and reduce uncertainty for USTC-TFC2016 traffic classification"",""requested_agent"":""TemporalEvidenceAgent""}],""stop"":false}",1931.2235999968834,471,HTTPError
fced84bc07f9d9710e692f965ad4812698133f3424c50dd952d3c0cc2c67f9b0,USTC-TFC2016,3,False,False,"{""fallback"":""rule_planner"",""requests"":[],""stop"":false}",,,HTTPError
0344ca38b06a3e06941ed02315e508284da22bef2f215799a32267e73ab5b90e,USTC-TFC2016,1,False,False,"{""fallback"":""rule_planner"",""requests"":[],""stop"":false}",,,HTTPError
0344ca38b06a3e06941ed02315e508284da22bef2f215799a32267e73ab5b90e,USTC-TFC2016,2,False,False,"{""fallback"":""rule_planner"",""requests"":[],""stop"":false}",,,HTTPError
0344ca38b06a3e06941ed02315e508284da22bef2f215799a32267e73ab5b90e,USTC-TFC2016,3,False,False,"{""fallback"":""rule_planner"",""requests"":[],""stop"":false}",,,HTTPError
b1486e1f3ed0db79b1c654e0630ca5765e8f52833dda793eebef57d77429b78a,CICIoT2023,1,False,False,"{""fallback"":""rule_planner"",""requests"":[],""stop"":false}",,,HTTPError
b1486e1f3ed0db79b1c654e0630ca5765e8f52833dda793eebef57d77429b78a,CICIoT2023,2,False,False,"{""fallback"":""rule_planner"",""requests"":[],""stop"":false}",,,HTTPError
b1486e1f3ed0db79b1c654e0630ca5765e8f52833dda793eebef57d77429b78a,CICIoT2023,3,False,False,"{""fallback"":""rule_planner"",""requests"":[],""stop"":false}",,,HTTPError
7c2b358c6126629af6f78cc3c5fb8e27e2c842b515d2614109c26522575e6dc9,CICIoT2023,1,False,False,"{""fallback"":""rule_planner"",""requests"":[],""stop"":false}",,,HTTPError
7c2b358c6126629af6f78cc3c5fb8e27e2c842b515d2614109c26522575e6dc9,CICIoT2023,2,False,False,"{""fallback"":""rule_planner"",""requests"":[],""stop"":false}",,,HTTPError
7c2b358c6126629af6f78cc3c5fb8e27e2c842b515d2614109c26522575e6dc9,CICIoT2023,3,False,False,"{""fallback"":""rule_planner"",""requests"":[],""stop"":false}",,,HTTPError
7fba23287fcf847885a857f2a2c6b00e0607bca47cfbc76ce88e39e702870d54,CICIoT2023,1,False,False,"{""fallback"":""rule_planner"",""requests"":[],""stop"":false}",,,HTTPError
7fba23287fcf847885a857f2a2c6b00e0607bca47cfbc76ce88e39e702870d54,CICIoT2023,2,False,False,"{""fallback"":""rule_planner"",""requests"":[],""stop"":false}",,,HTTPError
7fba23287fcf847885a857f2a2c6b00e0607bca47cfbc76ce88e39e702870d54,CICIoT2023,3,False,False,"{""fallback"":""rule_planner"",""requests"":[],""stop"":false}",,,HTTPError
378fe24549ffa1c3a538d6647ea941184e2b90d25868f5d8b73871c8aa1c6af8,CICIoT2023,1,False,False,"{""fallback"":""rule_planner"",""requests"":[],""stop"":false}",,,HTTPError
378fe24549ffa1c3a538d6647ea941184e2b90d25868f5d8b73871c8aa1c6af8,CICIoT2023,2,False,False,"{""fallback"":""rule_planner"",""requests"":[],""stop"":false}",,,HTTPError
378fe24549ffa1c3a538d6647ea941184e2b90d25868f5d8b73871c8aa1c6af8,CICIoT2023,3,False,False,"{""fallback"":""rule_planner"",""requests"":[],""stop"":false}",,,HTTPError
ead6df4c835634c38c6d680953ead7869f97feec86a04ead431ddae36e95f687,CICIoT2023,1,False,False,"{""fallback"":""rule_planner"",""requests"":[],""stop"":false}",,,HTTPError
ead6df4c835634c38c6d680953ead7869f97feec86a04ead431ddae36e95f687,CICIoT2023,2,False,False,"{""fallback"":""rule_planner"",""requests"":[],""stop"":false}",,,HTTPError
ead6df4c835634c38c6d680953ead7869f97feec86a04ead431ddae36e95f687,CICIoT2023,3,False,False,"{""fallback"":""rule_planner"",""requests"":[],""stop"":false}",,,HTTPError
cd367348a70c3e1d27c57baf40fc9606e3e3f1863a0ba3f245141e15b3fc0597,USTC-TFC2016,1,False,False,"{""fallback"":""rule_planner"",""requests"":[],""stop"":false}",,,HTTPError
cd367348a70c3e1d27c57baf40fc9606e3e3f1863a0ba3f245141e15b3fc0597,USTC-TFC2016,2,False,False,"{""fallback"":""rule_planner"",""requests"":[],""stop"":false}",,,HTTPError
cd367348a70c3e1d27c57baf40fc9606e3e3f1863a0ba3f245141e15b3fc0597,USTC-TFC2016,3,False,False,"{""fallback"":""rule_planner"",""requests"":[],""stop"":false}",,,HTTPError
101c1910551af1abb8b20a5d6c9e4e029ee90abde5c86ef57589d88b09022941,NF-IoT,1,False,False,"{""fallback"":""rule_planner"",""requests"":[],""stop"":false}",,,HTTPError
101c1910551af1abb8b20a5d6c9e4e029ee90abde5c86ef57589d88b09022941,NF-IoT,2,False,False,"{""fallback"":""rule_planner"",""requests"":[],""stop"":false}",,,HTTPError
101c1910551af1abb8b20a5d6c9e4e029ee90abde5c86ef57589d88b09022941,NF-IoT,3,False,False,"{""fallback"":""rule_planner"",""requests"":[],""stop"":false}",,,HTTPError
9da1f1fcc25153974b37515bd689a19ac9a65718193bba3ef526a5e7e509bc34,USTC-TFC2016,1,False,False,"{""fallback"":""rule_planner"",""requests"":[],""stop"":false}",,,HTTPError
9da1f1fcc25153974b37515bd689a19ac9a65718193bba3ef526a5e7e509bc34,USTC-TFC2016,2,False,False,"{""fallback"":""rule_planner"",""requests"":[],""stop"":false}",,,HTTPError
9da1f1fcc25153974b37515bd689a19ac9a65718193bba3ef526a5e7e509bc34,USTC-TFC2016,3,False,False,"{""fallback"":""rule_planner"",""requests"":[],""stop"":false}",,,HTTPError
0b604c9e9858319fbd59775dccb65edd4609efd1e3b59ad61919976e2ce578e5,USTC-TFC2016,1,False,False,"{""fallback"":""rule_planner"",""requests"":[],""stop"":false}",,,HTTPError
0b604c9e9858319fbd59775dccb65edd4609efd1e3b59ad61919976e2ce578e5,USTC-TFC2016,2,False,False,"{""fallback"":""rule_planner"",""requests"":[],""stop"":false}",,,HTTPError
0b604c9e9858319fbd59775dccb65edd4609efd1e3b59ad61919976e2ce578e5,USTC-TFC2016,3,False,False,"{""fallback"":""rule_planner"",""requests"":[],""stop"":false}",,,HTTPError
bdaccbde63f908141607186b983f49cea95339af05b7b2177a8b4cf7481972f7,USTC-TFC2016,1,False,False,"{""fallback"":""rule_planner"",""requests"":[],""stop"":false}",,,HTTPError
bdaccbde63f908141607186b983f49cea95339af05b7b2177a8b4cf7481972f7,USTC-TFC2016,2,False,False,"{""fallback"":""rule_planner"",""requests"":[],""stop"":false}",,,HTTPError
bdaccbde63f908141607186b983f49cea95339af05b7b2177a8b4cf7481972f7,USTC-TFC2016,3,False,False,"{""fallback"":""rule_planner"",""requests"":[],""stop"":false}",,,HTTPError
a265eb9f11a363db443769b2e03455131936ad05a0eb4a57c11595c4326ab495,USTC-TFC2016,1,False,False,"{""fallback"":""rule_planner"",""requests"":[],""stop"":false}",,,HTTPError
a265eb9f11a363db443769b2e03455131936ad05a0eb4a57c11595c4326ab495,USTC-TFC2016,2,False,False,"{""fallback"":""rule_planner"",""requests"":[],""stop"":false}",,,HTTPError
a265eb9f11a363db443769b2e03455131936ad05a0eb4a57c11595c4326ab495,USTC-TFC2016,3,False,False,"{""fallback"":""rule_planner"",""requests"":[],""stop"":false}",,,HTTPError
5b0b213796ba7b864a42d33322d92a476f9d4be3c44fe8a223fc77acd7061798,USTC-TFC2016,1,False,False,"{""fallback"":""rule_planner"",""requests"":[],""stop"":false}",,,HTTPError
5b0b213796ba7b864a42d33322d92a476f9d4be3c44fe8a223fc77acd7061798,USTC-TFC2016,2,False,False,"{""fallback"":""rule_planner"",""requests"":[],""stop"":false}",,,HTTPError
5b0b213796ba7b864a42d33322d92a476f9d4be3c44fe8a223fc77acd7061798,USTC-TFC2016,3,False,False,"{""fallback"":""rule_planner"",""requests"":[],""stop"":false}",,,HTTPError
71b3315271544938dcdd56fa1eb4b2f997a12792b297a00e89405759dc7bf437,NF-IoT,1,False,False,"{""fallback"":""rule_planner"",""requests"":[],""stop"":false}",,,HTTPError
71b3315271544938dcdd56fa1eb4b2f997a12792b297a00e89405759dc7bf437,NF-IoT,2,False,False,"{""fallback"":""rule_planner"",""requests"":[],""stop"":false}",,,HTTPError
71b3315271544938dcdd56fa1eb4b2f997a12792b297a00e89405759dc7bf437,NF-IoT,3,False,False,"{""fallback"":""rule_planner"",""requests"":[],""stop"":false}",,,HTTPError
6a412a7725ca87784307953537d590a949ceb679a65b5f01a772b4755304e60c,USTC-TFC2016,1,False,False,"{""fallback"":""rule_planner"",""requests"":[],""stop"":false}",,,HTTPError
6a412a7725ca87784307953537d590a949ceb679a65b5f01a772b4755304e60c,USTC-TFC2016,2,False,False,"{""fallback"":""rule_planner"",""requests"":[],""stop"":false}",,,HTTPError
6a412a7725ca87784307953537d590a949ceb679a65b5f01a772b4755304e60c,USTC-TFC2016,3,False,False,"{""fallback"":""rule_planner"",""requests"":[],""stop"":false}",,,HTTPError
a455215ca6248b44857b3370564049e0eaa72642d431b7b99f54117e95e619f8,USTC-TFC2016,1,False,False,"{""fallback"":""rule_planner"",""requests"":[],""stop"":false}",,,HTTPError
a455215ca6248b44857b3370564049e0eaa72642d431b7b99f54117e95e619f8,USTC-TFC2016,2,False,False,"{""fallback"":""rule_planner"",""requests"":[],""stop"":false}",,,HTTPError
a455215ca6248b44857b3370564049e0eaa72642d431b7b99f54117e95e619f8,USTC-TFC2016,3,False,False,"{""fallback"":""rule_planner"",""requests"":[],""stop"":false}",,,HTTPError
7fac861378204543d19cccc0828cd612be37673e239db861bec2bfe11ce7dfde,NF-IoT,1,False,False,"{""fallback"":""rule_planner"",""requests"":[],""stop"":false}",,,HTTPError
7fac861378204543d19cccc0828cd612be37673e239db861bec2bfe11ce7dfde,NF-IoT,2,False,False,"{""fallback"":""rule_planner"",""requests"":[],""stop"":false}",,,HTTPError
7fac861378204543d19cccc0828cd612be37673e239db861bec2bfe11ce7dfde,NF-IoT,3,False,False,"{""fallback"":""rule_planner"",""requests"":[],""stop"":false}",,,HTTPError
f8c3da7d56a486ef55fe0142b134d2d9b81055fe4247d07353c0bb9a156c4ccd,CICIoT2023,1,False,False,"{""fallback"":""rule_planner"",""requests"":[],""stop"":false}",,,HTTPError
f8c3da7d56a486ef55fe0142b134d2d9b81055fe4247d07353c0bb9a156c4ccd,CICIoT2023,2,False,False,"{""fallback"":""rule_planner"",""requests"":[],""stop"":false}",,,HTTPError
f8c3da7d56a486ef55fe0142b134d2d9b81055fe4247d07353c0bb9a156c4ccd,CICIoT2023,3,False,False,"{""fallback"":""rule_planner"",""requests"":[],""stop"":false}",,,HTTPError
5257f9568c0886a67b2825b7f5efa0b688e17173830428fc0960258366f2fe17,USTC-TFC2016,1,False,False,"{""fallback"":""rule_planner"",""requests"":[],""stop"":false}",,,HTTPError
5257f9568c0886a67b2825b7f5efa0b688e17173830428fc0960258366f2fe17,USTC-TFC2016,2,False,False,"{""fallback"":""rule_planner"",""requests"":[],""stop"":false}",,,HTTPError
5257f9568c0886a67b2825b7f5efa0b688e17173830428fc0960258366f2fe17,USTC-TFC2016,3,False,False,"{""fallback"":""rule_planner"",""requests"":[],""stop"":false}",,,HTTPError
fc5778d5149d588077c53321fa7454ddd507dc48e16b3a861b8776c87cc0eed9,NF-IoT,1,False,False,"{""fallback"":""rule_planner"",""requests"":[],""stop"":false}",,,HTTPError
fc5778d5149d588077c53321fa7454ddd507dc48e16b3a861b8776c87cc0eed9,NF-IoT,2,False,False,"{""fallback"":""rule_planner"",""requests"":[],""stop"":false}",,,HTTPError
fc5778d5149d588077c53321fa7454ddd507dc48e16b3a861b8776c87cc0eed9,NF-IoT,3,False,False,"{""fallback"":""rule_planner"",""requests"":[],""stop"":false}",,,HTTPError
c75eff78e13182115be8480fa9c8a8c53e9ebf1576283c4d75c6628511b5e0fc,CICIoT2023,1,False,False,"{""fallback"":""rule_planner"",""requests"":[],""stop"":false}",,,HTTPError
c75eff78e13182115be8480fa9c8a8c53e9ebf1576283c4d75c6628511b5e0fc,CICIoT2023,2,False,False,"{""fallback"":""rule_planner"",""requests"":[],""stop"":false}",,,HTTPError
c75eff78e13182115be8480fa9c8a8c53e9ebf1576283c4d75c6628511b5e0fc,CICIoT2023,3,False,False,"{""fallback"":""rule_planner"",""requests"":[],""stop"":false}",,,HTTPError
43528e5817e39facfb813fa03ead658f7fe65be8e027309ecda9f6f6e791eafa,NF-IoT,1,False,False,"{""fallback"":""rule_planner"",""requests"":[],""stop"":false}",,,HTTPError
43528e5817e39facfb813fa03ead658f7fe65be8e027309ecda9f6f6e791eafa,NF-IoT,2,False,False,"{""fallback"":""rule_planner"",""requests"":[],""stop"":false}",,,HTTPError
43528e5817e39facfb813fa03ead658f7fe65be8e027309ecda9f6f6e791eafa,NF-IoT,3,False,False,"{""fallback"":""rule_planner"",""requests"":[],""stop"":false}",,,HTTPError
727fa78224bd6fa844956e608b475037cc6127fb5e1adb58bbdccee909214788,CICIoT2023,1,False,False,"{""fallback"":""rule_planner"",""requests"":[],""stop"":false}",,,HTTPError
727fa78224bd6fa844956e608b475037cc6127fb5e1adb58bbdccee909214788,CICIoT2023,2,False,False,"{""fallback"":""rule_planner"",""requests"":[],""stop"":false}",,,HTTPError
727fa78224bd6fa844956e608b475037cc6127fb5e1adb58bbdccee909214788,CICIoT2023,3,False,False,"{""fallback"":""rule_planner"",""requests"":[],""stop"":false}",,,HTTPError
848bdc8a8288e55f97a15c10230e2fb1aa17623ceee740d0e7c4d6d5574f243e,USTC-TFC2016,1,False,False,"{""fallback"":""rule_planner"",""requests"":[],""stop"":false}",,,HTTPError
848bdc8a8288e55f97a15c10230e2fb1aa17623ceee740d0e7c4d6d5574f243e,USTC-TFC2016,2,False,False,"{""fallback"":""rule_planner"",""requests"":[],""stop"":false}",,,HTTPError
848bdc8a8288e55f97a15c10230e2fb1aa17623ceee740d0e7c4d6d5574f243e,USTC-TFC2016,3,False,False,"{""fallback"":""rule_planner"",""requests"":[],""stop"":false}",,,HTTPError
5469b3c9ba02e066feee776da5e40fa2fa9c493c6065483a9406a4ed0cf925ac,CICIoT2023,1,False,False,"{""fallback"":""rule_planner"",""requests"":[],""stop"":false}",,,HTTPError
5469b3c9ba02e066feee776da5e40fa2fa9c493c6065483a9406a4ed0cf925ac,CICIoT2023,2,False,False,"{""fallback"":""rule_planner"",""requests"":[],""stop"":false}",,,HTTPError
5469b3c9ba02e066feee776da5e40fa2fa9c493c6065483a9406a4ed0cf925ac,CICIoT2023,3,False,False,"{""fallback"":""rule_planner"",""requests"":[],""stop"":false}",,,HTTPError
46444390e27da5eb43dc67312fb657ab7fdcd0d2b8510bab7c249bf48890c2ff,NF-IoT,1,False,False,"{""fallback"":""rule_planner"",""requests"":[],""stop"":false}",,,HTTPError
46444390e27da5eb43dc67312fb657ab7fdcd0d2b8510bab7c249bf48890c2ff,NF-IoT,2,False,False,"{""fallback"":""rule_planner"",""requests"":[],""stop"":false}",,,HTTPError
46444390e27da5eb43dc67312fb657ab7fdcd0d2b8510bab7c249bf48890c2ff,NF-IoT,3,False,False,"{""fallback"":""rule_planner"",""requests"":[],""stop"":false}",,,HTTPError
3914635bb8b88674726f9d0e5380ffbceba4940736a6edd633a343f35f0e62c8,NF-IoT,1,False,False,"{""fallback"":""rule_planner"",""requests"":[],""stop"":false}",,,HTTPError
3914635bb8b88674726f9d0e5380ffbceba4940736a6edd633a343f35f0e62c8,NF-IoT,2,False,False,"{""fallback"":""rule_planner"",""requests"":[],""stop"":false}",,,HTTPError
3914635bb8b88674726f9d0e5380ffbceba4940736a6edd633a343f35f0e62c8,NF-IoT,3,False,False,"{""fallback"":""rule_planner"",""requests"":[],""stop"":false}",,,HTTPError
2c79defd2641c06371e9dba9a4bfe81092150d3dd4a0cdb3d572190919ad3b39,USTC-TFC2016,1,False,False,"{""fallback"":""rule_planner"",""requests"":[],""stop"":false}",,,HTTPError
2c79defd2641c06371e9dba9a4bfe81092150d3dd4a0cdb3d572190919ad3b39,USTC-TFC2016,2,False,False,"{""fallback"":""rule_planner"",""requests"":[],""stop"":false}",,,HTTPError
2c79defd2641c06371e9dba9a4bfe81092150d3dd4a0cdb3d572190919ad3b39,USTC-TFC2016,3,False,False,"{""fallback"":""rule_planner"",""requests"":[],""stop"":false}",,,HTTPError
260d892c38f23206f883211d11f40a279540bf44f530a9dac03e3f360f680fe5,NF-IoT,1,False,False,"{""fallback"":""rule_planner"",""requests"":[],""stop"":false}",,,HTTPError
260d892c38f23206f883211d11f40a279540bf44f530a9dac03e3f360f680fe5,NF-IoT,2,False,False,"{""fallback"":""rule_planner"",""requests"":[],""stop"":false}",,,HTTPError
260d892c38f23206f883211d11f40a279540bf44f530a9dac03e3f360f680fe5,NF-IoT,3,False,False,"{""fallback"":""rule_planner"",""requests"":[],""stop"":false}",,,HTTPError
e0629a67751ce6b23c8ed7fef7ee006a2d9e80fd641055d6af3513cc6eb59e7a,USTC-TFC2016,1,False,False,"{""fallback"":""rule_planner"",""requests"":[],""stop"":false}",,,HTTPError
e0629a67751ce6b23c8ed7fef7ee006a2d9e80fd641055d6af3513cc6eb59e7a,USTC-TFC2016,2,False,False,"{""fallback"":""rule_planner"",""requests"":[],""stop"":false}",,,HTTPError
e0629a67751ce6b23c8ed7fef7ee006a2d9e80fd641055d6af3513cc6eb59e7a,USTC-TFC2016,3,False,False,"{""fallback"":""rule_planner"",""requests"":[],""stop"":false}",,,HTTPError
fc967b7444bd2c8873f266ff094dc4eebb3e20cfd00e34b6babe6719396e3d16,CICIoT2023,1,False,False,"{""fallback"":""rule_planner"",""requests"":[],""stop"":false}",,,HTTPError
fc967b7444bd2c8873f266ff094dc4eebb3e20cfd00e34b6babe6719396e3d16,CICIoT2023,2,False,False,"{""fallback"":""rule_planner"",""requests"":[],""stop"":false}",,,HTTPError
fc967b7444bd2c8873f266ff094dc4eebb3e20cfd00e34b6babe6719396e3d16,CICIoT2023,3,False,False,"{""fallback"":""rule_planner"",""requests"":[],""stop"":false}",,,HTTPError
1c0cb9414c91a195750625119df68e846dad48e051cd12f0f559b802c9d539f8,USTC-TFC2016,1,False,False,"{""fallback"":""rule_planner"",""requests"":[],""stop"":false}",,,HTTPError
1c0cb9414c91a195750625119df68e846dad48e051cd12f0f559b802c9d539f8,USTC-TFC2016,2,False,False,"{""fallback"":""rule_planner"",""requests"":[],""stop"":false}",,,HTTPError
1c0cb9414c91a195750625119df68e846dad48e051cd12f0f559b802c9d539f8,USTC-TFC2016,3,False,False,"{""fallback"":""rule_planner"",""requests"":[],""stop"":false}",,,HTTPError
3bba2e8630b0347a60b8230ec8a974520d31949299a67d0ea395d8c106dcc1c0,NF-IoT,1,False,False,"{""fallback"":""rule_planner"",""requests"":[],""stop"":false}",,,HTTPError
3bba2e8630b0347a60b8230ec8a974520d31949299a67d0ea395d8c106dcc1c0,NF-IoT,2,False,False,"{""fallback"":""rule_planner"",""requests"":[],""stop"":false}",,,HTTPError
3bba2e8630b0347a60b8230ec8a974520d31949299a67d0ea395d8c106dcc1c0,NF-IoT,3,False,False,"{""fallback"":""rule_planner"",""requests"":[],""stop"":false}",,,HTTPError
a1e68cccaf5d3de57bfed0de5c12c8f4e9c9df57fe4bd874e4fb92deebf06826,NF-IoT,1,False,False,"{""fallback"":""rule_planner"",""requests"":[],""stop"":false}",,,HTTPError
a1e68cccaf5d3de57bfed0de5c12c8f4e9c9df57fe4bd874e4fb92deebf06826,NF-IoT,2,False,False,"{""fallback"":""rule_planner"",""requests"":[],""stop"":false}",,,HTTPError
a1e68cccaf5d3de57bfed0de5c12c8f4e9c9df57fe4bd874e4fb92deebf06826,NF-IoT,3,False,False,"{""fallback"":""rule_planner"",""requests"":[],""stop"":false}",,,HTTPError
9a84ea3dd3b5c59166780c72664163aeaf93576499f00446b74dc1cdc1c85a2e,CICIoT2023,1,False,False,"{""fallback"":""rule_planner"",""requests"":[],""stop"":false}",,,HTTPError
9a84ea3dd3b5c59166780c72664163aeaf93576499f00446b74dc1cdc1c85a2e,CICIoT2023,2,False,False,"{""fallback"":""rule_planner"",""requests"":[],""stop"":false}",,,HTTPError
9a84ea3dd3b5c59166780c72664163aeaf93576499f00446b74dc1cdc1c85a2e,CICIoT2023,3,False,False,"{""fallback"":""rule_planner"",""requests"":[],""stop"":false}",,,HTTPError
b55ad464c233f47d8818be2ebfaed1f310761ab257382b5eb81f1d4bc2eccaae,USTC-TFC2016,1,False,False,"{""fallback"":""rule_planner"",""requests"":[],""stop"":false}",,,HTTPError
b55ad464c233f47d8818be2ebfaed1f310761ab257382b5eb81f1d4bc2eccaae,USTC-TFC2016,2,False,False,"{""fallback"":""rule_planner"",""requests"":[],""stop"":false}",,,HTTPError
b55ad464c233f47d8818be2ebfaed1f310761ab257382b5eb81f1d4bc2eccaae,USTC-TFC2016,3,False,False,"{""fallback"":""rule_planner"",""requests"":[],""stop"":false}",,,HTTPError
398a8e4696bd62b08d286f701ddf9a08fe449ee09269f786ad4d2c473107746a,CICIoT2023,1,False,False,"{""fallback"":""rule_planner"",""requests"":[],""stop"":false}",,,HTTPError
398a8e4696bd62b08d286f701ddf9a08fe449ee09269f786ad4d2c473107746a,CICIoT2023,2,False,False,"{""fallback"":""rule_planner"",""requests"":[],""stop"":false}",,,HTTPError
398a8e4696bd62b08d286f701ddf9a08fe449ee09269f786ad4d2c473107746a,CICIoT2023,3,False,False,"{""fallback"":""rule_planner"",""requests"":[],""stop"":false}",,,HTTPError
5b90af597d777e2f80e4a22c6a6562ef9d2e032128967650932f75e0e909368d,USTC-TFC2016,1,False,False,"{""fallback"":""rule_planner"",""requests"":[],""stop"":false}",,,HTTPError
5b90af597d777e2f80e4a22c6a6562ef9d2e032128967650932f75e0e909368d,USTC-TFC2016,2,False,False,"{""fallback"":""rule_planner"",""requests"":[],""stop"":false}",,,HTTPError
5b90af597d777e2f80e4a22c6a6562ef9d2e032128967650932f75e0e909368d,USTC-TFC2016,3,False,False,"{""fallback"":""rule_planner"",""requests"":[],""stop"":false}",,,HTTPError
9693f499d0311537b6557e244221aa364e5d3907c8fb114356fdfcd42e30bf13,CICIoT2023,1,False,False,"{""fallback"":""rule_planner"",""requests"":[],""stop"":false}",,,HTTPError
9693f499d0311537b6557e244221aa364e5d3907c8fb114356fdfcd42e30bf13,CICIoT2023,2,False,False,"{""fallback"":""rule_planner"",""requests"":[],""stop"":false}",,,HTTPError
9693f499d0311537b6557e244221aa364e5d3907c8fb114356fdfcd42e30bf13,CICIoT2023,3,False,False,"{""fallback"":""rule_planner"",""requests"":[],""stop"":false}",,,HTTPError
cca4e4c2fbff037836edee83f127efc89868c8f3a315cde477301d1100038910,CICIoT2023,1,False,False,"{""fallback"":""rule_planner"",""requests"":[],""stop"":false}",,,HTTPError
cca4e4c2fbff037836edee83f127efc89868c8f3a315cde477301d1100038910,CICIoT2023,2,False,False,"{""fallback"":""rule_planner"",""requests"":[],""stop"":false}",,,HTTPError
cca4e4c2fbff037836edee83f127efc89868c8f3a315cde477301d1100038910,CICIoT2023,3,False,False,"{""fallback"":""rule_planner"",""requests"":[],""stop"":false}",,,HTTPError
8d19c41840c3b0fa1e2fa803873765412f304ee5d1ba0061cc6ea82b2ea248e9,CICIoT2023,1,False,False,"{""fallback"":""rule_planner"",""requests"":[],""stop"":false}",,,HTTPError
8d19c41840c3b0fa1e2fa803873765412f304ee5d1ba0061cc6ea82b2ea248e9,CICIoT2023,2,False,False,"{""fallback"":""rule_planner"",""requests"":[],""stop"":false}",,,HTTPError
8d19c41840c3b0fa1e2fa803873765412f304ee5d1ba0061cc6ea82b2ea248e9,CICIoT2023,3,False,False,"{""fallback"":""rule_planner"",""requests"":[],""stop"":false}",,,HTTPError
d233d944711dc989f0d7d21bac61a5dece0e381de346bea8e444b50d10173e0f,CICIoT2023,1,False,False,"{""fallback"":""rule_planner"",""requests"":[],""stop"":false}",,,HTTPError
d233d944711dc989f0d7d21bac61a5dece0e381de346bea8e444b50d10173e0f,CICIoT2023,2,False,False,"{""fallback"":""rule_planner"",""requests"":[],""stop"":false}",,,HTTPError
d233d944711dc989f0d7d21bac61a5dece0e381de346bea8e444b50d10173e0f,CICIoT2023,3,False,False,"{""fallback"":""rule_planner"",""requests"":[],""stop"":false}",,,HTTPError
dc5d6f25c82b0b634da8be44b988ceb726932c8bc7fea1ba313bfa493a9b2f97,USTC-TFC2016,1,False,False,"{""fallback"":""rule_planner"",""requests"":[],""stop"":false}",,,HTTPError
dc5d6f25c82b0b634da8be44b988ceb726932c8bc7fea1ba313bfa493a9b2f97,USTC-TFC2016,2,False,False,"{""fallback"":""rule_planner"",""requests"":[],""stop"":false}",,,HTTPError
dc5d6f25c82b0b634da8be44b988ceb726932c8bc7fea1ba313bfa493a9b2f97,USTC-TFC2016,3,False,False,"{""fallback"":""rule_planner"",""requests"":[],""stop"":false}",,,HTTPError
e569901bd59bc60f55fe5fcfb6c699ccea790c0e09e5b7de13c489a0d92f57b5,CICIoT2023,1,False,False,"{""fallback"":""rule_planner"",""requests"":[],""stop"":false}",,,HTTPError
e569901bd59bc60f55fe5fcfb6c699ccea790c0e09e5b7de13c489a0d92f57b5,CICIoT2023,2,False,False,"{""fallback"":""rule_planner"",""requests"":[],""stop"":false}",,,HTTPError
e569901bd59bc60f55fe5fcfb6c699ccea790c0e09e5b7de13c489a0d92f57b5,CICIoT2023,3,False,False,"{""fallback"":""rule_planner"",""requests"":[],""stop"":false}",,,HTTPError
3f0b98d24663001064aecbfaaaf9f0a8218ce17e61c84a1a4439061713c43b46,CICIoT2023,1,False,False,"{""fallback"":""rule_planner"",""requests"":[],""stop"":false}",,,HTTPError
3f0b98d24663001064aecbfaaaf9f0a8218ce17e61c84a1a4439061713c43b46,CICIoT2023,2,False,False,"{""fallback"":""rule_planner"",""requests"":[],""stop"":false}",,,HTTPError
3f0b98d24663001064aecbfaaaf9f0a8218ce17e61c84a1a4439061713c43b46,CICIoT2023,3,False,False,"{""fallback"":""rule_planner"",""requests"":[],""stop"":false}",,,HTTPError
3c05fa944749f2395bbd8d4cb6ce27551f4fcf8b7b62d59d2a84ae6c95db5612,USTC-TFC2016,1,False,False,"{""fallback"":""rule_planner"",""requests"":[],""stop"":false}",,,HTTPError
3c05fa944749f2395bbd8d4cb6ce27551f4fcf8b7b62d59d2a84ae6c95db5612,USTC-TFC2016,2,False,False,"{""fallback"":""rule_planner"",""requests"":[],""stop"":false}",,,HTTPError
3c05fa944749f2395bbd8d4cb6ce27551f4fcf8b7b62d59d2a84ae6c95db5612,USTC-TFC2016,3,False,False,"{""fallback"":""rule_planner"",""requests"":[],""stop"":false}",,,HTTPError
5fb6428a45ea35ce79d07dd9d3cd4afd318d1f110a7c898a20d070bc69716812,NF-IoT,1,False,False,"{""fallback"":""rule_planner"",""requests"":[],""stop"":false}",,,HTTPError
5fb6428a45ea35ce79d07dd9d3cd4afd318d1f110a7c898a20d070bc69716812,NF-IoT,2,False,False,"{""fallback"":""rule_planner"",""requests"":[],""stop"":false}",,,HTTPError
5fb6428a45ea35ce79d07dd9d3cd4afd318d1f110a7c898a20d070bc69716812,NF-IoT,3,False,False,"{""fallback"":""rule_planner"",""requests"":[],""stop"":false}",,,HTTPError
52a4c5e6649a28fcf3498b385de6c07c4a9b55d44da178768131816f5bfffd3c,USTC-TFC2016,1,False,False,"{""fallback"":""rule_planner"",""requests"":[],""stop"":false}",,,HTTPError
52a4c5e6649a28fcf3498b385de6c07c4a9b55d44da178768131816f5bfffd3c,USTC-TFC2016,2,False,False,"{""fallback"":""rule_planner"",""requests"":[],""stop"":false}",,,HTTPError
52a4c5e6649a28fcf3498b385de6c07c4a9b55d44da178768131816f5bfffd3c,USTC-TFC2016,3,False,False,"{""fallback"":""rule_planner"",""requests"":[],""stop"":false}",,,HTTPError
b8e08d799e85c544bb02e0dcf075e1c39b4acaa61905a40c1f3ea8bcaddded94,USTC-TFC2016,1,False,False,"{""fallback"":""rule_planner"",""requests"":[],""stop"":false}",,,HTTPError
b8e08d799e85c544bb02e0dcf075e1c39b4acaa61905a40c1f3ea8bcaddded94,USTC-TFC2016,2,False,False,"{""fallback"":""rule_planner"",""requests"":[],""stop"":false}",,,HTTPError
b8e08d799e85c544bb02e0dcf075e1c39b4acaa61905a40c1f3ea8bcaddded94,USTC-TFC2016,3,False,False,"{""fallback"":""rule_planner"",""requests"":[],""stop"":false}",,,HTTPError
2a28f3d3077178add09cf16480f1f2b7a955010debd564fda42b71ce17fa6d96,CICIoT2023,1,False,False,"{""fallback"":""rule_planner"",""requests"":[],""stop"":false}",,,HTTPError
2a28f3d3077178add09cf16480f1f2b7a955010debd564fda42b71ce17fa6d96,CICIoT2023,2,False,False,"{""fallback"":""rule_planner"",""requests"":[],""stop"":false}",,,HTTPError
2a28f3d3077178add09cf16480f1f2b7a955010debd564fda42b71ce17fa6d96,CICIoT2023,3,False,False,"{""fallback"":""rule_planner"",""requests"":[],""stop"":false}",,,HTTPError
cee24dca078a642572cfa166605547338e42b370aad067790071e8bda1965bb3,CICIoT2023,1,False,False,"{""fallback"":""rule_planner"",""requests"":[],""stop"":false}",,,HTTPError
cee24dca078a642572cfa166605547338e42b370aad067790071e8bda1965bb3,CICIoT2023,2,False,False,"{""fallback"":""rule_planner"",""requests"":[],""stop"":false}",,,HTTPError
cee24dca078a642572cfa166605547338e42b370aad067790071e8bda1965bb3,CICIoT2023,3,False,False,"{""fallback"":""rule_planner"",""requests"":[],""stop"":false}",,,HTTPError
f43f1080a95a68dad54bf2c8d201720e17e9a5ec0f92e6bf1bef73c2515d422f,NF-IoT,1,False,False,"{""fallback"":""rule_planner"",""requests"":[],""stop"":false}",,,HTTPError
f43f1080a95a68dad54bf2c8d201720e17e9a5ec0f92e6bf1bef73c2515d422f,NF-IoT,2,False,False,"{""fallback"":""rule_planner"",""requests"":[],""stop"":false}",,,HTTPError
f43f1080a95a68dad54bf2c8d201720e17e9a5ec0f92e6bf1bef73c2515d422f,NF-IoT,3,False,False,"{""fallback"":""rule_planner"",""requests"":[],""stop"":false}",,,HTTPError
eecd4845e788495d0078beacbb91016d047198fd56b8465bdf3a3f434a1e3ff5,NF-IoT,1,False,False,"{""fallback"":""rule_planner"",""requests"":[],""stop"":false}",,,HTTPError
eecd4845e788495d0078beacbb91016d047198fd56b8465bdf3a3f434a1e3ff5,NF-IoT,2,False,False,"{""fallback"":""rule_planner"",""requests"":[],""stop"":false}",,,HTTPError
eecd4845e788495d0078beacbb91016d047198fd56b8465bdf3a3f434a1e3ff5,NF-IoT,3,False,False,"{""fallback"":""rule_planner"",""requests"":[],""stop"":false}",,,HTTPError
78a3af7386f3b45b9d0c684f437be01805d5d80ef75f10db37323dfde8f751fe,USTC-TFC2016,1,False,False,"{""fallback"":""rule_planner"",""requests"":[],""stop"":false}",,,HTTPError
78a3af7386f3b45b9d0c684f437be01805d5d80ef75f10db37323dfde8f751fe,USTC-TFC2016,2,False,False,"{""fallback"":""rule_planner"",""requests"":[],""stop"":false}",,,HTTPError
78a3af7386f3b45b9d0c684f437be01805d5d80ef75f10db37323dfde8f751fe,USTC-TFC2016,3,False,False,"{""fallback"":""rule_planner"",""requests"":[],""stop"":false}",,,HTTPError
96b84828db03ec7c163d7e325d022b2c2791654c3365513e44822ef69eb076fa,USTC-TFC2016,1,False,False,"{""fallback"":""rule_planner"",""requests"":[],""stop"":false}",,,HTTPError
96b84828db03ec7c163d7e325d022b2c2791654c3365513e44822ef69eb076fa,USTC-TFC2016,2,False,False,"{""fallback"":""rule_planner"",""requests"":[],""stop"":false}",,,HTTPError
96b84828db03ec7c163d7e325d022b2c2791654c3365513e44822ef69eb076fa,USTC-TFC2016,3,False,False,"{""fallback"":""rule_planner"",""requests"":[],""stop"":false}",,,HTTPError
4fb5f52c6c5387761e044c54f408b3b936c172db5c5096f51c9190b3ca2abd9c,NF-IoT,1,False,False,"{""fallback"":""rule_planner"",""requests"":[],""stop"":false}",,,HTTPError
4fb5f52c6c5387761e044c54f408b3b936c172db5c5096f51c9190b3ca2abd9c,NF-IoT,2,False,False,"{""fallback"":""rule_planner"",""requests"":[],""stop"":false}",,,HTTPError
4fb5f52c6c5387761e044c54f408b3b936c172db5c5096f51c9190b3ca2abd9c,NF-IoT,3,False,False,"{""fallback"":""rule_planner"",""requests"":[],""stop"":false}",,,HTTPError
787cf5f8bf6f83aec1b207f90b73568b135b07297330337889e9f5a41b4e01ba,NF-IoT,1,False,False,"{""fallback"":""rule_planner"",""requests"":[],""stop"":false}",,,HTTPError
787cf5f8bf6f83aec1b207f90b73568b135b07297330337889e9f5a41b4e01ba,NF-IoT,2,False,False,"{""fallback"":""rule_planner"",""requests"":[],""stop"":false}",,,HTTPError
787cf5f8bf6f83aec1b207f90b73568b135b07297330337889e9f5a41b4e01ba,NF-IoT,3,False,False,"{""fallback"":""rule_planner"",""requests"":[],""stop"":false}",,,HTTPError
db270d4d059b9f2ab6f047c0e2de763ff182d45d3e0fe3b922cd737f4db50f67,NF-IoT,1,False,False,"{""fallback"":""rule_planner"",""requests"":[],""stop"":false}",,,HTTPError
db270d4d059b9f2ab6f047c0e2de763ff182d45d3e0fe3b922cd737f4db50f67,NF-IoT,2,False,False,"{""fallback"":""rule_planner"",""requests"":[],""stop"":false}",,,HTTPError
db270d4d059b9f2ab6f047c0e2de763ff182d45d3e0fe3b922cd737f4db50f67,NF-IoT,3,False,False,"{""fallback"":""rule_planner"",""requests"":[],""stop"":false}",,,HTTPError
aec36df62dd339d543aa0137d921cf13485b7f231658bac8f366db7f346f51fd,NF-IoT,1,False,False,"{""fallback"":""rule_planner"",""requests"":[],""stop"":false}",,,HTTPError
aec36df62dd339d543aa0137d921cf13485b7f231658bac8f366db7f346f51fd,NF-IoT,2,False,False,"{""fallback"":""rule_planner"",""requests"":[],""stop"":false}",,,HTTPError
aec36df62dd339d543aa0137d921cf13485b7f231658bac8f366db7f346f51fd,NF-IoT,3,False,False,"{""fallback"":""rule_planner"",""requests"":[],""stop"":false}",,,HTTPError
e0d695a8fc5c884be2756f5fefa7712e5886ef2b5ec98557a2d70bba8f10a472,CICIoT2023,1,False,False,"{""fallback"":""rule_planner"",""requests"":[],""stop"":false}",,,HTTPError
e0d695a8fc5c884be2756f5fefa7712e5886ef2b5ec98557a2d70bba8f10a472,CICIoT2023,2,False,False,"{""fallback"":""rule_planner"",""requests"":[],""stop"":false}",,,HTTPError
e0d695a8fc5c884be2756f5fefa7712e5886ef2b5ec98557a2d70bba8f10a472,CICIoT2023,3,False,False,"{""fallback"":""rule_planner"",""requests"":[],""stop"":false}",,,HTTPError
dafc7a286c4e9b9251dd0ce66e4dafc07000b16a7513b46506c9fd39c91835a6,NF-IoT,1,False,False,"{""fallback"":""rule_planner"",""requests"":[],""stop"":false}",,,HTTPError
dafc7a286c4e9b9251dd0ce66e4dafc07000b16a7513b46506c9fd39c91835a6,NF-IoT,2,False,False,"{""fallback"":""rule_planner"",""requests"":[],""stop"":false}",,,HTTPError
dafc7a286c4e9b9251dd0ce66e4dafc07000b16a7513b46506c9fd39c91835a6,NF-IoT,3,False,False,"{""fallback"":""rule_planner"",""requests"":[],""stop"":false}",,,HTTPError
175014312ce8e58f5765ac5bf27a211a6a34567377c00347d178f46084195d7f,CICIoT2023,1,False,False,"{""fallback"":""rule_planner"",""requests"":[],""stop"":false}",,,HTTPError
175014312ce8e58f5765ac5bf27a211a6a34567377c00347d178f46084195d7f,CICIoT2023,2,False,False,"{""fallback"":""rule_planner"",""requests"":[],""stop"":false}",,,HTTPError
175014312ce8e58f5765ac5bf27a211a6a34567377c00347d178f46084195d7f,CICIoT2023,3,False,False,"{""fallback"":""rule_planner"",""requests"":[],""stop"":false}",,,HTTPError
ee36f40a7b3dd8693bcd855d3cd652916656ddf488eddffa1ca7a948637f577a,USTC-TFC2016,1,False,False,"{""fallback"":""rule_planner"",""requests"":[],""stop"":false}",,,HTTPError
ee36f40a7b3dd8693bcd855d3cd652916656ddf488eddffa1ca7a948637f577a,USTC-TFC2016,2,False,False,"{""fallback"":""rule_planner"",""requests"":[],""stop"":false}",,,HTTPError
ee36f40a7b3dd8693bcd855d3cd652916656ddf488eddffa1ca7a948637f577a,USTC-TFC2016,3,False,False,"{""fallback"":""rule_planner"",""requests"":[],""stop"":false}",,,HTTPError
fd5ba1901bfd0d95be797f5788330c0ff2f3a6df752702fa8ff4dfb3fb7c33da,USTC-TFC2016,1,False,False,"{""fallback"":""rule_planner"",""requests"":[],""stop"":false}",,,HTTPError
fd5ba1901bfd0d95be797f5788330c0ff2f3a6df752702fa8ff4dfb3fb7c33da,USTC-TFC2016,2,False,False,"{""fallback"":""rule_planner"",""requests"":[],""stop"":false}",,,HTTPError
fd5ba1901bfd0d95be797f5788330c0ff2f3a6df752702fa8ff4dfb3fb7c33da,USTC-TFC2016,3,False,False,"{""fallback"":""rule_planner"",""requests"":[],""stop"":false}",,,HTTPError
9a6bf48d10a699772357c235b826bab3352e190fa767926bc87649fd2bdccd61,NF-IoT,1,False,False,"{""fallback"":""rule_planner"",""requests"":[],""stop"":false}",,,HTTPError
9a6bf48d10a699772357c235b826bab3352e190fa767926bc87649fd2bdccd61,NF-IoT,2,False,False,"{""fallback"":""rule_planner"",""requests"":[],""stop"":false}",,,HTTPError
9a6bf48d10a699772357c235b826bab3352e190fa767926bc87649fd2bdccd61,NF-IoT,3,False,False,"{""fallback"":""rule_planner"",""requests"":[],""stop"":false}",,,HTTPError
075640f6d98279236efd4b95bfccdb33b981b93ee465db6e156fac17c38bf808,CICIoT2023,1,False,False,"{""fallback"":""rule_planner"",""requests"":[],""stop"":false}",,,HTTPError
075640f6d98279236efd4b95bfccdb33b981b93ee465db6e156fac17c38bf808,CICIoT2023,2,False,False,"{""fallback"":""rule_planner"",""requests"":[],""stop"":false}",,,HTTPError
075640f6d98279236efd4b95bfccdb33b981b93ee465db6e156fac17c38bf808,CICIoT2023,3,True,True,"{""requests"":[{""budget"":1,""expected_output"":""AgentEvidence"",""purpose"":""Analyze inter-arrival timing patterns and burst characteristics to validate benign volume behavior"",""requested_agent"":""TimingBehaviorAgent""}],""stop"":false}",2571.2701000156812,463,HTTPError
27de0273a12199fe8b6d343e3677ae5becc97c92a97fde5ec1289150d424777d,USTC-TFC2016,1,False,False,"{""fallback"":""rule_planner"",""requests"":[],""stop"":false}",,,HTTPError
27de0273a12199fe8b6d343e3677ae5becc97c92a97fde5ec1289150d424777d,USTC-TFC2016,2,False,False,"{""fallback"":""rule_planner"",""requests"":[],""stop"":false}",,,HTTPError
27de0273a12199fe8b6d343e3677ae5becc97c92a97fde5ec1289150d424777d,USTC-TFC2016,3,False,False,"{""fallback"":""rule_planner"",""requests"":[],""stop"":false}",,,HTTPError
fbfc7f73a9840fddaa51fc36193bfe7c3e46d8eaa1de9234f57d0492d1550b63,CICIoT2023,1,False,False,"{""fallback"":""rule_planner"",""requests"":[],""stop"":false}",,,HTTPError
fbfc7f73a9840fddaa51fc36193bfe7c3e46d8eaa1de9234f57d0492d1550b63,CICIoT2023,2,False,False,"{""fallback"":""rule_planner"",""requests"":[],""stop"":false}",,,HTTPError
fbfc7f73a9840fddaa51fc36193bfe7c3e46d8eaa1de9234f57d0492d1550b63,CICIoT2023,3,False,False,"{""fallback"":""rule_planner"",""requests"":[],""stop"":false}",,,HTTPError
41aacaa6b03d55f3911a7a0a3c83a42d85b0d9e603b08fa0b5a48f02c6a8f593,USTC-TFC2016,1,False,False,"{""fallback"":""rule_planner"",""requests"":[],""stop"":false}",,,HTTPError
41aacaa6b03d55f3911a7a0a3c83a42d85b0d9e603b08fa0b5a48f02c6a8f593,USTC-TFC2016,2,False,False,"{""fallback"":""rule_planner"",""requests"":[],""stop"":false}",,,HTTPError
41aacaa6b03d55f3911a7a0a3c83a42d85b0d9e603b08fa0b5a48f02c6a8f593,USTC-TFC2016,3,False,False,"{""fallback"":""rule_planner"",""requests"":[],""stop"":false}",,,HTTPError
d5ac50f5ec387c53f3d8741aa6698015bb6838b15f8adb31736f3486e318d905,NF-IoT,1,False,False,"{""fallback"":""rule_planner"",""requests"":[],""stop"":false}",,,HTTPError
d5ac50f5ec387c53f3d8741aa6698015bb6838b15f8adb31736f3486e318d905,NF-IoT,2,False,False,"{""fallback"":""rule_planner"",""requests"":[],""stop"":false}",,,HTTPError
d5ac50f5ec387c53f3d8741aa6698015bb6838b15f8adb31736f3486e318d905,NF-IoT,3,False,False,"{""fallback"":""rule_planner"",""requests"":[],""stop"":false}",,,HTTPError
045de43ba9a1fe4d8070466ae9514d0cbe1aabe3a82b106f8d68ff15d09d933a,NF-IoT,1,False,False,"{""fallback"":""rule_planner"",""requests"":[],""stop"":false}",,,HTTPError
045de43ba9a1fe4d8070466ae9514d0cbe1aabe3a82b106f8d68ff15d09d933a,NF-IoT,2,False,False,"{""fallback"":""rule_planner"",""requests"":[],""stop"":false}",,,HTTPError
045de43ba9a1fe4d8070466ae9514d0cbe1aabe3a82b106f8d68ff15d09d933a,NF-IoT,3,False,False,"{""fallback"":""rule_planner"",""requests"":[],""stop"":false}",,,HTTPError
e73f96ec53012598d90ef95e1b74df6f96f326b25057c3adf3a1a7f709e3f4ec,NF-IoT,1,False,False,"{""fallback"":""rule_planner"",""requests"":[],""stop"":false}",,,HTTPError
e73f96ec53012598d90ef95e1b74df6f96f326b25057c3adf3a1a7f709e3f4ec,NF-IoT,2,False,False,"{""fallback"":""rule_planner"",""requests"":[],""stop"":false}",,,HTTPError
e73f96ec53012598d90ef95e1b74df6f96f326b25057c3adf3a1a7f709e3f4ec,NF-IoT,3,False,False,"{""fallback"":""rule_planner"",""requests"":[],""stop"":false}",,,HTTPError
cef52d8368117ca3a0f0d33cb96dd9fe3ef597fc5516dce31d180867804dbb61,CICIoT2023,1,False,False,"{""fallback"":""rule_planner"",""requests"":[],""stop"":false}",,,HTTPError
cef52d8368117ca3a0f0d33cb96dd9fe3ef597fc5516dce31d180867804dbb61,CICIoT2023,2,False,False,"{""fallback"":""rule_planner"",""requests"":[],""stop"":false}",,,HTTPError
cef52d8368117ca3a0f0d33cb96dd9fe3ef597fc5516dce31d180867804dbb61,CICIoT2023,3,False,False,"{""fallback"":""rule_planner"",""requests"":[],""stop"":false}",,,HTTPError
14ccb8e25d565e01ae38b8a2c859a5f5b9825b383b7feabbf97ae3e24d8f50d6,NF-IoT,1,False,False,"{""fallback"":""rule_planner"",""requests"":[],""stop"":false}",,,HTTPError
14ccb8e25d565e01ae38b8a2c859a5f5b9825b383b7feabbf97ae3e24d8f50d6,NF-IoT,2,True,True,"{""requests"":[{""budget"":1,""expected_output"":""AgentEvidence"",""purpose"":""Obtain timing behavior evidence to complement volume analysis and reduce uncertainty"",""requested_agent"":""TimingBehaviorAgent""}],""stop"":false}",31455.031600024085,465,
14ccb8e25d565e01ae38b8a2c859a5f5b9825b383b7feabbf97ae3e24d8f50d6,NF-IoT,3,False,False,"{""fallback"":""rule_planner"",""requests"":[],""stop"":false}",,,HTTPError
6f0ae3688b1052fd7fddd598e0366f6293975b8d31f16a1fb3fefc3ac9d06b4b,CICIoT2023,1,True,True,"{""requests"":[{""budget"":1,""expected_output"":""AgentEvidence"",""purpose"":""Analyze inter-arrival timing patterns and burst characteristics to complement volume-based assessment"",""requested_agent"":""TimingBehaviorAgent""}],""stop"":false}",1756.7284000106156,466,HTTPError
6f0ae3688b1052fd7fddd598e0366f6293975b8d31f16a1fb3fefc3ac9d06b4b,CICIoT2023,2,True,True,"{""requests"":[{""budget"":1,""expected_output"":""AgentEvidence"",""purpose"":""Analyze inter-arrival timing patterns and burst characteristics to complement volume-based assessment"",""requested_agent"":""TimingBehaviorAgent""}],""stop"":false}",1708.6922000162303,466,HTTPError
6f0ae3688b1052fd7fddd598e0366f6293975b8d31f16a1fb3fefc3ac9d06b4b,CICIoT2023,3,False,False,"{""fallback"":""rule_planner"",""requests"":[],""stop"":false}",,,HTTPError
2f722ce2275cf10a41af21817ebcb2fad773610361147f17944a96f1f6c03e51,USTC-TFC2016,1,False,False,"{""fallback"":""rule_planner"",""requests"":[],""stop"":false}",,,HTTPError
2f722ce2275cf10a41af21817ebcb2fad773610361147f17944a96f1f6c03e51,USTC-TFC2016,2,False,False,"{""fallback"":""rule_planner"",""requests"":[],""stop"":false}",,,HTTPError
2f722ce2275cf10a41af21817ebcb2fad773610361147f17944a96f1f6c03e51,USTC-TFC2016,3,False,False,"{""fallback"":""rule_planner"",""requests"":[],""stop"":false}",,,HTTPError
99a68d2b23a259029189b3b5afdd60d3480d0dfd313770d38fad44e9ec6c2f92,CICIoT2023,1,False,False,"{""fallback"":""rule_planner"",""requests"":[],""stop"":false}",,,HTTPError
99a68d2b23a259029189b3b5afdd60d3480d0dfd313770d38fad44e9ec6c2f92,CICIoT2023,2,True,True,"{""requests"":[{""budget"":1,""expected_output"":""AgentEvidence"",""purpose"":""Analyze inter-arrival timing patterns and burst characteristics to validate or challenge the VolumeBehaviorAgent's malicious prediction"",""requested_agent"":""TimingBehaviorAgent""}],""stop"":false}",2094.4408999639563,476,HTTPError
99a68d2b23a259029189b3b5afdd60d3480d0dfd313770d38fad44e9ec6c2f92,CICIoT2023,3,True,True,"{""requests"":[{""budget"":1,""expected_output"":""AgentEvidence"",""purpose"":""Obtain timing behavior evidence to complement volume analysis and reduce uncertainty"",""requested_agent"":""TimingBehaviorAgent""}],""stop"":false}",5408.334799984004,467,
53cd1c4efaf7644e88b6e85e9526a5de5c52e7c2f079516b70ff1edd7d707469,NF-IoT,1,False,False,"{""fallback"":""rule_planner"",""requests"":[],""stop"":false}",,,HTTPError
53cd1c4efaf7644e88b6e85e9526a5de5c52e7c2f079516b70ff1edd7d707469,NF-IoT,2,False,False,"{""fallback"":""rule_planner"",""requests"":[],""stop"":false}",,,HTTPError
53cd1c4efaf7644e88b6e85e9526a5de5c52e7c2f079516b70ff1edd7d707469,NF-IoT,3,False,False,"{""fallback"":""rule_planner"",""requests"":[],""stop"":false}",,,HTTPError
25071587e6789235133c13a828e7d5bef4132409c324a55b45f774dbb9fc0f9a,USTC-TFC2016,1,False,False,"{""fallback"":""rule_planner"",""requests"":[],""stop"":false}",,,HTTPError
25071587e6789235133c13a828e7d5bef4132409c324a55b45f774dbb9fc0f9a,USTC-TFC2016,2,False,False,"{""fallback"":""rule_planner"",""requests"":[],""stop"":false}",,,HTTPError
25071587e6789235133c13a828e7d5bef4132409c324a55b45f774dbb9fc0f9a,USTC-TFC2016,3,False,False,"{""fallback"":""rule_planner"",""requests"":[],""stop"":false}",,,HTTPError
6cd58b958ae19cb5cbf084007185299a864346a1aa47f1a4f34ac4f2402915a4,USTC-TFC2016,1,False,False,"{""fallback"":""rule_planner"",""requests"":[],""stop"":false}",,,HTTPError
6cd58b958ae19cb5cbf084007185299a864346a1aa47f1a4f34ac4f2402915a4,USTC-TFC2016,2,False,False,"{""fallback"":""rule_planner"",""requests"":[],""stop"":false}",,,HTTPError
6cd58b958ae19cb5cbf084007185299a864346a1aa47f1a4f34ac4f2402915a4,USTC-TFC2016,3,True,True,"{""requests"":[{""budget"":1,""expected_output"":""AgentEvidence"",""purpose"":""Obtain temporal dynamics evidence to complement statistical analysis and reduce uncertainty"",""requested_agent"":""TemporalEvidenceAgent""}],""stop"":false}",1563.7057999847457,459,HTTPError
1e64d8b88dab09099b99ecb4c8d87a8700d51063521bc523c46eb328e4bc14e1,USTC-TFC2016,1,False,False,"{""fallback"":""rule_planner"",""requests"":[],""stop"":false}",,,HTTPError
1e64d8b88dab09099b99ecb4c8d87a8700d51063521bc523c46eb328e4bc14e1,USTC-TFC2016,2,True,True,"{""requests"":[{""budget"":1,""expected_output"":""AgentEvidence"",""purpose"":""Obtain temporal pattern evidence to complement statistical analysis for USTC-TFC2016 dataset"",""requested_agent"":""TemporalEvidenceAgent""}],""stop"":false}",1889.5100000081584,422,HTTPError
1e64d8b88dab09099b99ecb4c8d87a8700d51063521bc523c46eb328e4bc14e1,USTC-TFC2016,3,False,False,"{""fallback"":""rule_planner"",""requests"":[],""stop"":false}",,,HTTPError
77a6670b1ce389f0ce233347ec9f08a4aae8931c12b4727838b866c7f6d843e3,CICIoT2023,1,False,False,"{""fallback"":""rule_planner"",""requests"":[],""stop"":false}",,,HTTPError
77a6670b1ce389f0ce233347ec9f08a4aae8931c12b4727838b866c7f6d843e3,CICIoT2023,2,False,False,"{""fallback"":""rule_planner"",""requests"":[],""stop"":false}",,,HTTPError
77a6670b1ce389f0ce233347ec9f08a4aae8931c12b4727838b866c7f6d843e3,CICIoT2023,3,False,False,"{""fallback"":""rule_planner"",""requests"":[],""stop"":false}",,,HTTPError
3f5e68d52e3ae2ef34f9a6cd13db7d7a818975727e385c5915906b37119fc4ff,CICIoT2023,1,False,False,"{""fallback"":""rule_planner"",""requests"":[],""stop"":false}",,,HTTPError
3f5e68d52e3ae2ef34f9a6cd13db7d7a818975727e385c5915906b37119fc4ff,CICIoT2023,2,False,False,"{""fallback"":""rule_planner"",""requests"":[],""stop"":false}",,,HTTPError
3f5e68d52e3ae2ef34f9a6cd13db7d7a818975727e385c5915906b37119fc4ff,CICIoT2023,3,False,False,"{""fallback"":""rule_planner"",""requests"":[],""stop"":false}",,,HTTPError
2bfc901d474dd8e9e85f466f4e9d091155ba79b50d837e2ba46c074f78d76576,CICIoT2023,1,False,False,"{""fallback"":""rule_planner"",""requests"":[],""stop"":false}",,,HTTPError
2bfc901d474dd8e9e85f466f4e9d091155ba79b50d837e2ba46c074f78d76576,CICIoT2023,2,False,False,"{""fallback"":""rule_planner"",""requests"":[],""stop"":false}",,,HTTPError
2bfc901d474dd8e9e85f466f4e9d091155ba79b50d837e2ba46c074f78d76576,CICIoT2023,3,False,False,"{""fallback"":""rule_planner"",""requests"":[],""stop"":false}",,,HTTPError
fbf6a6fb70b41eac9497e08b6a0654d740b7b32449cfad6a7fe3e164249139cd,USTC-TFC2016,1,False,False,"{""fallback"":""rule_planner"",""requests"":[],""stop"":false}",,,HTTPError
fbf6a6fb70b41eac9497e08b6a0654d740b7b32449cfad6a7fe3e164249139cd,USTC-TFC2016,2,False,False,"{""fallback"":""rule_planner"",""requests"":[],""stop"":false}",,,HTTPError
fbf6a6fb70b41eac9497e08b6a0654d740b7b32449cfad6a7fe3e164249139cd,USTC-TFC2016,3,False,False,"{""fallback"":""rule_planner"",""requests"":[],""stop"":false}",,,HTTPError
b4cfbdfd4aac0446bc53fc8b87adde0af5feab1bb2d0fc6d6bca24e21aea82aa,NF-IoT,1,False,False,"{""fallback"":""rule_planner"",""requests"":[],""stop"":false}",,,HTTPError
b4cfbdfd4aac0446bc53fc8b87adde0af5feab1bb2d0fc6d6bca24e21aea82aa,NF-IoT,2,False,False,"{""fallback"":""rule_planner"",""requests"":[],""stop"":false}",,,HTTPError
b4cfbdfd4aac0446bc53fc8b87adde0af5feab1bb2d0fc6d6bca24e21aea82aa,NF-IoT,3,False,False,"{""fallback"":""rule_planner"",""requests"":[],""stop"":false}",,,HTTPError
4122b9241cc5d8dc6fedf962cb493e6356d8cd839f7d74e5561fdf25a487c8be,NF-IoT,1,False,False,"{""fallback"":""rule_planner"",""requests"":[],""stop"":false}",,,HTTPError
4122b9241cc5d8dc6fedf962cb493e6356d8cd839f7d74e5561fdf25a487c8be,NF-IoT,2,False,False,"{""fallback"":""rule_planner"",""requests"":[],""stop"":false}",,,HTTPError
4122b9241cc5d8dc6fedf962cb493e6356d8cd839f7d74e5561fdf25a487c8be,NF-IoT,3,False,False,"{""fallback"":""rule_planner"",""requests"":[],""stop"":false}",,,HTTPError
1f7c80bba2941bf9d4348a2ef1250d56e69618878fb0c8c93b839d292e24791b,NF-IoT,1,False,False,"{""fallback"":""rule_planner"",""requests"":[],""stop"":false}",,,HTTPError
1f7c80bba2941bf9d4348a2ef1250d56e69618878fb0c8c93b839d292e24791b,NF-IoT,2,False,False,"{""fallback"":""rule_planner"",""requests"":[],""stop"":false}",,,HTTPError
1f7c80bba2941bf9d4348a2ef1250d56e69618878fb0c8c93b839d292e24791b,NF-IoT,3,False,False,"{""fallback"":""rule_planner"",""requests"":[],""stop"":false}",,,HTTPError
3bda89bf8817e30393aad858ef3d7859c5856106b18f8f63deed7ecc3df810fe,NF-IoT,1,False,False,"{""fallback"":""rule_planner"",""requests"":[],""stop"":false}",,,HTTPError
3bda89bf8817e30393aad858ef3d7859c5856106b18f8f63deed7ecc3df810fe,NF-IoT,2,False,False,"{""fallback"":""rule_planner"",""requests"":[],""stop"":false}",,,HTTPError
3bda89bf8817e30393aad858ef3d7859c5856106b18f8f63deed7ecc3df810fe,NF-IoT,3,False,False,"{""fallback"":""rule_planner"",""requests"":[],""stop"":false}",,,HTTPError
ed6f17f001528241bbd0e5686757b8edce198b72426a8eb5483008a22c6d5e9e,NF-IoT,1,False,False,"{""fallback"":""rule_planner"",""requests"":[],""stop"":false}",,,HTTPError
ed6f17f001528241bbd0e5686757b8edce198b72426a8eb5483008a22c6d5e9e,NF-IoT,2,False,False,"{""fallback"":""rule_planner"",""requests"":[],""stop"":false}",,,HTTPError
ed6f17f001528241bbd0e5686757b8edce198b72426a8eb5483008a22c6d5e9e,NF-IoT,3,False,False,"{""fallback"":""rule_planner"",""requests"":[],""stop"":false}",,,HTTPError
a1babf46f67150f82e04e54c84f7a3611c234899fa6ccdb6a70854f19ed55cbf,CICIoT2023,1,False,False,"{""fallback"":""rule_planner"",""requests"":[],""stop"":false}",,,HTTPError
a1babf46f67150f82e04e54c84f7a3611c234899fa6ccdb6a70854f19ed55cbf,CICIoT2023,2,False,False,"{""fallback"":""rule_planner"",""requests"":[],""stop"":false}",,,HTTPError
a1babf46f67150f82e04e54c84f7a3611c234899fa6ccdb6a70854f19ed55cbf,CICIoT2023,3,False,False,"{""fallback"":""rule_planner"",""requests"":[],""stop"":false}",,,HTTPError
9eb02342d62122d470f74035283874e4bd2f627d19334c86ae100a41192b51d9,USTC-TFC2016,1,False,False,"{""fallback"":""rule_planner"",""requests"":[],""stop"":false}",,,HTTPError
9eb02342d62122d470f74035283874e4bd2f627d19334c86ae100a41192b51d9,USTC-TFC2016,2,False,False,"{""fallback"":""rule_planner"",""requests"":[],""stop"":false}",,,HTTPError
9eb02342d62122d470f74035283874e4bd2f627d19334c86ae100a41192b51d9,USTC-TFC2016,3,False,False,"{""fallback"":""rule_planner"",""requests"":[],""stop"":false}",,,HTTPError
04fd89790143bacf8b7ef5c261218c434ad6c5d316ce6f95294fe33d55b8848f,NF-IoT,1,False,False,"{""fallback"":""rule_planner"",""requests"":[],""stop"":false}",,,HTTPError
04fd89790143bacf8b7ef5c261218c434ad6c5d316ce6f95294fe33d55b8848f,NF-IoT,2,False,False,"{""fallback"":""rule_planner"",""requests"":[],""stop"":false}",,,HTTPError
04fd89790143bacf8b7ef5c261218c434ad6c5d316ce6f95294fe33d55b8848f,NF-IoT,3,False,False,"{""fallback"":""rule_planner"",""requests"":[],""stop"":false}",,,HTTPError
3af1b8789de9184caa3711422a31c96c91e273427601a59b0c76dd180171bac9,NF-IoT,1,False,False,"{""fallback"":""rule_planner"",""requests"":[],""stop"":false}",,,HTTPError
3af1b8789de9184caa3711422a31c96c91e273427601a59b0c76dd180171bac9,NF-IoT,2,False,False,"{""fallback"":""rule_planner"",""requests"":[],""stop"":false}",,,HTTPError
3af1b8789de9184caa3711422a31c96c91e273427601a59b0c76dd180171bac9,NF-IoT,3,False,False,"{""fallback"":""rule_planner"",""requests"":[],""stop"":false}",,,HTTPError
db4ecd6385fa218efcd704b49feb0c8c7bf6478211fa750d8281c01f5dff9c6b,USTC-TFC2016,1,False,False,"{""fallback"":""rule_planner"",""requests"":[],""stop"":false}",,,HTTPError
db4ecd6385fa218efcd704b49feb0c8c7bf6478211fa750d8281c01f5dff9c6b,USTC-TFC2016,2,False,False,"{""fallback"":""rule_planner"",""requests"":[],""stop"":false}",,,HTTPError
db4ecd6385fa218efcd704b49feb0c8c7bf6478211fa750d8281c01f5dff9c6b,USTC-TFC2016,3,False,False,"{""fallback"":""rule_planner"",""requests"":[],""stop"":false}",,,HTTPError
6cb13b2a1a27e6890b3a98ee3b30e84f5163b44ab0b20d43858417adb1ab7888,NF-IoT,1,False,False,"{""fallback"":""rule_planner"",""requests"":[],""stop"":false}",,,HTTPError
6cb13b2a1a27e6890b3a98ee3b30e84f5163b44ab0b20d43858417adb1ab7888,NF-IoT,2,False,False,"{""fallback"":""rule_planner"",""requests"":[],""stop"":false}",,,HTTPError
6cb13b2a1a27e6890b3a98ee3b30e84f5163b44ab0b20d43858417adb1ab7888,NF-IoT,3,False,False,"{""fallback"":""rule_planner"",""requests"":[],""stop"":false}",,,HTTPError
e3c1373a086cde6573010fe6bbcc482bad7a075e89c316d3ea2ff2828255480f,USTC-TFC2016,1,False,False,"{""fallback"":""rule_planner"",""requests"":[],""stop"":false}",,,HTTPError
e3c1373a086cde6573010fe6bbcc482bad7a075e89c316d3ea2ff2828255480f,USTC-TFC2016,2,False,False,"{""fallback"":""rule_planner"",""requests"":[],""stop"":false}",,,HTTPError
e3c1373a086cde6573010fe6bbcc482bad7a075e89c316d3ea2ff2828255480f,USTC-TFC2016,3,False,False,"{""fallback"":""rule_planner"",""requests"":[],""stop"":false}",,,HTTPError
95e8e3a2fd0d056a7d231dc76531f1c4315a480cc6682a7d78d163252096d97d,NF-IoT,1,False,False,"{""fallback"":""rule_planner"",""requests"":[],""stop"":false}",,,HTTPError
95e8e3a2fd0d056a7d231dc76531f1c4315a480cc6682a7d78d163252096d97d,NF-IoT,2,False,False,"{""fallback"":""rule_planner"",""requests"":[],""stop"":false}",,,HTTPError
95e8e3a2fd0d056a7d231dc76531f1c4315a480cc6682a7d78d163252096d97d,NF-IoT,3,False,False,"{""fallback"":""rule_planner"",""requests"":[],""stop"":false}",,,HTTPError
3f01ef5374844e393532bc9a6a5097a5ab03f7d2df31d71e863f4827d78bf2f6,NF-IoT,1,False,False,"{""fallback"":""rule_planner"",""requests"":[],""stop"":false}",,,HTTPError
3f01ef5374844e393532bc9a6a5097a5ab03f7d2df31d71e863f4827d78bf2f6,NF-IoT,2,False,False,"{""fallback"":""rule_planner"",""requests"":[],""stop"":false}",,,HTTPError
3f01ef5374844e393532bc9a6a5097a5ab03f7d2df31d71e863f4827d78bf2f6,NF-IoT,3,False,False,"{""fallback"":""rule_planner"",""requests"":[],""stop"":false}",,,HTTPError
334aa8a4aee5d73f01d90fa5b95fca222ff7fae565baa6b65f442e218d7157b1,CICIoT2023,1,False,False,"{""fallback"":""rule_planner"",""requests"":[],""stop"":false}",,,HTTPError
334aa8a4aee5d73f01d90fa5b95fca222ff7fae565baa6b65f442e218d7157b1,CICIoT2023,2,False,False,"{""fallback"":""rule_planner"",""requests"":[],""stop"":false}",,,HTTPError
334aa8a4aee5d73f01d90fa5b95fca222ff7fae565baa6b65f442e218d7157b1,CICIoT2023,3,False,False,"{""fallback"":""rule_planner"",""requests"":[],""stop"":false}",,,HTTPError
522b66c8d247129a43b815da7a1d26e15968338684dff0770fc7e43557ad9f1a,CICIoT2023,1,False,False,"{""fallback"":""rule_planner"",""requests"":[],""stop"":false}",,,HTTPError
522b66c8d247129a43b815da7a1d26e15968338684dff0770fc7e43557ad9f1a,CICIoT2023,2,False,False,"{""fallback"":""rule_planner"",""requests"":[],""stop"":false}",,,HTTPError
522b66c8d247129a43b815da7a1d26e15968338684dff0770fc7e43557ad9f1a,CICIoT2023,3,False,False,"{""fallback"":""rule_planner"",""requests"":[],""stop"":false}",,,HTTPError
a75d50db71f81945e9ccb1009f983f0231cc30c2d9ca4a011bf2b8f73deea9af,NF-IoT,1,False,False,"{""fallback"":""rule_planner"",""requests"":[],""stop"":false}",,,HTTPError
a75d50db71f81945e9ccb1009f983f0231cc30c2d9ca4a011bf2b8f73deea9af,NF-IoT,2,False,False,"{""fallback"":""rule_planner"",""requests"":[],""stop"":false}",,,HTTPError
a75d50db71f81945e9ccb1009f983f0231cc30c2d9ca4a011bf2b8f73deea9af,NF-IoT,3,False,False,"{""fallback"":""rule_planner"",""requests"":[],""stop"":false}",,,HTTPError
9c3a1ee349133055a9a0b9f40d6391b71e01c388793bb3eaf0d0902a696da5dc,NF-IoT,1,False,False,"{""fallback"":""rule_planner"",""requests"":[],""stop"":false}",,,HTTPError
9c3a1ee349133055a9a0b9f40d6391b71e01c388793bb3eaf0d0902a696da5dc,NF-IoT,2,False,False,"{""fallback"":""rule_planner"",""requests"":[],""stop"":false}",,,HTTPError
9c3a1ee349133055a9a0b9f40d6391b71e01c388793bb3eaf0d0902a696da5dc,NF-IoT,3,False,False,"{""fallback"":""rule_planner"",""requests"":[],""stop"":false}",,,HTTPError
22397e250e6a2529a41e2c4badec1e8149aa0d6d9175f4cc39128d8d9a2e09d8,USTC-TFC2016,1,False,False,"{""fallback"":""rule_planner"",""requests"":[],""stop"":false}",,,HTTPError
22397e250e6a2529a41e2c4badec1e8149aa0d6d9175f4cc39128d8d9a2e09d8,USTC-TFC2016,2,False,False,"{""fallback"":""rule_planner"",""requests"":[],""stop"":false}",,,HTTPError
22397e250e6a2529a41e2c4badec1e8149aa0d6d9175f4cc39128d8d9a2e09d8,USTC-TFC2016,3,False,False,"{""fallback"":""rule_planner"",""requests"":[],""stop"":false}",,,HTTPError
58bfa43530b754195beb204a2135bffac6f8e895b0c58fc04875ef424c625c45,NF-IoT,1,False,False,"{""fallback"":""rule_planner"",""requests"":[],""stop"":false}",,,HTTPError
58bfa43530b754195beb204a2135bffac6f8e895b0c58fc04875ef424c625c45,NF-IoT,2,False,False,"{""fallback"":""rule_planner"",""requests"":[],""stop"":false}",,,HTTPError
58bfa43530b754195beb204a2135bffac6f8e895b0c58fc04875ef424c625c45,NF-IoT,3,False,False,"{""fallback"":""rule_planner"",""requests"":[],""stop"":false}",,,HTTPError
ce8305cdc3461bf9a6bf4149a1b5898385873d43219d87c9beff6d8409cde120,CICIoT2023,1,False,False,"{""fallback"":""rule_planner"",""requests"":[],""stop"":false}",,,HTTPError
ce8305cdc3461bf9a6bf4149a1b5898385873d43219d87c9beff6d8409cde120,CICIoT2023,2,False,False,"{""fallback"":""rule_planner"",""requests"":[],""stop"":false}",,,HTTPError
ce8305cdc3461bf9a6bf4149a1b5898385873d43219d87c9beff6d8409cde120,CICIoT2023,3,False,False,"{""fallback"":""rule_planner"",""requests"":[],""stop"":false}",,,HTTPError
87bcab4f9ad7cad5f3e964274c8fb956b87a745148e3e7c99c9a55084fd4e128,USTC-TFC2016,1,False,False,"{""fallback"":""rule_planner"",""requests"":[],""stop"":false}",,,HTTPError
87bcab4f9ad7cad5f3e964274c8fb956b87a745148e3e7c99c9a55084fd4e128,USTC-TFC2016,2,False,False,"{""fallback"":""rule_planner"",""requests"":[],""stop"":false}",,,HTTPError
87bcab4f9ad7cad5f3e964274c8fb956b87a745148e3e7c99c9a55084fd4e128,USTC-TFC2016,3,False,False,"{""fallback"":""rule_planner"",""requests"":[],""stop"":false}",,,HTTPError
c07db24612844af59332924aba74727252da8a364bbea1517c3fd69ea8e0ce23,USTC-TFC2016,1,False,False,"{""fallback"":""rule_planner"",""requests"":[],""stop"":false}",,,HTTPError
c07db24612844af59332924aba74727252da8a364bbea1517c3fd69ea8e0ce23,USTC-TFC2016,2,False,False,"{""fallback"":""rule_planner"",""requests"":[],""stop"":false}",,,HTTPError
c07db24612844af59332924aba74727252da8a364bbea1517c3fd69ea8e0ce23,USTC-TFC2016,3,False,False,"{""fallback"":""rule_planner"",""requests"":[],""stop"":false}",,,HTTPError
324847168816b636a5667659c01f509a66ceeb79fb864f07826361cefce9db33,USTC-TFC2016,1,False,False,"{""fallback"":""rule_planner"",""requests"":[],""stop"":false}",,,HTTPError
324847168816b636a5667659c01f509a66ceeb79fb864f07826361cefce9db33,USTC-TFC2016,2,False,False,"{""fallback"":""rule_planner"",""requests"":[],""stop"":false}",,,HTTPError
324847168816b636a5667659c01f509a66ceeb79fb864f07826361cefce9db33,USTC-TFC2016,3,False,False,"{""fallback"":""rule_planner"",""requests"":[],""stop"":false}",,,HTTPError
8bc7de9ca001aaaad455420aec6b126bf25b04280cb47f06890663b741618488,USTC-TFC2016,1,False,False,"{""fallback"":""rule_planner"",""requests"":[],""stop"":false}",,,HTTPError
8bc7de9ca001aaaad455420aec6b126bf25b04280cb47f06890663b741618488,USTC-TFC2016,2,False,False,"{""fallback"":""rule_planner"",""requests"":[],""stop"":false}",,,HTTPError
8bc7de9ca001aaaad455420aec6b126bf25b04280cb47f06890663b741618488,USTC-TFC2016,3,False,False,"{""fallback"":""rule_planner"",""requests"":[],""stop"":false}",,,HTTPError
77942a902c87b96c18ad0a6ff44849d17bd1fa52be23d303627aeab1134ff580,NF-IoT,1,False,False,"{""fallback"":""rule_planner"",""requests"":[],""stop"":false}",,,HTTPError
77942a902c87b96c18ad0a6ff44849d17bd1fa52be23d303627aeab1134ff580,NF-IoT,2,False,False,"{""fallback"":""rule_planner"",""requests"":[],""stop"":false}",,,HTTPError
77942a902c87b96c18ad0a6ff44849d17bd1fa52be23d303627aeab1134ff580,NF-IoT,3,False,False,"{""fallback"":""rule_planner"",""requests"":[],""stop"":false}",,,HTTPError
f3e4a56022bd22b83097bd88993488363de39257b0a517080e8abc099a420f9e,NF-IoT,1,False,False,"{""fallback"":""rule_planner"",""requests"":[],""stop"":false}",,,HTTPError
f3e4a56022bd22b83097bd88993488363de39257b0a517080e8abc099a420f9e,NF-IoT,2,False,False,"{""fallback"":""rule_planner"",""requests"":[],""stop"":false}",,,HTTPError
f3e4a56022bd22b83097bd88993488363de39257b0a517080e8abc099a420f9e,NF-IoT,3,False,False,"{""fallback"":""rule_planner"",""requests"":[],""stop"":false}",,,HTTPError
2bc1c830143adebe7b1c94f1121b95cc8364ab7246ac315dd89808673d611694,USTC-TFC2016,1,False,False,"{""fallback"":""rule_planner"",""requests"":[],""stop"":false}",,,HTTPError
2bc1c830143adebe7b1c94f1121b95cc8364ab7246ac315dd89808673d611694,USTC-TFC2016,2,False,False,"{""fallback"":""rule_planner"",""requests"":[],""stop"":false}",,,HTTPError
2bc1c830143adebe7b1c94f1121b95cc8364ab7246ac315dd89808673d611694,USTC-TFC2016,3,False,False,"{""fallback"":""rule_planner"",""requests"":[],""stop"":false}",,,HTTPError
3f511bc16a11f0e4b749fa8cc73c451bd780b755457ef8e51e767711aa787c4c,CICIoT2023,1,False,False,"{""fallback"":""rule_planner"",""requests"":[],""stop"":false}",,,HTTPError
3f511bc16a11f0e4b749fa8cc73c451bd780b755457ef8e51e767711aa787c4c,CICIoT2023,2,False,False,"{""fallback"":""rule_planner"",""requests"":[],""stop"":false}",,,HTTPError
3f511bc16a11f0e4b749fa8cc73c451bd780b755457ef8e51e767711aa787c4c,CICIoT2023,3,False,False,"{""fallback"":""rule_planner"",""requests"":[],""stop"":false}",,,HTTPError
369e68e3485e4f0a86514e362875b6f5ed1009c9defd48eecccd9cb420e3eb66,CICIoT2023,1,False,False,"{""fallback"":""rule_planner"",""requests"":[],""stop"":false}",,,HTTPError
369e68e3485e4f0a86514e362875b6f5ed1009c9defd48eecccd9cb420e3eb66,CICIoT2023,2,False,False,"{""fallback"":""rule_planner"",""requests"":[],""stop"":false}",,,HTTPError
369e68e3485e4f0a86514e362875b6f5ed1009c9defd48eecccd9cb420e3eb66,CICIoT2023,3,False,False,"{""fallback"":""rule_planner"",""requests"":[],""stop"":false}",,,HTTPError
52066c4ffdfa78f4af4bd403809d5869f582b1a264f639055926850e3fada7c5,USTC-TFC2016,1,False,False,"{""fallback"":""rule_planner"",""requests"":[],""stop"":false}",,,HTTPError
52066c4ffdfa78f4af4bd403809d5869f582b1a264f639055926850e3fada7c5,USTC-TFC2016,2,False,False,"{""fallback"":""rule_planner"",""requests"":[],""stop"":false}",,,HTTPError
52066c4ffdfa78f4af4bd403809d5869f582b1a264f639055926850e3fada7c5,USTC-TFC2016,3,False,False,"{""fallback"":""rule_planner"",""requests"":[],""stop"":false}",,,HTTPError
f52f27901ad562ce40e258a09a9384076f17260328c3c04654f71dab88950db1,NF-IoT,1,False,False,"{""fallback"":""rule_planner"",""requests"":[],""stop"":false}",,,HTTPError
f52f27901ad562ce40e258a09a9384076f17260328c3c04654f71dab88950db1,NF-IoT,2,False,False,"{""fallback"":""rule_planner"",""requests"":[],""stop"":false}",,,HTTPError
f52f27901ad562ce40e258a09a9384076f17260328c3c04654f71dab88950db1,NF-IoT,3,False,False,"{""fallback"":""rule_planner"",""requests"":[],""stop"":false}",,,HTTPError
b81575178813db6d314a53e157a3b7cc7db6fc49f97ae68c49be5aaedcb09b6b,USTC-TFC2016,1,False,False,"{""fallback"":""rule_planner"",""requests"":[],""stop"":false}",,,HTTPError
b81575178813db6d314a53e157a3b7cc7db6fc49f97ae68c49be5aaedcb09b6b,USTC-TFC2016,2,False,False,"{""fallback"":""rule_planner"",""requests"":[],""stop"":false}",,,HTTPError
b81575178813db6d314a53e157a3b7cc7db6fc49f97ae68c49be5aaedcb09b6b,USTC-TFC2016,3,False,False,"{""fallback"":""rule_planner"",""requests"":[],""stop"":false}",,,HTTPError
203db8e5366f89eaadb9558e6e570e6a17c6ea1f8d076e9f11e3b5365faf50a5,NF-IoT,1,False,False,"{""fallback"":""rule_planner"",""requests"":[],""stop"":false}",,,HTTPError
203db8e5366f89eaadb9558e6e570e6a17c6ea1f8d076e9f11e3b5365faf50a5,NF-IoT,2,False,False,"{""fallback"":""rule_planner"",""requests"":[],""stop"":false}",,,HTTPError
203db8e5366f89eaadb9558e6e570e6a17c6ea1f8d076e9f11e3b5365faf50a5,NF-IoT,3,False,False,"{""fallback"":""rule_planner"",""requests"":[],""stop"":false}",,,HTTPError
fd2a172dbf7a27839ec85ef80d4ffbe300499ea0f5ace150a5f01cb1700b89cd,USTC-TFC2016,1,False,False,"{""fallback"":""rule_planner"",""requests"":[],""stop"":false}",,,HTTPError
fd2a172dbf7a27839ec85ef80d4ffbe300499ea0f5ace150a5f01cb1700b89cd,USTC-TFC2016,2,False,False,"{""fallback"":""rule_planner"",""requests"":[],""stop"":false}",,,HTTPError
fd2a172dbf7a27839ec85ef80d4ffbe300499ea0f5ace150a5f01cb1700b89cd,USTC-TFC2016,3,False,False,"{""fallback"":""rule_planner"",""requests"":[],""stop"":false}",,,HTTPError
1ba36b5a58ed17191dffc1c1c0bc5eef5c815330e4d133b0fa706e70008a3dae,NF-IoT,1,False,False,"{""fallback"":""rule_planner"",""requests"":[],""stop"":false}",,,HTTPError
1ba36b5a58ed17191dffc1c1c0bc5eef5c815330e4d133b0fa706e70008a3dae,NF-IoT,2,False,False,"{""fallback"":""rule_planner"",""requests"":[],""stop"":false}",,,HTTPError
1ba36b5a58ed17191dffc1c1c0bc5eef5c815330e4d133b0fa706e70008a3dae,NF-IoT,3,False,False,"{""fallback"":""rule_planner"",""requests"":[],""stop"":false}",,,HTTPError
fd64e8a5039969635b5f1905d2f750922d7f49b5de438336f5a36e836afe2931,CICIoT2023,1,False,False,"{""fallback"":""rule_planner"",""requests"":[],""stop"":false}",,,HTTPError
fd64e8a5039969635b5f1905d2f750922d7f49b5de438336f5a36e836afe2931,CICIoT2023,2,False,False,"{""fallback"":""rule_planner"",""requests"":[],""stop"":false}",,,HTTPError
fd64e8a5039969635b5f1905d2f750922d7f49b5de438336f5a36e836afe2931,CICIoT2023,3,False,False,"{""fallback"":""rule_planner"",""requests"":[],""stop"":false}",,,HTTPError
7526054c26f42b13cf7dfbf9dd7183199223e2b1b5fcaca6f1b74d4a7ce5db6d,CICIoT2023,1,False,False,"{""fallback"":""rule_planner"",""requests"":[],""stop"":false}",,,HTTPError
7526054c26f42b13cf7dfbf9dd7183199223e2b1b5fcaca6f1b74d4a7ce5db6d,CICIoT2023,2,False,False,"{""fallback"":""rule_planner"",""requests"":[],""stop"":false}",,,HTTPError
7526054c26f42b13cf7dfbf9dd7183199223e2b1b5fcaca6f1b74d4a7ce5db6d,CICIoT2023,3,False,False,"{""fallback"":""rule_planner"",""requests"":[],""stop"":false}",,,HTTPError
103a233047e55f37d89c48c96496d7ce2dd92c7ce2c4314b0a1ed29e5084565f,CICIoT2023,1,False,False,"{""fallback"":""rule_planner"",""requests"":[],""stop"":false}",,,HTTPError
103a233047e55f37d89c48c96496d7ce2dd92c7ce2c4314b0a1ed29e5084565f,CICIoT2023,2,False,False,"{""fallback"":""rule_planner"",""requests"":[],""stop"":false}",,,HTTPError
103a233047e55f37d89c48c96496d7ce2dd92c7ce2c4314b0a1ed29e5084565f,CICIoT2023,3,False,False,"{""fallback"":""rule_planner"",""requests"":[],""stop"":false}",,,HTTPError
215ff0f81ff185c1cb5b4f67a7eeccc2cc8d28469c035870c60a15635db7ecc5,CICIoT2023,1,False,False,"{""fallback"":""rule_planner"",""requests"":[],""stop"":false}",,,HTTPError
215ff0f81ff185c1cb5b4f67a7eeccc2cc8d28469c035870c60a15635db7ecc5,CICIoT2023,2,False,False,"{""fallback"":""rule_planner"",""requests"":[],""stop"":false}",,,HTTPError
215ff0f81ff185c1cb5b4f67a7eeccc2cc8d28469c035870c60a15635db7ecc5,CICIoT2023,3,False,False,"{""fallback"":""rule_planner"",""requests"":[],""stop"":false}",,,HTTPError
0f79ef00254940e4e8ce2f4abc73d603b3a68cca04d8b091941bd7b108cdf680,CICIoT2023,1,False,False,"{""fallback"":""rule_planner"",""requests"":[],""stop"":false}",,,HTTPError
0f79ef00254940e4e8ce2f4abc73d603b3a68cca04d8b091941bd7b108cdf680,CICIoT2023,2,False,False,"{""fallback"":""rule_planner"",""requests"":[],""stop"":false}",,,HTTPError
0f79ef00254940e4e8ce2f4abc73d603b3a68cca04d8b091941bd7b108cdf680,CICIoT2023,3,False,False,"{""fallback"":""rule_planner"",""requests"":[],""stop"":false}",,,HTTPError
4309ad0ad974bdac1326033f009f83214a47c0c79a7e815262ded6e62bd9883f,NF-IoT,1,False,False,"{""fallback"":""rule_planner"",""requests"":[],""stop"":false}",,,HTTPError
4309ad0ad974bdac1326033f009f83214a47c0c79a7e815262ded6e62bd9883f,NF-IoT,2,False,False,"{""fallback"":""rule_planner"",""requests"":[],""stop"":false}",,,HTTPError
4309ad0ad974bdac1326033f009f83214a47c0c79a7e815262ded6e62bd9883f,NF-IoT,3,False,False,"{""fallback"":""rule_planner"",""requests"":[],""stop"":false}",,,HTTPError
a71681f06e79066664e2fb96f7bb643975fdbac5d38960de3de13f2b0a08e84b,USTC-TFC2016,1,False,False,"{""fallback"":""rule_planner"",""requests"":[],""stop"":false}",,,HTTPError
a71681f06e79066664e2fb96f7bb643975fdbac5d38960de3de13f2b0a08e84b,USTC-TFC2016,2,False,False,"{""fallback"":""rule_planner"",""requests"":[],""stop"":false}",,,HTTPError
a71681f06e79066664e2fb96f7bb643975fdbac5d38960de3de13f2b0a08e84b,USTC-TFC2016,3,False,False,"{""fallback"":""rule_planner"",""requests"":[],""stop"":false}",,,HTTPError
340d280a5ed728328c91e8c30535f9b777329ee123de8c9183c712718f61e49f,CICIoT2023,1,False,False,"{""fallback"":""rule_planner"",""requests"":[],""stop"":false}",,,HTTPError
340d280a5ed728328c91e8c30535f9b777329ee123de8c9183c712718f61e49f,CICIoT2023,2,False,False,"{""fallback"":""rule_planner"",""requests"":[],""stop"":false}",,,HTTPError
340d280a5ed728328c91e8c30535f9b777329ee123de8c9183c712718f61e49f,CICIoT2023,3,False,False,"{""fallback"":""rule_planner"",""requests"":[],""stop"":false}",,,HTTPError
909cad29ed3605d395674eb84b7a8f117a4b899dc8b8ff983bb787b695a17a88,CICIoT2023,1,False,False,"{""fallback"":""rule_planner"",""requests"":[],""stop"":false}",,,HTTPError
909cad29ed3605d395674eb84b7a8f117a4b899dc8b8ff983bb787b695a17a88,CICIoT2023,2,False,False,"{""fallback"":""rule_planner"",""requests"":[],""stop"":false}",,,HTTPError
909cad29ed3605d395674eb84b7a8f117a4b899dc8b8ff983bb787b695a17a88,CICIoT2023,3,False,False,"{""fallback"":""rule_planner"",""requests"":[],""stop"":false}",,,HTTPError
a5fba9b236a23d8973f1b6d901cd06cc4d2cd0ed4bf7961b19ffd6ecc8892478,CICIoT2023,1,False,False,"{""fallback"":""rule_planner"",""requests"":[],""stop"":false}",,,HTTPError
a5fba9b236a23d8973f1b6d901cd06cc4d2cd0ed4bf7961b19ffd6ecc8892478,CICIoT2023,2,False,False,"{""fallback"":""rule_planner"",""requests"":[],""stop"":false}",,,HTTPError
a5fba9b236a23d8973f1b6d901cd06cc4d2cd0ed4bf7961b19ffd6ecc8892478,CICIoT2023,3,False,False,"{""fallback"":""rule_planner"",""requests"":[],""stop"":false}",,,HTTPError
f611da76bc759860066b83ece7573c244c54ebe90acf56723ca33d33ffae6a38,NF-IoT,1,False,False,"{""fallback"":""rule_planner"",""requests"":[],""stop"":false}",,,HTTPError
f611da76bc759860066b83ece7573c244c54ebe90acf56723ca33d33ffae6a38,NF-IoT,2,False,False,"{""fallback"":""rule_planner"",""requests"":[],""stop"":false}",,,HTTPError
f611da76bc759860066b83ece7573c244c54ebe90acf56723ca33d33ffae6a38,NF-IoT,3,False,False,"{""fallback"":""rule_planner"",""requests"":[],""stop"":false}",,,HTTPError
3a368e2e6ec847bd38c80ce5a334bbe6b18630f65a53bb5de8c72b59564a131b,USTC-TFC2016,1,False,False,"{""fallback"":""rule_planner"",""requests"":[],""stop"":false}",,,HTTPError
3a368e2e6ec847bd38c80ce5a334bbe6b18630f65a53bb5de8c72b59564a131b,USTC-TFC2016,2,False,False,"{""fallback"":""rule_planner"",""requests"":[],""stop"":false}",,,HTTPError
3a368e2e6ec847bd38c80ce5a334bbe6b18630f65a53bb5de8c72b59564a131b,USTC-TFC2016,3,False,False,"{""fallback"":""rule_planner"",""requests"":[],""stop"":false}",,,HTTPError
8a2ab38d1f28b4f18b225c1b4a3c7bdda655fa9b9164317658177c212d8dfc93,USTC-TFC2016,1,False,False,"{""fallback"":""rule_planner"",""requests"":[],""stop"":false}",,,HTTPError
8a2ab38d1f28b4f18b225c1b4a3c7bdda655fa9b9164317658177c212d8dfc93,USTC-TFC2016,2,True,True,"{""requests"":[{""budget"":1,""expected_output"":""AgentEvidence"",""purpose"":""Obtain temporal pattern evidence to complement statistical analysis for USTC-TFC2016 dataset"",""requested_agent"":""TemporalEvidenceAgent""}],""stop"":false}",1999.904400028754,422,HTTPError
8a2ab38d1f28b4f18b225c1b4a3c7bdda655fa9b9164317658177c212d8dfc93,USTC-TFC2016,3,False,False,"{""fallback"":""rule_planner"",""requests"":[],""stop"":false}",,,HTTPError
2aa7718dd95bdc6391d4e3d0529ef7a0a6988a0e01b191cdf0dc6ed98438906d,CICIoT2023,1,False,False,"{""fallback"":""rule_planner"",""requests"":[],""stop"":false}",,,HTTPError
2aa7718dd95bdc6391d4e3d0529ef7a0a6988a0e01b191cdf0dc6ed98438906d,CICIoT2023,2,False,False,"{""fallback"":""rule_planner"",""requests"":[],""stop"":false}",,,HTTPError
2aa7718dd95bdc6391d4e3d0529ef7a0a6988a0e01b191cdf0dc6ed98438906d,CICIoT2023,3,False,False,"{""fallback"":""rule_planner"",""requests"":[],""stop"":false}",,,HTTPError
2977a345fd4c19371f03884a4f75619955109c1787a2e57b0f6dc6cb12e711a1,USTC-TFC2016,1,False,False,"{""fallback"":""rule_planner"",""requests"":[],""stop"":false}",,,HTTPError
2977a345fd4c19371f03884a4f75619955109c1787a2e57b0f6dc6cb12e711a1,USTC-TFC2016,2,False,False,"{""fallback"":""rule_planner"",""requests"":[],""stop"":false}",,,HTTPError
2977a345fd4c19371f03884a4f75619955109c1787a2e57b0f6dc6cb12e711a1,USTC-TFC2016,3,False,False,"{""fallback"":""rule_planner"",""requests"":[],""stop"":false}",,,HTTPError
06cf5954c6114d0fd36cf2f227a658ee81585fff21a798d9ec2ee17078e360ee,USTC-TFC2016,1,False,False,"{""fallback"":""rule_planner"",""requests"":[],""stop"":false}",,,HTTPError
06cf5954c6114d0fd36cf2f227a658ee81585fff21a798d9ec2ee17078e360ee,USTC-TFC2016,2,False,False,"{""fallback"":""rule_planner"",""requests"":[],""stop"":false}",,,HTTPError
06cf5954c6114d0fd36cf2f227a658ee81585fff21a798d9ec2ee17078e360ee,USTC-TFC2016,3,False,False,"{""fallback"":""rule_planner"",""requests"":[],""stop"":false}",,,HTTPError
251faea522dba32ec74f4fac44ba822cf5ddb42f42ec4cae4e1387ddb6e7d264,USTC-TFC2016,1,False,False,"{""fallback"":""rule_planner"",""requests"":[],""stop"":false}",,,HTTPError
251faea522dba32ec74f4fac44ba822cf5ddb42f42ec4cae4e1387ddb6e7d264,USTC-TFC2016,2,False,False,"{""fallback"":""rule_planner"",""requests"":[],""stop"":false}",,,HTTPError
251faea522dba32ec74f4fac44ba822cf5ddb42f42ec4cae4e1387ddb6e7d264,USTC-TFC2016,3,False,False,"{""fallback"":""rule_planner"",""requests"":[],""stop"":false}",,,HTTPError
19daa526237843e097803996abfbc345d581ffd8368d36ce340e4fd791c57ce9,NF-IoT,1,False,False,"{""fallback"":""rule_planner"",""requests"":[],""stop"":false}",,,HTTPError
19daa526237843e097803996abfbc345d581ffd8368d36ce340e4fd791c57ce9,NF-IoT,2,False,False,"{""fallback"":""rule_planner"",""requests"":[],""stop"":false}",,,HTTPError
19daa526237843e097803996abfbc345d581ffd8368d36ce340e4fd791c57ce9,NF-IoT,3,False,False,"{""fallback"":""rule_planner"",""requests"":[],""stop"":false}",,,HTTPError
90564685a90825aca97efbb96a7a1251b20e3dfb6210de52e6135b3adc0494bf,NF-IoT,1,False,False,"{""fallback"":""rule_planner"",""requests"":[],""stop"":false}",,,HTTPError
90564685a90825aca97efbb96a7a1251b20e3dfb6210de52e6135b3adc0494bf,NF-IoT,2,True,True,"{""requests"":[{""budget"":1,""expected_output"":""AgentEvidence"",""purpose"":""Analyze inter-arrival timing patterns and burst characteristics to validate or challenge the malicious volume prediction"",""requested_agent"":""TimingBehaviorAgent""}],""stop"":false}",2134.1984000173397,419,HTTPError
90564685a90825aca97efbb96a7a1251b20e3dfb6210de52e6135b3adc0494bf,NF-IoT,3,False,False,"{""fallback"":""rule_planner"",""requests"":[],""stop"":false}",,,HTTPError
8dd1ab72c2c5185c2a2fa26c6b8b6af66cfdfba045b56724b645c4290c042532,CICIoT2023,1,False,False,"{""fallback"":""rule_planner"",""requests"":[],""stop"":false}",,,HTTPError
8dd1ab72c2c5185c2a2fa26c6b8b6af66cfdfba045b56724b645c4290c042532,CICIoT2023,2,False,False,"{""fallback"":""rule_planner"",""requests"":[],""stop"":false}",,,HTTPError
8dd1ab72c2c5185c2a2fa26c6b8b6af66cfdfba045b56724b645c4290c042532,CICIoT2023,3,False,False,"{""fallback"":""rule_planner"",""requests"":[],""stop"":false}",,,HTTPError
b9498924cb5fdddf7b3e472c6d571a4b605c6935c26bd1c7d0e7ca132c0905fa,USTC-TFC2016,1,False,False,"{""fallback"":""rule_planner"",""requests"":[],""stop"":false}",,,HTTPError
b9498924cb5fdddf7b3e472c6d571a4b605c6935c26bd1c7d0e7ca132c0905fa,USTC-TFC2016,2,False,False,"{""fallback"":""rule_planner"",""requests"":[],""stop"":false}",,,HTTPError
b9498924cb5fdddf7b3e472c6d571a4b605c6935c26bd1c7d0e7ca132c0905fa,USTC-TFC2016,3,False,False,"{""fallback"":""rule_planner"",""requests"":[],""stop"":false}",,,HTTPError
674805ad814960a16814270857eac55ae2ac1e53dfe57cc63e43396162999f80,CICIoT2023,1,False,False,"{""fallback"":""rule_planner"",""requests"":[],""stop"":false}",,,HTTPError
674805ad814960a16814270857eac55ae2ac1e53dfe57cc63e43396162999f80,CICIoT2023,2,False,False,"{""fallback"":""rule_planner"",""requests"":[],""stop"":false}",,,HTTPError
674805ad814960a16814270857eac55ae2ac1e53dfe57cc63e43396162999f80,CICIoT2023,3,False,False,"{""fallback"":""rule_planner"",""requests"":[],""stop"":false}",,,HTTPError
999aaefaf999814b44c67ff76918c4a5c4230fb3dc86b9c6a7ba53ec2869afdd,CICIoT2023,1,False,False,"{""fallback"":""rule_planner"",""requests"":[],""stop"":false}",,,HTTPError
999aaefaf999814b44c67ff76918c4a5c4230fb3dc86b9c6a7ba53ec2869afdd,CICIoT2023,2,False,False,"{""fallback"":""rule_planner"",""requests"":[],""stop"":false}",,,HTTPError
999aaefaf999814b44c67ff76918c4a5c4230fb3dc86b9c6a7ba53ec2869afdd,CICIoT2023,3,False,False,"{""fallback"":""rule_planner"",""requests"":[],""stop"":false}",,,HTTPError
aa2612cf9667fd6d4e47e7fa08e1935b381848059f7daca7162b72358a199061,USTC-TFC2016,1,False,False,"{""fallback"":""rule_planner"",""requests"":[],""stop"":false}",,,HTTPError
aa2612cf9667fd6d4e47e7fa08e1935b381848059f7daca7162b72358a199061,USTC-TFC2016,2,False,False,"{""fallback"":""rule_planner"",""requests"":[],""stop"":false}",,,HTTPError
aa2612cf9667fd6d4e47e7fa08e1935b381848059f7daca7162b72358a199061,USTC-TFC2016,3,False,False,"{""fallback"":""rule_planner"",""requests"":[],""stop"":false}",,,HTTPError
f62608b4e623ec3b8de13c65c55c8839afffafba87e42c83c877f5226e6dbc31,NF-IoT,1,False,False,"{""fallback"":""rule_planner"",""requests"":[],""stop"":false}",,,HTTPError
f62608b4e623ec3b8de13c65c55c8839afffafba87e42c83c877f5226e6dbc31,NF-IoT,2,False,False,"{""fallback"":""rule_planner"",""requests"":[],""stop"":false}",,,HTTPError
f62608b4e623ec3b8de13c65c55c8839afffafba87e42c83c877f5226e6dbc31,NF-IoT,3,False,False,"{""fallback"":""rule_planner"",""requests"":[],""stop"":false}",,,HTTPError
12718523397b630df4cfb72e74c448749855dca815075260bff7d06a61c0415d,USTC-TFC2016,1,False,False,"{""fallback"":""rule_planner"",""requests"":[],""stop"":false}",,,HTTPError
12718523397b630df4cfb72e74c448749855dca815075260bff7d06a61c0415d,USTC-TFC2016,2,False,False,"{""fallback"":""rule_planner"",""requests"":[],""stop"":false}",,,HTTPError
12718523397b630df4cfb72e74c448749855dca815075260bff7d06a61c0415d,USTC-TFC2016,3,False,False,"{""fallback"":""rule_planner"",""requests"":[],""stop"":false}",,,HTTPError
9fd2edb7d058214ce280c84d7963afe8a05a10ac1f76741138ba89c390e363a8,NF-IoT,1,False,False,"{""fallback"":""rule_planner"",""requests"":[],""stop"":false}",,,HTTPError
9fd2edb7d058214ce280c84d7963afe8a05a10ac1f76741138ba89c390e363a8,NF-IoT,2,False,False,"{""fallback"":""rule_planner"",""requests"":[],""stop"":false}",,,HTTPError
9fd2edb7d058214ce280c84d7963afe8a05a10ac1f76741138ba89c390e363a8,NF-IoT,3,False,False,"{""fallback"":""rule_planner"",""requests"":[],""stop"":false}",,,HTTPError
80dd5bba37905a43c02397c515f67e7488ec9cf8624756a6ce45c666e62d96bf,NF-IoT,1,False,False,"{""fallback"":""rule_planner"",""requests"":[],""stop"":false}",,,HTTPError
80dd5bba37905a43c02397c515f67e7488ec9cf8624756a6ce45c666e62d96bf,NF-IoT,2,False,False,"{""fallback"":""rule_planner"",""requests"":[],""stop"":false}",,,HTTPError
80dd5bba37905a43c02397c515f67e7488ec9cf8624756a6ce45c666e62d96bf,NF-IoT,3,False,False,"{""fallback"":""rule_planner"",""requests"":[],""stop"":false}",,,HTTPError
6a31aa11658553d76c45ee3f7c0e80066328bdf4046298b902cf929f03aaa887,CICIoT2023,1,False,False,"{""fallback"":""rule_planner"",""requests"":[],""stop"":false}",,,HTTPError
6a31aa11658553d76c45ee3f7c0e80066328bdf4046298b902cf929f03aaa887,CICIoT2023,2,False,False,"{""fallback"":""rule_planner"",""requests"":[],""stop"":false}",,,HTTPError
6a31aa11658553d76c45ee3f7c0e80066328bdf4046298b902cf929f03aaa887,CICIoT2023,3,False,False,"{""fallback"":""rule_planner"",""requests"":[],""stop"":false}",,,HTTPError
c5b2ac574b1ad0ecc863871e3a92809a0aab90f286f49941e460acdc162bc11c,CICIoT2023,1,False,False,"{""fallback"":""rule_planner"",""requests"":[],""stop"":false}",,,HTTPError
c5b2ac574b1ad0ecc863871e3a92809a0aab90f286f49941e460acdc162bc11c,CICIoT2023,2,False,False,"{""fallback"":""rule_planner"",""requests"":[],""stop"":false}",,,HTTPError
c5b2ac574b1ad0ecc863871e3a92809a0aab90f286f49941e460acdc162bc11c,CICIoT2023,3,False,False,"{""fallback"":""rule_planner"",""requests"":[],""stop"":false}",,,HTTPError
9f6201e6b514e4ecadc2fd5d0240a17f8601535af1816ca418ee8f83f5aa1ac0,NF-IoT,1,False,False,"{""fallback"":""rule_planner"",""requests"":[],""stop"":false}",,,HTTPError
9f6201e6b514e4ecadc2fd5d0240a17f8601535af1816ca418ee8f83f5aa1ac0,NF-IoT,2,False,False,"{""fallback"":""rule_planner"",""requests"":[],""stop"":false}",,,HTTPError
9f6201e6b514e4ecadc2fd5d0240a17f8601535af1816ca418ee8f83f5aa1ac0,NF-IoT,3,False,False,"{""fallback"":""rule_planner"",""requests"":[],""stop"":false}",,,HTTPError
188e1b8255c618779777b1c2e5dd4331fba298dce6085446c36f5ac4a2a5b717,USTC-TFC2016,1,False,False,"{""fallback"":""rule_planner"",""requests"":[],""stop"":false}",,,HTTPError
188e1b8255c618779777b1c2e5dd4331fba298dce6085446c36f5ac4a2a5b717,USTC-TFC2016,2,False,False,"{""fallback"":""rule_planner"",""requests"":[],""stop"":false}",,,HTTPError
188e1b8255c618779777b1c2e5dd4331fba298dce6085446c36f5ac4a2a5b717,USTC-TFC2016,3,False,False,"{""fallback"":""rule_planner"",""requests"":[],""stop"":false}",,,HTTPError
7acff5f74d55d4fa1df28e40671faab79ce43738da846c0458ef7bb13e1d6e35,CICIoT2023,1,False,False,"{""fallback"":""rule_planner"",""requests"":[],""stop"":false}",,,HTTPError
7acff5f74d55d4fa1df28e40671faab79ce43738da846c0458ef7bb13e1d6e35,CICIoT2023,2,False,False,"{""fallback"":""rule_planner"",""requests"":[],""stop"":false}",,,HTTPError
7acff5f74d55d4fa1df28e40671faab79ce43738da846c0458ef7bb13e1d6e35,CICIoT2023,3,False,False,"{""fallback"":""rule_planner"",""requests"":[],""stop"":false}",,,HTTPError
7b953d20aec7e5b937cd7e4c2d83c42f977d3bedc54183b0aeb76c0c88827ff4,NF-IoT,1,False,False,"{""fallback"":""rule_planner"",""requests"":[],""stop"":false}",,,HTTPError
7b953d20aec7e5b937cd7e4c2d83c42f977d3bedc54183b0aeb76c0c88827ff4,NF-IoT,2,False,False,"{""fallback"":""rule_planner"",""requests"":[],""stop"":false}",,,HTTPError
7b953d20aec7e5b937cd7e4c2d83c42f977d3bedc54183b0aeb76c0c88827ff4,NF-IoT,3,False,False,"{""fallback"":""rule_planner"",""requests"":[],""stop"":false}",,,HTTPError
77844696502148607525c364a5e8baff43f2e25b58c8c4f8fb273c3aac29abb1,NF-IoT,1,False,False,"{""fallback"":""rule_planner"",""requests"":[],""stop"":false}",,,HTTPError
77844696502148607525c364a5e8baff43f2e25b58c8c4f8fb273c3aac29abb1,NF-IoT,2,False,False,"{""fallback"":""rule_planner"",""requests"":[],""stop"":false}",,,HTTPError
77844696502148607525c364a5e8baff43f2e25b58c8c4f8fb273c3aac29abb1,NF-IoT,3,False,False,"{""fallback"":""rule_planner"",""requests"":[],""stop"":false}",,,HTTPError
26b37d33e16fdfdff58565b2fc8d7a804aa7e2c567c72767d14c998f1652503c,CICIoT2023,1,False,False,"{""fallback"":""rule_planner"",""requests"":[],""stop"":false}",,,HTTPError
26b37d33e16fdfdff58565b2fc8d7a804aa7e2c567c72767d14c998f1652503c,CICIoT2023,2,False,False,"{""fallback"":""rule_planner"",""requests"":[],""stop"":false}",,,HTTPError
26b37d33e16fdfdff58565b2fc8d7a804aa7e2c567c72767d14c998f1652503c,CICIoT2023,3,False,False,"{""fallback"":""rule_planner"",""requests"":[],""stop"":false}",,,HTTPError
3824eb261c32f290f386d70039a2868e1b171d0b25cb8be7f0b1a8d5227b8eb5,NF-IoT,1,False,False,"{""fallback"":""rule_planner"",""requests"":[],""stop"":false}",,,HTTPError
3824eb261c32f290f386d70039a2868e1b171d0b25cb8be7f0b1a8d5227b8eb5,NF-IoT,2,False,False,"{""fallback"":""rule_planner"",""requests"":[],""stop"":false}",,,HTTPError
3824eb261c32f290f386d70039a2868e1b171d0b25cb8be7f0b1a8d5227b8eb5,NF-IoT,3,False,False,"{""fallback"":""rule_planner"",""requests"":[],""stop"":false}",,,HTTPError
5f001ae50f8d3c272596d0aa118367b880d8c2b344001bd8f760e6b4cebcc7dd,CICIoT2023,1,False,False,"{""fallback"":""rule_planner"",""requests"":[],""stop"":false}",,,HTTPError
5f001ae50f8d3c272596d0aa118367b880d8c2b344001bd8f760e6b4cebcc7dd,CICIoT2023,2,False,False,"{""fallback"":""rule_planner"",""requests"":[],""stop"":false}",,,HTTPError
5f001ae50f8d3c272596d0aa118367b880d8c2b344001bd8f760e6b4cebcc7dd,CICIoT2023,3,False,False,"{""fallback"":""rule_planner"",""requests"":[],""stop"":false}",,,HTTPError
c4d2ce2ddfa3b5e0f5b1e2e9fc6a5d268c44aefb1007d3ee6f027faefc8f1762,CICIoT2023,1,False,False,"{""fallback"":""rule_planner"",""requests"":[],""stop"":false}",,,HTTPError
c4d2ce2ddfa3b5e0f5b1e2e9fc6a5d268c44aefb1007d3ee6f027faefc8f1762,CICIoT2023,2,False,False,"{""fallback"":""rule_planner"",""requests"":[],""stop"":false}",,,HTTPError
c4d2ce2ddfa3b5e0f5b1e2e9fc6a5d268c44aefb1007d3ee6f027faefc8f1762,CICIoT2023,3,False,False,"{""fallback"":""rule_planner"",""requests"":[],""stop"":false}",,,HTTPError
61bdaa249426117948f3f9b16c637cdfab95a35ad231edf53a8d52a36e9eea8a,NF-IoT,1,False,False,"{""fallback"":""rule_planner"",""requests"":[],""stop"":false}",,,HTTPError
61bdaa249426117948f3f9b16c637cdfab95a35ad231edf53a8d52a36e9eea8a,NF-IoT,2,False,False,"{""fallback"":""rule_planner"",""requests"":[],""stop"":false}",,,HTTPError
61bdaa249426117948f3f9b16c637cdfab95a35ad231edf53a8d52a36e9eea8a,NF-IoT,3,False,False,"{""fallback"":""rule_planner"",""requests"":[],""stop"":false}",,,HTTPError
7d351f13e8a8238de8252ce74368d93c02afe30ec50320a6981cd4a6fa0e2d1a,USTC-TFC2016,1,False,False,"{""fallback"":""rule_planner"",""requests"":[],""stop"":false}",,,HTTPError
7d351f13e8a8238de8252ce74368d93c02afe30ec50320a6981cd4a6fa0e2d1a,USTC-TFC2016,2,False,False,"{""fallback"":""rule_planner"",""requests"":[],""stop"":false}",,,HTTPError
7d351f13e8a8238de8252ce74368d93c02afe30ec50320a6981cd4a6fa0e2d1a,USTC-TFC2016,3,False,False,"{""fallback"":""rule_planner"",""requests"":[],""stop"":false}",,,HTTPError
0d59251471f086d46244ae2a99661c962158feb61c93ac661eda8e632cd0d855,USTC-TFC2016,1,False,False,"{""fallback"":""rule_planner"",""requests"":[],""stop"":false}",,,HTTPError
0d59251471f086d46244ae2a99661c962158feb61c93ac661eda8e632cd0d855,USTC-TFC2016,2,False,False,"{""fallback"":""rule_planner"",""requests"":[],""stop"":false}",,,HTTPError
0d59251471f086d46244ae2a99661c962158feb61c93ac661eda8e632cd0d855,USTC-TFC2016,3,False,False,"{""fallback"":""rule_planner"",""requests"":[],""stop"":false}",,,HTTPError
51581c4ee92d93d8a5f0b9291dcf2d94bb00b99617359d872fda844eaab7959e,CICIoT2023,1,False,False,"{""fallback"":""rule_planner"",""requests"":[],""stop"":false}",,,HTTPError
51581c4ee92d93d8a5f0b9291dcf2d94bb00b99617359d872fda844eaab7959e,CICIoT2023,2,False,False,"{""fallback"":""rule_planner"",""requests"":[],""stop"":false}",,,HTTPError
51581c4ee92d93d8a5f0b9291dcf2d94bb00b99617359d872fda844eaab7959e,CICIoT2023,3,False,False,"{""fallback"":""rule_planner"",""requests"":[],""stop"":false}",,,HTTPError
d6b58007a68f195856c0f13892d88d2aeb5257bd44ef8140f213149101bb9099,CICIoT2023,1,False,False,"{""fallback"":""rule_planner"",""requests"":[],""stop"":false}",,,HTTPError
d6b58007a68f195856c0f13892d88d2aeb5257bd44ef8140f213149101bb9099,CICIoT2023,2,False,False,"{""fallback"":""rule_planner"",""requests"":[],""stop"":false}",,,HTTPError
d6b58007a68f195856c0f13892d88d2aeb5257bd44ef8140f213149101bb9099,CICIoT2023,3,False,False,"{""fallback"":""rule_planner"",""requests"":[],""stop"":false}",,,HTTPError
f82ab70198e0c6a0078620fcc49b1bc81013a671d0c5407d269e1ce9c82dc599,USTC-TFC2016,1,False,False,"{""fallback"":""rule_planner"",""requests"":[],""stop"":false}",,,HTTPError
f82ab70198e0c6a0078620fcc49b1bc81013a671d0c5407d269e1ce9c82dc599,USTC-TFC2016,2,False,False,"{""fallback"":""rule_planner"",""requests"":[],""stop"":false}",,,HTTPError
f82ab70198e0c6a0078620fcc49b1bc81013a671d0c5407d269e1ce9c82dc599,USTC-TFC2016,3,False,False,"{""fallback"":""rule_planner"",""requests"":[],""stop"":false}",,,HTTPError
f818095ed27dc03c89833475a8a87956f42e326576ad04c52195b4735266cadb,NF-IoT,1,False,False,"{""fallback"":""rule_planner"",""requests"":[],""stop"":false}",,,HTTPError
f818095ed27dc03c89833475a8a87956f42e326576ad04c52195b4735266cadb,NF-IoT,2,False,False,"{""fallback"":""rule_planner"",""requests"":[],""stop"":false}",,,HTTPError
f818095ed27dc03c89833475a8a87956f42e326576ad04c52195b4735266cadb,NF-IoT,3,False,False,"{""fallback"":""rule_planner"",""requests"":[],""stop"":false}",,,HTTPError
80e21c8775caa8eff989b907f5918681263a207c67778a28a96f7d1b61c0abcd,USTC-TFC2016,1,False,False,"{""fallback"":""rule_planner"",""requests"":[],""stop"":false}",,,HTTPError
80e21c8775caa8eff989b907f5918681263a207c67778a28a96f7d1b61c0abcd,USTC-TFC2016,2,False,False,"{""fallback"":""rule_planner"",""requests"":[],""stop"":false}",,,HTTPError
80e21c8775caa8eff989b907f5918681263a207c67778a28a96f7d1b61c0abcd,USTC-TFC2016,3,False,False,"{""fallback"":""rule_planner"",""requests"":[],""stop"":false}",,,HTTPError
0470cdf047f192f224ebaef43302572db2d07518ba423f4fcb0faad277456787,CICIoT2023,1,False,False,"{""fallback"":""rule_planner"",""requests"":[],""stop"":false}",,,HTTPError
0470cdf047f192f224ebaef43302572db2d07518ba423f4fcb0faad277456787,CICIoT2023,2,False,False,"{""fallback"":""rule_planner"",""requests"":[],""stop"":false}",,,HTTPError
0470cdf047f192f224ebaef43302572db2d07518ba423f4fcb0faad277456787,CICIoT2023,3,False,False,"{""fallback"":""rule_planner"",""requests"":[],""stop"":false}",,,HTTPError
038b483062c9c6c3976f863c805c4d37a6cd5c47666260c64fcfe74c985ea0bb,NF-IoT,1,False,False,"{""fallback"":""rule_planner"",""requests"":[],""stop"":false}",,,HTTPError
038b483062c9c6c3976f863c805c4d37a6cd5c47666260c64fcfe74c985ea0bb,NF-IoT,2,False,False,"{""fallback"":""rule_planner"",""requests"":[],""stop"":false}",,,HTTPError
038b483062c9c6c3976f863c805c4d37a6cd5c47666260c64fcfe74c985ea0bb,NF-IoT,3,False,False,"{""fallback"":""rule_planner"",""requests"":[],""stop"":false}",,,HTTPError
6aeb087989205fdbecebcc852286116bc0d4a50a0f9b30e789cdd7071c1dea37,USTC-TFC2016,1,False,False,"{""fallback"":""rule_planner"",""requests"":[],""stop"":false}",,,HTTPError
6aeb087989205fdbecebcc852286116bc0d4a50a0f9b30e789cdd7071c1dea37,USTC-TFC2016,2,False,False,"{""fallback"":""rule_planner"",""requests"":[],""stop"":false}",,,HTTPError
6aeb087989205fdbecebcc852286116bc0d4a50a0f9b30e789cdd7071c1dea37,USTC-TFC2016,3,False,False,"{""fallback"":""rule_planner"",""requests"":[],""stop"":false}",,,HTTPError
5347e967ed2d9390a910419f7d287099843d80699e6d999e96a78765aab1b3d9,NF-IoT,1,False,False,"{""fallback"":""rule_planner"",""requests"":[],""stop"":false}",,,HTTPError
5347e967ed2d9390a910419f7d287099843d80699e6d999e96a78765aab1b3d9,NF-IoT,2,False,False,"{""fallback"":""rule_planner"",""requests"":[],""stop"":false}",,,HTTPError
5347e967ed2d9390a910419f7d287099843d80699e6d999e96a78765aab1b3d9,NF-IoT,3,False,False,"{""fallback"":""rule_planner"",""requests"":[],""stop"":false}",,,HTTPError
0767fd99391cd63d7176c841bf064a5e5750a328f1119f1cc5dc4807999dafdb,USTC-TFC2016,1,False,False,"{""fallback"":""rule_planner"",""requests"":[],""stop"":false}",,,HTTPError
0767fd99391cd63d7176c841bf064a5e5750a328f1119f1cc5dc4807999dafdb,USTC-TFC2016,2,False,False,"{""fallback"":""rule_planner"",""requests"":[],""stop"":false}",,,HTTPError
0767fd99391cd63d7176c841bf064a5e5750a328f1119f1cc5dc4807999dafdb,USTC-TFC2016,3,False,False,"{""fallback"":""rule_planner"",""requests"":[],""stop"":false}",,,HTTPError
6fea85f71aa30b53bc889d55a3bb15e6fffb4271acf09f97d23f2d001da25a43,USTC-TFC2016,1,False,False,"{""fallback"":""rule_planner"",""requests"":[],""stop"":false}",,,HTTPError
6fea85f71aa30b53bc889d55a3bb15e6fffb4271acf09f97d23f2d001da25a43,USTC-TFC2016,2,False,False,"{""fallback"":""rule_planner"",""requests"":[],""stop"":false}",,,HTTPError
6fea85f71aa30b53bc889d55a3bb15e6fffb4271acf09f97d23f2d001da25a43,USTC-TFC2016,3,False,False,"{""fallback"":""rule_planner"",""requests"":[],""stop"":false}",,,HTTPError
c450fa56512c036728bc2ef2e4676408a2f10624ad18a85ac72d42344ee147fe,NF-IoT,1,False,False,"{""fallback"":""rule_planner"",""requests"":[],""stop"":false}",,,HTTPError
c450fa56512c036728bc2ef2e4676408a2f10624ad18a85ac72d42344ee147fe,NF-IoT,2,False,False,"{""fallback"":""rule_planner"",""requests"":[],""stop"":false}",,,HTTPError
c450fa56512c036728bc2ef2e4676408a2f10624ad18a85ac72d42344ee147fe,NF-IoT,3,False,False,"{""fallback"":""rule_planner"",""requests"":[],""stop"":false}",,,HTTPError
903e75f16fc8a0398fc3183311976a331d8249b97c768195b7098bbc6c217ab3,USTC-TFC2016,1,False,False,"{""fallback"":""rule_planner"",""requests"":[],""stop"":false}",,,HTTPError
903e75f16fc8a0398fc3183311976a331d8249b97c768195b7098bbc6c217ab3,USTC-TFC2016,2,False,False,"{""fallback"":""rule_planner"",""requests"":[],""stop"":false}",,,HTTPError
903e75f16fc8a0398fc3183311976a331d8249b97c768195b7098bbc6c217ab3,USTC-TFC2016,3,False,False,"{""fallback"":""rule_planner"",""requests"":[],""stop"":false}",,,HTTPError
403f3ca15ac91bcfc8c04a015a372f446621723227e0f41f6ecd1e8c898d5c17,NF-IoT,1,False,False,"{""fallback"":""rule_planner"",""requests"":[],""stop"":false}",,,HTTPError
403f3ca15ac91bcfc8c04a015a372f446621723227e0f41f6ecd1e8c898d5c17,NF-IoT,2,False,False,"{""fallback"":""rule_planner"",""requests"":[],""stop"":false}",,,HTTPError
403f3ca15ac91bcfc8c04a015a372f446621723227e0f41f6ecd1e8c898d5c17,NF-IoT,3,False,False,"{""fallback"":""rule_planner"",""requests"":[],""stop"":false}",,,HTTPError
ca16b0128ebdf34b06c25dccf0addab3fbe9db72970543f7f3feffc539c9cefc,CICIoT2023,1,False,False,"{""fallback"":""rule_planner"",""requests"":[],""stop"":false}",,,HTTPError
ca16b0128ebdf34b06c25dccf0addab3fbe9db72970543f7f3feffc539c9cefc,CICIoT2023,2,False,False,"{""fallback"":""rule_planner"",""requests"":[],""stop"":false}",,,HTTPError
ca16b0128ebdf34b06c25dccf0addab3fbe9db72970543f7f3feffc539c9cefc,CICIoT2023,3,False,False,"{""fallback"":""rule_planner"",""requests"":[],""stop"":false}",,,HTTPError
d0289ba417ea455599488d7cdb4aee0270747299f7a61e7d4e0a2aa20340db49,USTC-TFC2016,1,False,False,"{""fallback"":""rule_planner"",""requests"":[],""stop"":false}",,,HTTPError
d0289ba417ea455599488d7cdb4aee0270747299f7a61e7d4e0a2aa20340db49,USTC-TFC2016,2,False,False,"{""fallback"":""rule_planner"",""requests"":[],""stop"":false}",,,HTTPError
d0289ba417ea455599488d7cdb4aee0270747299f7a61e7d4e0a2aa20340db49,USTC-TFC2016,3,False,False,"{""fallback"":""rule_planner"",""requests"":[],""stop"":false}",,,HTTPError
fbcf1bf8710f63cfe671fd08ce56ce9292ffcdbc45277bb5687d788df86121b9,CICIoT2023,1,False,False,"{""fallback"":""rule_planner"",""requests"":[],""stop"":false}",,,HTTPError
fbcf1bf8710f63cfe671fd08ce56ce9292ffcdbc45277bb5687d788df86121b9,CICIoT2023,2,False,False,"{""fallback"":""rule_planner"",""requests"":[],""stop"":false}",,,HTTPError
fbcf1bf8710f63cfe671fd08ce56ce9292ffcdbc45277bb5687d788df86121b9,CICIoT2023,3,False,False,"{""fallback"":""rule_planner"",""requests"":[],""stop"":false}",,,HTTPError
f668445e735b45e06496461bbc1d2e5dea50a9b4464111d846f4a089d1489cd1,CICIoT2023,1,False,False,"{""fallback"":""rule_planner"",""requests"":[],""stop"":false}",,,HTTPError
f668445e735b45e06496461bbc1d2e5dea50a9b4464111d846f4a089d1489cd1,CICIoT2023,2,False,False,"{""fallback"":""rule_planner"",""requests"":[],""stop"":false}",,,HTTPError
f668445e735b45e06496461bbc1d2e5dea50a9b4464111d846f4a089d1489cd1,CICIoT2023,3,False,False,"{""fallback"":""rule_planner"",""requests"":[],""stop"":false}",,,HTTPError
48f4a79b60f72406ffa063745c3cc663ce1f82e98a54b6eda4b7dfa532dc3b8f,USTC-TFC2016,1,False,False,"{""fallback"":""rule_planner"",""requests"":[],""stop"":false}",,,HTTPError
48f4a79b60f72406ffa063745c3cc663ce1f82e98a54b6eda4b7dfa532dc3b8f,USTC-TFC2016,2,False,False,"{""fallback"":""rule_planner"",""requests"":[],""stop"":false}",,,HTTPError
48f4a79b60f72406ffa063745c3cc663ce1f82e98a54b6eda4b7dfa532dc3b8f,USTC-TFC2016,3,False,False,"{""fallback"":""rule_planner"",""requests"":[],""stop"":false}",,,HTTPError
3fd143e40c98897e8090348be980f90bfe7098fdea9d89cb1e7b25e75b006643,NF-IoT,1,False,False,"{""fallback"":""rule_planner"",""requests"":[],""stop"":false}",,,HTTPError
3fd143e40c98897e8090348be980f90bfe7098fdea9d89cb1e7b25e75b006643,NF-IoT,2,False,False,"{""fallback"":""rule_planner"",""requests"":[],""stop"":false}",,,HTTPError
3fd143e40c98897e8090348be980f90bfe7098fdea9d89cb1e7b25e75b006643,NF-IoT,3,False,False,"{""fallback"":""rule_planner"",""requests"":[],""stop"":false}",,,HTTPError
e6748f43e1278bcd3d55d0a8ba670a1d0ad3236ba3240224127d19dc68780714,CICIoT2023,1,False,False,"{""fallback"":""rule_planner"",""requests"":[],""stop"":false}",,,HTTPError
e6748f43e1278bcd3d55d0a8ba670a1d0ad3236ba3240224127d19dc68780714,CICIoT2023,2,False,False,"{""fallback"":""rule_planner"",""requests"":[],""stop"":false}",,,HTTPError
e6748f43e1278bcd3d55d0a8ba670a1d0ad3236ba3240224127d19dc68780714,CICIoT2023,3,False,False,"{""fallback"":""rule_planner"",""requests"":[],""stop"":false}",,,HTTPError
1c2657d5267d3780a164486855d1fd04cfa89d94b41b97d13217dd7b18af840a,USTC-TFC2016,1,False,False,"{""fallback"":""rule_planner"",""requests"":[],""stop"":false}",,,HTTPError
1c2657d5267d3780a164486855d1fd04cfa89d94b41b97d13217dd7b18af840a,USTC-TFC2016,2,False,False,"{""fallback"":""rule_planner"",""requests"":[],""stop"":false}",,,HTTPError
1c2657d5267d3780a164486855d1fd04cfa89d94b41b97d13217dd7b18af840a,USTC-TFC2016,3,False,False,"{""fallback"":""rule_planner"",""requests"":[],""stop"":false}",,,HTTPError
12230817abf9fde093360cae66fac3e01027c0fb5f99ffc48b2bb09c4faa1d82,CICIoT2023,1,False,False,"{""fallback"":""rule_planner"",""requests"":[],""stop"":false}",,,HTTPError
12230817abf9fde093360cae66fac3e01027c0fb5f99ffc48b2bb09c4faa1d82,CICIoT2023,2,False,False,"{""fallback"":""rule_planner"",""requests"":[],""stop"":false}",,,HTTPError
12230817abf9fde093360cae66fac3e01027c0fb5f99ffc48b2bb09c4faa1d82,CICIoT2023,3,False,False,"{""fallback"":""rule_planner"",""requests"":[],""stop"":false}",,,HTTPError
