path,source,kind,source_sha256,released_sha256,bytes,transformation
thesis/src/mad_etd/__init__.py,src/mad_etd/__init__.py,code,c9972d0ac0be84e5294547bed8f23207317436aeafbe9d0272b4ec7632330e08,c9972d0ac0be84e5294547bed8f23207317436aeafbe9d0272b4ec7632330e08,556,byte_identical
thesis/src/mad_etd/audit.py,src/mad_etd/audit.py,code,9058a42c2e51f16085de9e67ff0b62c13b66d7a39557682f8b6f61f4c44936c9,9058a42c2e51f16085de9e67ff0b62c13b66d7a39557682f8b6f61f4c44936c9,2271,byte_identical
thesis/src/mad_etd/autonomous_evidence_team_v2.py,src/mad_etd/autonomous_evidence_team_v2.py,code,7023911082adf1765fb6f0cae838461246227e73584707fa0dd09130c1378e17,7023911082adf1765fb6f0cae838461246227e73584707fa0dd09130c1378e17,61548,byte_identical
thesis/src/mad_etd/base.py,src/mad_etd/base.py,code,d9c631485cb9d38ba105d552ab2c2a036aea5208d95b4b77878b31084c2ad76c,d9c631485cb9d38ba105d552ab2c2a036aea5208d95b4b77878b31084c2ad76c,2914,byte_identical
thesis/src/mad_etd/baseline_comparison.py,src/mad_etd/baseline_comparison.py,code,354dd42dc0fe6f654724c6350554762c06c85f7e27b8d26f1f4d0ae27e12b2b2,354dd42dc0fe6f654724c6350554762c06c85f7e27b8d26f1f4d0ae27e12b2b2,70977,byte_identical
thesis/src/mad_etd/calibration_aware_ensemble_w77_w79.py,src/mad_etd/calibration_aware_ensemble_w77_w79.py,code,70b029de1e3e3fce3f227160c247e798b83a94f14cdd596c641c22fdef0d4ffe,70b029de1e3e3fce3f227160c247e798b83a94f14cdd596c641c22fdef0d4ffe,74346,byte_identical
thesis/src/mad_etd/coordinator.py,src/mad_etd/coordinator.py,code,8b01d9a0dac1eaa0e844e023b412bd5568e6ad18e1d7904472d9308ef8b454c6,8b01d9a0dac1eaa0e844e023b412bd5568e6ad18e1d7904472d9308ef8b454c6,38122,byte_identical
thesis/src/mad_etd/credentials.py,src/mad_etd/credentials.py,code,3fe8759ad23fa5f5d9d8154a860c1a5fabde5c41f9d2054e89b08556225a7b8d,3fe8759ad23fa5f5d9d8154a860c1a5fabde5c41f9d2054e89b08556225a7b8d,915,byte_identical
thesis/src/mad_etd/credible_performance_w62_w67.py,src/mad_etd/credible_performance_w62_w67.py,code,6a2bf0666171e5afba1347d68cb7051ddbb376d74629d3ab879856b553b9e924,6a2bf0666171e5afba1347d68cb7051ddbb376d74629d3ab879856b553b9e924,54955,byte_identical
thesis/src/mad_etd/cross_view_autonomous_team_v6.py,src/mad_etd/cross_view_autonomous_team_v6.py,code,132519a0c5361b44308a0e4771115bc881f180ebc5763c7f4425cf5a2ea17394,132519a0c5361b44308a0e4771115bc881f180ebc5763c7f4425cf5a2ea17394,62328,byte_identical
thesis/src/mad_etd/cross_view_group_robust_v6_1.py,src/mad_etd/cross_view_group_robust_v6_1.py,code,58dfd7ba85d88a990f8234f816b56353d3ffd3e4012036c71991b28520cece9c,58dfd7ba85d88a990f8234f816b56353d3ffd3e4012036c71991b28520cece9c,47797,byte_identical
thesis/src/mad_etd/cse_mafsids_gap_closing_w241_w245.py,src/mad_etd/cse_mafsids_gap_closing_w241_w245.py,code,4964ca2fb9757961a43af19f2fd2fbe3c2103c3d88b6be62fc08eaff5805103a,4964ca2fb9757961a43af19f2fd2fbe3c2103c3d88b6be62fc08eaff5805103a,48348,byte_identical
thesis/src/mad_etd/deep_models.py,src/mad_etd/deep_models.py,code,49cc7b4e58558928bda15c40d86d9a3719d03602d1662ea3669f0108f1c2758d,49cc7b4e58558928bda15c40d86d9a3719d03602d1662ea3669f0108f1c2758d,12112,byte_identical
thesis/src/mad_etd/detector_boosting_v58.py,src/mad_etd/detector_boosting_v58.py,code,7ef6ac7ededf91d5412c373f04d73411545922c6b2217d00b609f6a5d38002f8,7ef6ac7ededf91d5412c373f04d73411545922c6b2217d00b609f6a5d38002f8,24497,byte_identical
thesis/src/mad_etd/detectors.py,src/mad_etd/detectors.py,code,be71ec4059a0e6859238aa2e038955919513eec3977639b64ffff88af8e026cd,be71ec4059a0e6859238aa2e038955919513eec3977639b64ffff88af8e026cd,34968,byte_identical
thesis/src/mad_etd/dohbrw_fresh_readiness_w276_w281.py,src/mad_etd/dohbrw_fresh_readiness_w276_w281.py,code,771bd78d6a476a94d11ef6597baaf58cb307159677b01127d8aa56e9a314824e,771bd78d6a476a94d11ef6597baaf58cb307159677b01127d8aa56e9a314824e,58748,byte_identical
thesis/src/mad_etd/dohbrw_fresh_tls_performance_w282_w286.py,src/mad_etd/dohbrw_fresh_tls_performance_w282_w286.py,code,a24138c4fdf15aec0d0d2874a5fc180cff74ba38517a5e85dbca03fca5017fa0,a24138c4fdf15aec0d0d2874a5fc180cff74ba38517a5e85dbca03fca5017fa0,50676,byte_identical
thesis/src/mad_etd/dohbrw_independent_robustness_w287_w290.py,src/mad_etd/dohbrw_independent_robustness_w287_w290.py,code,49fefc45f6731d1d49733140c0450c78c8edd88d33653cac0020045a6c4043fa,49fefc45f6731d1d49733140c0450c78c8edd88d33653cac0020045a6c4043fa,45498,byte_identical
thesis/src/mad_etd/dohbrw_v4.py,src/mad_etd/dohbrw_v4.py,code,c11f16e4b3b4b68666f657f71a6d30595cfb922bae9f9979c91ae825c3e88504,c11f16e4b3b4b68666f657f71a6d30595cfb922bae9f9979c91ae825c3e88504,35261,byte_identical
thesis/src/mad_etd/domain_robust_stats_v2.py,src/mad_etd/domain_robust_stats_v2.py,code,03ef8046e4f243d61995598a5c83a76c2ad17adf872fc844b164d44c89bd58ec,03ef8046e4f243d61995598a5c83a76c2ad17adf872fc844b164d44c89bd58ec,10553,byte_identical
thesis/src/mad_etd/domain_robust_stats_w81.py,src/mad_etd/domain_robust_stats_w81.py,code,ecb0ec0c5abc71da443f4acc52f5285370d449965387281f30fac34932793f64,ecb0ec0c5abc71da443f4acc52f5285370d449965387281f30fac34932793f64,63038,byte_identical
thesis/src/mad_etd/edge_iiot_multiagent_w203_w210.py,src/mad_etd/edge_iiot_multiagent_w203_w210.py,code,15cacec4fa69392ac583802bcbf8dcd1c960259f8a8b9cd0530f76d855574b68,15cacec4fa69392ac583802bcbf8dcd1c960259f8a8b9cd0530f76d855574b68,61632,byte_identical
thesis/src/mad_etd/edge_iiotset_safe_baseline_w307.py,src/mad_etd/edge_iiotset_safe_baseline_w307.py,code,78a55689241a5d99cec84b32356f89d4b9c780d560226408b561fd948ebeb4e3,78a55689241a5d99cec84b32356f89d4b9c780d560226408b561fd948ebeb4e3,24253,byte_identical
thesis/src/mad_etd/engine.py,src/mad_etd/engine.py,code,d2cdfd2f41464db2f10703d0f3004f29f48f49e353c68af2c56883867ea90089,d2cdfd2f41464db2f10703d0f3004f29f48f49e353c68af2c56883867ea90089,50300,byte_identical
thesis/src/mad_etd/evaluation.py,src/mad_etd/evaluation.py,code,2267815e7448ff1f101f68ba9ba4a52cbaea8fc08e66f6dc8997023421cc426e,2267815e7448ff1f101f68ba9ba4a52cbaea8fc08e66f6dc8997023421cc426e,30127,byte_identical
thesis/src/mad_etd/evidence_admission.py,src/mad_etd/evidence_admission.py,code,3103e1fa9f78ebac46600e9076f69fa3b8856503a9889e60a8b30a54d6ed19c2,3103e1fa9f78ebac46600e9076f69fa3b8856503a9889e60a8b30a54d6ed19c2,10957,byte_identical
thesis/src/mad_etd/evidence_budget_router.py,src/mad_etd/evidence_budget_router.py,code,710e449662b3e70e441c60c2be49a9d2ba80fb34a94bc228e8b842a8735fa3d7,710e449662b3e70e441c60c2be49a9d2ba80fb34a94bc228e8b842a8735fa3d7,12125,byte_identical
thesis/src/mad_etd/evidence_stability.py,src/mad_etd/evidence_stability.py,code,fb528211fa2d764648c5b273e209a0cdd99b6b9f059a22b001f2ad947dfe41cf,fb528211fa2d764648c5b273e209a0cdd99b6b9f059a22b001f2ad947dfe41cf,14364,byte_identical
thesis/src/mad_etd/evidence_team.py,src/mad_etd/evidence_team.py,code,289a676fa9fbd16b1c16a5c56a015ba4aa6c7604e3e995449b2a6175d9eda028,289a676fa9fbd16b1c16a5c56a015ba4aa6c7604e3e995449b2a6175d9eda028,20013,byte_identical
thesis/src/mad_etd/external_citable_multiagent_v13.py,src/mad_etd/external_citable_multiagent_v13.py,code,2b75a0ca26d185842041c41d2c633ee2687ba01307d2738dcc076f12127f1228,2b75a0ca26d185842041c41d2c633ee2687ba01307d2738dcc076f12127f1228,33785,byte_identical
thesis/src/mad_etd/external_citable_thesis_v14.py,src/mad_etd/external_citable_thesis_v14.py,code,be95b2d9d371623478de544f20bebe7d5289c0a0bc3249c5c6c3e8ba64f4feb3,be95b2d9d371623478de544f20bebe7d5289c0a0bc3249c5c6c3e8ba64f4feb3,32968,byte_identical
thesis/src/mad_etd/external_multiagent_positive_w160_w167.py,src/mad_etd/external_multiagent_positive_w160_w167.py,code,a0088c9b07a777cc76929a9095b66bc3888ac1e9e1f00f85ac0f0fb81dd26e99,a0088c9b07a777cc76929a9095b66bc3888ac1e9e1f00f85ac0f0fb81dd26e99,78562,byte_identical
thesis/src/mad_etd/external_multiagent_v51.py,src/mad_etd/external_multiagent_v51.py,code,289c0973ef080a5989721a3a94e7c1aa037037cd56f04f8bb290647a1c00a69e,289c0973ef080a5989721a3a94e7c1aa037037cd56f04f8bb290647a1c00a69e,31740,byte_identical
thesis/src/mad_etd/external_multiagent_v52.py,src/mad_etd/external_multiagent_v52.py,code,9442000786ee7591f660ece1029d47942042159c5d0089850df27c901222044a,9442000786ee7591f660ece1029d47942042159c5d0089850df27c901222044a,27144,byte_identical
thesis/src/mad_etd/external_peer_multiagent_v11.py,src/mad_etd/external_peer_multiagent_v11.py,code,d27fd08c1ea09168a3f9c673f54f1f165cf5761b543cd52e9754e1176f19d64c,d27fd08c1ea09168a3f9c673f54f1f165cf5761b543cd52e9754e1176f19d64c,42247,byte_identical
thesis/src/mad_etd/extract_ustc.py,src/mad_etd/extract_ustc.py,code,c41c4b144556edcdd1741f9b6a0e6715233fa165470ba53ebfd5b77ca65792c1,c41c4b144556edcdd1741f9b6a0e6715233fa165470ba53ebfd5b77ca65792c1,15345,byte_identical
thesis/src/mad_etd/feature_forensics_v1.py,src/mad_etd/feature_forensics_v1.py,code,2f291ebf1e8f5e917140853adcbcea3c444b335c8adb5b895b569485a6833ad3,c9576256dfcb9f4910c4efcdd4064214c848fb9805fcd4a006933cc208982e64,33434,byte_identical;synthetic_fixture_addresses_to_documentation_range
thesis/src/mad_etd/feature_policy_effectiveness_v1.py,src/mad_etd/feature_policy_effectiveness_v1.py,code,cf4a00943e307099323663081fe9f8f02ff5d1380a1b049c972cc57621d66607,cf4a00943e307099323663081fe9f8f02ff5d1380a1b049c972cc57621d66607,34807,byte_identical
thesis/src/mad_etd/features.py,src/mad_etd/features.py,code,f5617852b491e20a8aa4d2f3ed0101b4f577d394d1fb2c34446f0caf290f4afc,f5617852b491e20a8aa4d2f3ed0101b4f577d394d1fb2c34446f0caf290f4afc,7543,byte_identical
thesis/src/mad_etd/field_audit.py,src/mad_etd/field_audit.py,code,9f26367326e3f39c4a4905f0590a2879bda68b9cc86e4589e2d585c0945b7406,9f26367326e3f39c4a4905f0590a2879bda68b9cc86e4589e2d585c0945b7406,10809,byte_identical
thesis/src/mad_etd/field_contract.py,src/mad_etd/field_contract.py,code,a2295b16e5dce3af02d6eeee56a3b3ee7e8f0a1adfc9af8ea24216e633730b39,a2295b16e5dce3af02d6eeee56a3b3ee7e8f0a1adfc9af8ea24216e633730b39,7851,byte_identical
thesis/src/mad_etd/fusion.py,src/mad_etd/fusion.py,code,31dbc4c207f5953bc02896417b8bc33f241d4aafe4f6b5b4d2be35bd455fd57b,31dbc4c207f5953bc02896417b8bc33f241d4aafe4f6b5b4d2be35bd455fd57b,8699,byte_identical
thesis/src/mad_etd/future_evaluation.py,src/mad_etd/future_evaluation.py,code,b08bf39dc24dddbe17d2272cec21ad0b27ad85bd75b2f90d60353337a8a21773,b08bf39dc24dddbe17d2272cec21ad0b27ad85bd75b2f90d60353337a8a21773,15160,byte_identical
thesis/src/mad_etd/generalization.py,src/mad_etd/generalization.py,code,fda587c8f6f017fffcfc6fcfd5ebfe9462cf8dfb3c28e474610ccafce65959b2,fda587c8f6f017fffcfc6fcfd5ebfe9462cf8dfb3c28e474610ccafce65959b2,53934,byte_identical
thesis/src/mad_etd/gotham_grouped_performance_w320.py,src/mad_etd/gotham_grouped_performance_w320.py,code,1ccd8666e3a323f6b037bc3963d656a412f41577da0566e2ece7b43e63499f0e,1ccd8666e3a323f6b037bc3963d656a412f41577da0566e2ece7b43e63499f0e,62979,byte_identical
thesis/src/mad_etd/gotham_routing_efficiency_w322.py,src/mad_etd/gotham_routing_efficiency_w322.py,code,23c14c185d847c64106ea3895b0e4c689a2e64750e7b2e32ff523fe298d17686,23c14c185d847c64106ea3895b0e4c689a2e64750e7b2e32ff523fe298d17686,41541,byte_identical
thesis/src/mad_etd/guard.py,src/mad_etd/guard.py,code,2fe98f1a50cafcd4466d19500c8e443d0b353b43f0ea466749cd93daff49d2fd,2fe98f1a50cafcd4466d19500c8e443d0b353b43f0ea466749cd93daff49d2fd,6037,byte_identical
thesis/src/mad_etd/hitl.py,src/mad_etd/hitl.py,code,c39857824d6c832e42e409b00c6fba4e0e997135d9b3e016bd4c4e8529ee8f8a,c39857824d6c832e42e409b00c6fba4e0e997135d9b3e016bd4c4e8529ee8f8a,60505,byte_identical
thesis/src/mad_etd/hybrid_multiagent_evidence_v1.py,src/mad_etd/hybrid_multiagent_evidence_v1.py,code,60cee7e6c3725442a325613a75aaf14e36995d5b86b7d63dd4d47abb4ceebea6,60cee7e6c3725442a325613a75aaf14e36995d5b86b7d63dd4d47abb4ceebea6,104817,byte_identical
thesis/src/mad_etd/io.py,src/mad_etd/io.py,code,61c033990c3506161165b0c2bca2ceadebcac74dcba55f49e9db976cef14bd41,61c033990c3506161165b0c2bca2ceadebcac74dcba55f49e9db976cef14bd41,4303,byte_identical
thesis/src/mad_etd/knowledge.py,src/mad_etd/knowledge.py,code,92a81ecbf617dd96811158c3f8e27dbf3dcc520ec52fba13fee32e4340261c4c,92a81ecbf617dd96811158c3f8e27dbf3dcc520ec52fba13fee32e4340261c4c,22025,byte_identical
thesis/src/mad_etd/layered_security_governance_w266_w270.py,src/mad_etd/layered_security_governance_w266_w270.py,code,0252670a9b9d7385acace76e187962c7afe9a3eeaf69d8cfb040e818f23421ea,0252670a9b9d7385acace76e187962c7afe9a3eeaf69d8cfb040e818f23421ea,51194,byte_identical
thesis/src/mad_etd/learned_tls_w83.py,src/mad_etd/learned_tls_w83.py,code,f989060116dc69b69e757a042b8c400f63e05ecbfed2f78176f29d2a91bdad7d,f989060116dc69b69e757a042b8c400f63e05ecbfed2f78176f29d2a91bdad7d,51378,byte_identical
thesis/src/mad_etd/llm_field_audit_critic.py,src/mad_etd/llm_field_audit_critic.py,code,5dcf80dc6ab07edd10b759a6df33426ac9769f91ddcb78353eec4babd7241fb3,5dcf80dc6ab07edd10b759a6df33426ac9769f91ddcb78353eec4babd7241fb3,53721,byte_identical
thesis/src/mad_etd/memory.py,src/mad_etd/memory.py,code,41db81c39f7d358ffcca6c408aa5bce91b34a469c00e995dd697aca853d9ac96,41db81c39f7d358ffcca6c408aa5bce91b34a469c00e995dd697aca853d9ac96,12257,byte_identical
thesis/src/mad_etd/models.py,src/mad_etd/models.py,code,dd46d12036bd52fba83a4e34ae7fc4bb5b0b7527050d8f099849cc7b355b7084,dd46d12036bd52fba83a4e34ae7fc4bb5b0b7527050d8f099849cc7b355b7084,6627,byte_identical
thesis/src/mad_etd/multidataset_skill_evidence_pack_w102.py,src/mad_etd/multidataset_skill_evidence_pack_w102.py,code,d903b9280ade14ee648f0528a6f2be0ae06dec21b08f2a7f26b12184a0fedb7c,d903b9280ade14ee648f0528a6f2be0ae06dec21b08f2a7f26b12184a0fedb7c,16563,byte_identical
thesis/src/mad_etd/n_baiot_development_w316.py,src/mad_etd/n_baiot_development_w316.py,code,5a83489566e9d3a3d2f6ef2adbe890eda2d673718efc49f3e92d1d1bb672ef0f,5a83489566e9d3a3d2f6ef2adbe890eda2d673718efc49f3e92d1d1bb672ef0f,24380,byte_identical
thesis/src/mad_etd/n_baiot_multiclass_complementarity_v16.py,src/mad_etd/n_baiot_multiclass_complementarity_v16.py,code,44d0c2b79ae1049a4a752de035f2612f67ad5fe7c04491746ba4688d31c57d5e,44d0c2b79ae1049a4a752de035f2612f67ad5fe7c04491746ba4688d31c57d5e,29227,byte_identical
thesis/src/mad_etd/nf_iot_calibration_v510.py,src/mad_etd/nf_iot_calibration_v510.py,code,3cbe720c14f8d416b84ab691d85c37f26553a4025ac0dfbcd7153db7ee283de4,3cbe720c14f8d416b84ab691d85c37f26553a4025ac0dfbcd7153db7ee283de4,13662,byte_identical
thesis/src/mad_etd/nf_iot_runtime_v512.py,src/mad_etd/nf_iot_runtime_v512.py,code,f22249a726c4b077ac58e613d4a8a8ff5e82c06cf51c3dc8b1b777e9dfd4dc01,f22249a726c4b077ac58e613d4a8a8ff5e82c06cf51c3dc8b1b777e9dfd4dc01,18117,byte_identical
thesis/src/mad_etd/nfiot_bot_targeted_performance_w96.py,src/mad_etd/nfiot_bot_targeted_performance_w96.py,code,d69803fab4fb97449d04b1174a1461fbcbdd6a8adbe5f329e7a1db46e91b2c93,d69803fab4fb97449d04b1174a1461fbcbdd6a8adbe5f329e7a1db46e91b2c93,14923,byte_identical
thesis/src/mad_etd/nfiot_positive_evidence_pack_w47.py,src/mad_etd/nfiot_positive_evidence_pack_w47.py,code,e04bbd7a677766b8f5bfaabf74317e8b9d41a2b54297cce627734213516354b1,e04bbd7a677766b8f5bfaabf74317e8b9d41a2b54297cce627734213516354b1,32870,byte_identical
thesis/src/mad_etd/nfiot_positive_replication_w45.py,src/mad_etd/nfiot_positive_replication_w45.py,code,65e5b5772b066bfc83af13edd05ce1ad7ce521fb9832b21e16899e35134e49cf,65e5b5772b066bfc83af13edd05ce1ad7ce521fb9832b21e16899e35134e49cf,21757,byte_identical
thesis/src/mad_etd/nfiot_skill_positive_w93.py,src/mad_etd/nfiot_skill_positive_w93.py,code,023648a8b16be1e97f9f8c2a501356d38d7b6f342adb1f94ad69f40c8c7dc057,023648a8b16be1e97f9f8c2a501356d38d7b6f342adb1f94ad69f40c8c7dc057,47077,byte_identical
thesis/src/mad_etd/nfiot_source_heldout_w97.py,src/mad_etd/nfiot_source_heldout_w97.py,code,9b605c5309ce7ab3b7abbf29043b0a72fcec1f9aa5c5e201f3bacf215674e030,9b605c5309ce7ab3b7abbf29043b0a72fcec1f9aa5c5e201f3bacf215674e030,31893,byte_identical
thesis/src/mad_etd/nfiot_targeted_performance_w94_w95.py,src/mad_etd/nfiot_targeted_performance_w94_w95.py,code,0e357660efb3d0c697f494044b28ab1256cc7688dc4029392d5f138f72308cec,0e357660efb3d0c697f494044b28ab1256cc7688dc4029392d5f138f72308cec,46958,byte_identical
thesis/src/mad_etd/nfton_binary_generalization_w176_w179.py,src/mad_etd/nfton_binary_generalization_w176_w179.py,code,279bc14028f8e58530cba91d555b02b097f4e0e99fc6a7114f0eafceaec79d75,279bc14028f8e58530cba91d555b02b097f4e0e99fc6a7114f0eafceaec79d75,39553,byte_identical
thesis/src/mad_etd/non_tls_fresh_specialist_w297_w300.py,src/mad_etd/non_tls_fresh_specialist_w297_w300.py,code,413060204ce006ff63be4069eb2795d263d6ae87faf87edc17b3ff1df1641a91,413060204ce006ff63be4069eb2795d263d6ae87faf87edc17b3ff1df1641a91,53839,byte_identical
thesis/src/mad_etd/ood.py,src/mad_etd/ood.py,code,6e34fdb88a70fcbdbd629b7dea8f7acdbe0eeaf4ca8efafbb3a43d920b11fe46,6e34fdb88a70fcbdbd629b7dea8f7acdbe0eeaf4ca8efafbb3a43d920b11fe46,13126,byte_identical
thesis/src/mad_etd/ood_prefix.py,src/mad_etd/ood_prefix.py,code,31a48055d52aa28b08c0d180997c10554dbb488f6adc9f990ed6536ca74c8a73,31a48055d52aa28b08c0d180997c10554dbb488f6adc9f990ed6536ca74c8a73,6230,byte_identical
thesis/src/mad_etd/ood_v3.py,src/mad_etd/ood_v3.py,code,5dd38838482e7e74a1e91b0286048dfa515d8b55efa2f54a3c9a802e200fcc7e,5dd38838482e7e74a1e91b0286048dfa515d8b55efa2f54a3c9a802e200fcc7e,7256,byte_identical
thesis/src/mad_etd/ood_v31.py,src/mad_etd/ood_v31.py,code,acf955f08684d7fe16493fc8f3302070e7b4df5e26cd30306b4d24efe65e173d,acf955f08684d7fe16493fc8f3302070e7b4df5e26cd30306b4d24efe65e173d,14300,byte_identical
thesis/src/mad_etd/ood_v32.py,src/mad_etd/ood_v32.py,code,8fade44072725a97c941858df5b3ea11f98961bf50491f742ddd264fb3d0be3f,8fade44072725a97c941858df5b3ea11f98961bf50491f742ddd264fb3d0be3f,7510,byte_identical
thesis/src/mad_etd/ood_v33.py,src/mad_etd/ood_v33.py,code,fcc3f96296ca3f984048eb3c4a3c56cb79fbcc0735ae792f00057861718b22e7,fcc3f96296ca3f984048eb3c4a3c56cb79fbcc0735ae792f00057861718b22e7,6721,byte_identical
thesis/src/mad_etd/ood_v34_orbit.py,src/mad_etd/ood_v34_orbit.py,code,e55e737f75636d9904da5bb72141d3c2196b64c30e1f6970d1e0f33185f31b15,e55e737f75636d9904da5bb72141d3c2196b64c30e1f6970d1e0f33185f31b15,8623,byte_identical
thesis/src/mad_etd/ood_validation.py,src/mad_etd/ood_validation.py,code,00c7a65a9f4c256e5717461d016715e832b5c8be07371729dd80654c0e729a36,00c7a65a9f4c256e5717461d016715e832b5c8be07371729dd80654c0e729a36,31770,byte_identical
thesis/src/mad_etd/orbit_reliability.py,src/mad_etd/orbit_reliability.py,code,6f6233f75f97395078550180e9ad384532cf35590dcf9d6d87e422ee12442286,6f6233f75f97395078550180e9ad384532cf35590dcf9d6d87e422ee12442286,18493,byte_identical
thesis/src/mad_etd/orchestration.py,src/mad_etd/orchestration.py,code,c025d08085c687f7f532204b29d4f6c8972ce3fd633e96bed76caf1293e66145,c025d08085c687f7f532204b29d4f6c8972ce3fd633e96bed76caf1293e66145,9430,byte_identical
thesis/src/mad_etd/packet_sequence_v56.py,src/mad_etd/packet_sequence_v56.py,code,ff71b0e11867b1cd73fd4ff9a04e514ced3b86239891327a5d18571351667499,ff71b0e11867b1cd73fd4ff9a04e514ced3b86239891327a5d18571351667499,34323,byte_identical
thesis/src/mad_etd/paper_evaluation.py,src/mad_etd/paper_evaluation.py,code,f538495010cd2753964ff3f97a01b2218a625f78135e3a5811edaab3cd4a3303,f538495010cd2753964ff3f97a01b2218a625f78135e3a5811edaab3cd4a3303,39100,byte_identical
thesis/src/mad_etd/performance_upgrade_w88_w92.py,src/mad_etd/performance_upgrade_w88_w92.py,code,3ecae4efdf688436e5a55b3f5028a0d35d9ffa9bfa67414f6dc15acce19fbba0,3ecae4efdf688436e5a55b3f5028a0d35d9ffa9bfa67414f6dc15acce19fbba0,53764,byte_identical
thesis/src/mad_etd/perturb.py,src/mad_etd/perturb.py,code,edecbc6b0fc714ca2e8ecd443c4d7e2a3c5efaf50bf3978846b00caaadc4cc86,edecbc6b0fc714ca2e8ecd443c4d7e2a3c5efaf50bf3978846b00caaadc4cc86,3597,byte_identical
thesis/src/mad_etd/positive_skill_system_integration_w103.py,src/mad_etd/positive_skill_system_integration_w103.py,code,d4ed72eab4e1ee8f72724620bd917073395b56a36d207b39ac5e8a7bb32c8154,d4ed72eab4e1ee8f72724620bd917073395b56a36d207b39ac5e8a7bb32c8154,50586,byte_identical
thesis/src/mad_etd/prefix_robust_temporal_v2.py,src/mad_etd/prefix_robust_temporal_v2.py,code,e5164a70d4e010eb436bf9d17df1640214d2fb24a806f0f7239a737a765d8bdb,e5164a70d4e010eb436bf9d17df1640214d2fb24a806f0f7239a737a765d8bdb,11989,byte_identical
thesis/src/mad_etd/reasoning.py,src/mad_etd/reasoning.py,code,5f2e39cfe7798b993b58abd1c3ee7c9c2bba98da0f6975ae60525f45a1ed305c,5f2e39cfe7798b993b58abd1c3ee7c9c2bba98da0f6975ae60525f45a1ed305c,9193,byte_identical
thesis/src/mad_etd/reporter.py,src/mad_etd/reporter.py,code,6f913c6f7a812640079172ad024dcbf853a3bf1f00e108a07e117b658519ca9a,6f913c6f7a812640079172ad024dcbf853a3bf1f00e108a07e117b658519ca9a,12876,byte_identical
thesis/src/mad_etd/routing_efficiency_evidence_pack_w325.py,src/mad_etd/routing_efficiency_evidence_pack_w325.py,code,c8af7f475880505c398a5f9f44bba274e0865ca8a44de01aad561df04b71c53b,c8af7f475880505c398a5f9f44bba274e0865ca8a44de01aad561df04b71c53b,30483,byte_identical
thesis/src/mad_etd/runtime_profiles.py,src/mad_etd/runtime_profiles.py,code,7333f90a67b067ee256919fc0b99ee6b5b8de6dd914e30844db92e38669a2e0d,7333f90a67b067ee256919fc0b99ee6b5b8de6dd914e30844db92e38669a2e0d,5594,byte_identical
thesis/src/mad_etd/safe_flow_ensemble_w73_w76.py,src/mad_etd/safe_flow_ensemble_w73_w76.py,code,d9b2aabcf5ec53d62a3970912f02f67e018c4a0ebff1e9fd471a1bba0ecd701c,d9b2aabcf5ec53d62a3970912f02f67e018c4a0ebff1e9fd471a1bba0ecd701c,99352,byte_identical
thesis/src/mad_etd/safe_tls_hgb_w84.py,src/mad_etd/safe_tls_hgb_w84.py,code,4fc849039aae47ac1aabac131189ae47f040b2c1850e5cf58bc621529b00b3b0,4fc849039aae47ac1aabac131189ae47f040b2c1850e5cf58bc621529b00b3b0,51463,byte_identical
thesis/src/mad_etd/schemas.py,src/mad_etd/schemas.py,code,493d582cd76becac630e84e49542b59257debee3bc9727a4f2418e933bcbc080,493d582cd76becac630e84e49542b59257debee3bc9727a4f2418e933bcbc080,31364,byte_identical
thesis/src/mad_etd/security_acceptance.py,src/mad_etd/security_acceptance.py,code,a4648e2d3c924839a0c1024ff070568157e418c3a1e11d6f15554c586b3eea0f,a4648e2d3c924839a0c1024ff070568157e418c3a1e11d6f15554c586b3eea0f,11791,byte_identical
thesis/src/mad_etd/short_flow.py,src/mad_etd/short_flow.py,code,88c9c4f937623cabe4b7072aa86a0486481bae32c6f29b8c1d4235f60d82cbde,88c9c4f937623cabe4b7072aa86a0486481bae32c6f29b8c1d4235f60d82cbde,8646,byte_identical
thesis/src/mad_etd/short_flow_robust.py,src/mad_etd/short_flow_robust.py,code,010003a5a5eb0ff28bc74cd9070d8fabbfa8ddd68ce226dbaa5de279fd501553,010003a5a5eb0ff28bc74cd9070d8fabbfa8ddd68ce226dbaa5de279fd501553,8901,byte_identical
thesis/src/mad_etd/soc_evidence_team_v2_w82.py,src/mad_etd/soc_evidence_team_v2_w82.py,code,316ec11f3195fa37ce250f9baae1053787126cd87b8593706644ee1c16045323,316ec11f3195fa37ce250f9baae1053787126cd87b8593706644ee1c16045323,39054,byte_identical
thesis/src/mad_etd/soc_evidence_team_w72.py,src/mad_etd/soc_evidence_team_w72.py,code,883ba951860a3a1ae969c083a4c594b173bfaae6aaa30247f99d47b407ac9c93,883ba951860a3a1ae969c083a4c594b173bfaae6aaa30247f99d47b407ac9c93,38493,byte_identical
thesis/src/mad_etd/source_generalization_repair_w168_w171.py,src/mad_etd/source_generalization_repair_w168_w171.py,code,749d657d899827780beb61c1e896beef36d9d2b11a77e6aa0127d6cfa6ce96d8,749d657d899827780beb61c1e896beef36d9d2b11a77e6aa0127d6cfa6ce96d8,50659,byte_identical
thesis/src/mad_etd/splits.py,src/mad_etd/splits.py,code,93e6d47484cf06a1cd2192cb75dd5cb0f676cc6273af5a9057b7e76959338325,93e6d47484cf06a1cd2192cb75dd5cb0f676cc6273af5a9057b7e76959338325,4002,byte_identical
thesis/src/mad_etd/stats_detector_v55.py,src/mad_etd/stats_detector_v55.py,code,31a40448337ab137e7c085b11842d64c433c3bf7fb2cacd9cc1919d65e3df709,31a40448337ab137e7c085b11842d64c433c3bf7fb2cacd9cc1919d65e3df709,23095,byte_identical
thesis/src/mad_etd/thesis_blindreview_closure_v26.py,src/mad_etd/thesis_blindreview_closure_v26.py,code,841e03acff691f528fe493ce40cde583c8da5bb50f705ccbee740c6a0cff4b87,841e03acff691f528fe493ce40cde583c8da5bb50f705ccbee740c6a0cff4b87,36367,byte_identical
thesis/src/mad_etd/thesis_final_evidence_v21.py,src/mad_etd/thesis_final_evidence_v21.py,code,f5f060789810e592cd5da30943ad6ae1be24e22d389f401e8fd7450fa205fcea,f5f060789810e592cd5da30943ad6ae1be24e22d389f401e8fd7450fa205fcea,50702,byte_identical
thesis/src/mad_etd/thesis_final_experiment_closure_v20.py,src/mad_etd/thesis_final_experiment_closure_v20.py,code,72be6b2aa3e496e1bd50731ca1795e8ccef4b2ea550666d5d6d70896c2ed44e5,72be6b2aa3e496e1bd50731ca1795e8ccef4b2ea550666d5d6d70896c2ed44e5,31824,byte_identical
thesis/src/mad_etd/thesis_method_closure_v34.py,src/mad_etd/thesis_method_closure_v34.py,code,06efbc5c6d0e531c812151b7e12eea8a27c2e9b0ea985d46df29e8c25173dcc3,06efbc5c6d0e531c812151b7e12eea8a27c2e9b0ea985d46df29e8c25173dcc3,24577,byte_identical
thesis/src/mad_etd/thesis_reviewer_closure_v24.py,src/mad_etd/thesis_reviewer_closure_v24.py,code,2602f87460865626fb656e898f4f5bf49c86d9ef67b05c01c28239a23c574c21,2602f87460865626fb656e898f4f5bf49c86d9ef67b05c01c28239a23c574c21,34971,byte_identical
thesis/src/mad_etd/thesis_routing_efficiency_w326.py,src/mad_etd/thesis_routing_efficiency_w326.py,code,ae07934b9debb9b02ec5d9983cdc42b055d272ffc7ddd635e7895dcacbdfc1f5,447ccdb7179ae5e83f85c0ff67c51789519966e24621465b938ebda7c1014c95,26836,absolute_workspace_path_to_relative
thesis/src/mad_etd/threshold_calibration_v59.py,src/mad_etd/threshold_calibration_v59.py,code,49ffb8092a0d4eecd627c09be79e05c5c397b2b52257bf5ec7d566ca90875ba7,49ffb8092a0d4eecd627c09be79e05c5c397b2b52257bf5ec7d566ca90875ba7,25068,byte_identical
thesis/src/mad_etd/tls_v4_evaluation.py,src/mad_etd/tls_v4_evaluation.py,code,d5f0a2e26f3f312262779d01d7798e0a4a2c3723990714f0b2805d6d555ddb18,d5f0a2e26f3f312262779d01d7798e0a4a2c3723990714f0b2805d6d555ddb18,28092,byte_identical
thesis/src/mad_etd/tls_v4_training.py,src/mad_etd/tls_v4_training.py,code,d1d39ab0ef869794206d6ec51beb68dc66e6a10a2b6531a8d6dadc83e49f03dc,d1d39ab0ef869794206d6ec51beb68dc66e6a10a2b6531a8d6dadc83e49f03dc,18815,byte_identical
thesis/src/mad_etd/traffic_skill_registry_v1.py,src/mad_etd/traffic_skill_registry_v1.py,code,705d5d20e22feb38154b3c13dcb12d0455521b4fbc28352178347830d9126187,705d5d20e22feb38154b3c13dcb12d0455521b4fbc28352178347830d9126187,34182,byte_identical
thesis/src/mad_etd/training.py,src/mad_etd/training.py,code,2299ea0360869f632532c64b1adf8ef102966ec9175ff72e8e8e48331b018175,2299ea0360869f632532c64b1adf8ef102966ec9175ff72e8e8e48331b018175,23299,byte_identical
thesis/src/mad_etd/ustc_group_heldout_hybrid_w98.py,src/mad_etd/ustc_group_heldout_hybrid_w98.py,code,1b0637dbc59746f53dc22127754585ac59b0f6b3986fc47b25cc18ee485b1c7e,1b0637dbc59746f53dc22127754585ac59b0f6b3986fc47b25cc18ee485b1c7e,27674,byte_identical
thesis/src/mad_etd/utility.py,src/mad_etd/utility.py,code,722006026c3614c14530c2b0539bafb22dcc10738d536f5c9d20148d2e6ff712,722006026c3614c14530c2b0539bafb22dcc10738d536f5c9d20148d2e6ff712,10948,byte_identical
thesis/src/mad_etd/v22_protocol.py,src/mad_etd/v22_protocol.py,code,fe667e0682c5f5c7da142497aa8eab80d1289108b08a2987edb4d2541cd571da,fe667e0682c5f5c7da142497aa8eab80d1289108b08a2987edb4d2541cd571da,21204,byte_identical
thesis/src/mad_etd/v22_training.py,src/mad_etd/v22_training.py,code,d261191c5df6f7ab9185b7aa7c945a8c9d0c3609d5c743684430dcd73f65f8fb,d261191c5df6f7ab9185b7aa7c945a8c9d0c3609d5c743684430dcd73f65f8fb,24622,byte_identical
thesis/src/mad_etd/v23_protocol.py,src/mad_etd/v23_protocol.py,code,441db035e3b9556bb919d81fea35c9a07665866e2de3a1310d2003ce12688733,441db035e3b9556bb919d81fea35c9a07665866e2de3a1310d2003ce12688733,22768,byte_identical
thesis/src/mad_etd/v23_training.py,src/mad_etd/v23_training.py,code,3af77c11afc30ad751a127f3cf1103183a0edae5f1a3fc5cb0c7b954c2b39f62,3af77c11afc30ad751a127f3cf1103183a0edae5f1a3fc5cb0c7b954c2b39f62,29988,byte_identical
thesis/src/mad_etd/v28_protocol.py,src/mad_etd/v28_protocol.py,code,a07b8afb492c157b63dc0e2a40587782dc58fbd0cc8a95d749cac9c640f2d62e,a07b8afb492c157b63dc0e2a40587782dc58fbd0cc8a95d749cac9c640f2d62e,37183,byte_identical
thesis/src/mad_etd/v2_evaluation.py,src/mad_etd/v2_evaluation.py,code,441d93dd2bb4667bd101c3437d6282cf05a27dbfe442679e31e5349565af4893,441d93dd2bb4667bd101c3437d6282cf05a27dbfe442679e31e5349565af4893,28817,byte_identical
thesis/src/mad_etd/v2_training.py,src/mad_etd/v2_training.py,code,c64483f4adfc8fa723f91e5613a3814231eaaa0dc671f9b578b72b1e06802524,c64483f4adfc8fa723f91e5613a3814231eaaa0dc671f9b578b72b1e06802524,24022,byte_identical
thesis/src/mad_etd/v33_risk_ordered.py,src/mad_etd/v33_risk_ordered.py,code,788e0a22170b01a5a59fd3ea9af9ee9fb8492b11e1ca7994f142bd798a7d7bcf,788e0a22170b01a5a59fd3ea9af9ee9fb8492b11e1ca7994f142bd798a7d7bcf,28236,byte_identical
thesis/src/mad_etd/view_contract.py,src/mad_etd/view_contract.py,code,4bccfc08e56f943d35c110896a2596ddb211ca88f0e55501b54a58bc3d946088,4bccfc08e56f943d35c110896a2596ddb211ca88f0e55501b54a58bc3d946088,5433,byte_identical
thesis/tests/conftest.py,tests/conftest.py,test,d8c118fdda64cb2f243969ce754f4c7316955bfa364be091289ccb8eb4ea39b0,822de5cbebaadc37d3396c6afdf0708074d84dba8ab4ea7e91a57692119723a9,2045,byte_identical;explicit_skips_for_unbundled_private_inputs;explicit_skips_for_unbundled_private_inputs
thesis/tests/test_adversarial_view_pilot.py,tests/test_adversarial_view_pilot.py,test,2427c6ef05867f254cf7f62f72a34b1e0945ac0f1e2669e33d9003f7ca866b42,2427c6ef05867f254cf7f62f72a34b1e0945ac0f1e2669e33d9003f7ca866b42,2090,byte_identical
thesis/tests/test_audit_and_reporter.py,tests/test_audit_and_reporter.py,test,49aac7315a50870552bfd1860de71b6787e7829101276ef29814440149dd377f,49aac7315a50870552bfd1860de71b6787e7829101276ef29814440149dd377f,2599,byte_identical
thesis/tests/test_authoritative_fusion_benchmark.py,tests/test_authoritative_fusion_benchmark.py,test,5a401f9ad2be43c72fb12e8f167996dc8e66e0de7a1facbb0241c6379440ca52,5a401f9ad2be43c72fb12e8f167996dc8e66e0de7a1facbb0241c6379440ca52,3747,byte_identical
thesis/tests/test_authoritative_selective.py,tests/test_authoritative_selective.py,test,71038824c016160a1762c725ff76185775d43fe66343f45cd751185ac0fe8740,71038824c016160a1762c725ff76185775d43fe66343f45cd751185ac0fe8740,2696,byte_identical
thesis/tests/test_autonomous_evidence_team_v2.py,tests/test_autonomous_evidence_team_v2.py,test,73afd61abf5e4e2eefda8180b30a46487f6f8303effba913320b54efaec0ddd9,73afd61abf5e4e2eefda8180b30a46487f6f8303effba913320b54efaec0ddd9,11615,byte_identical
thesis/tests/test_coordinator.py,tests/test_coordinator.py,test,8993974fff73c1b962d93f38d8d8cb3dd6f9abd538fb1439f343e591a388889d,8993974fff73c1b962d93f38d8d8cb3dd6f9abd538fb1439f343e591a388889d,1360,byte_identical
thesis/tests/test_coordinator_hardening.py,tests/test_coordinator_hardening.py,test,a27cd5a89cfc8f47e0b99a10bd63dc06ae309800f70533e1d6342adf887c285b,a27cd5a89cfc8f47e0b99a10bd63dc06ae309800f70533e1d6342adf887c285b,10157,byte_identical
thesis/tests/test_detectors.py,tests/test_detectors.py,test,98350f050f0a78377250b72de228f7641b0b416d7f0a9bab4aa139451b175bf1,98350f050f0a78377250b72de228f7641b0b416d7f0a9bab4aa139451b175bf1,2138,byte_identical
thesis/tests/test_evaluation_and_splits.py,tests/test_evaluation_and_splits.py,test,1729d33c25788322b81dc9f2f05eada9779b715cf8bfef20f1a439c13d798ef6,1729d33c25788322b81dc9f2f05eada9779b715cf8bfef20f1a439c13d798ef6,1968,byte_identical
thesis/tests/test_evaluation_pipeline.py,tests/test_evaluation_pipeline.py,test,846358b1c67db85fcb8b93a6b914074f67cbf811993e42359e289f8ccad33e64,846358b1c67db85fcb8b93a6b914074f67cbf811993e42359e289f8ccad33e64,3570,byte_identical
thesis/tests/test_evidence_admission.py,tests/test_evidence_admission.py,test,66826c4fac0f54cb87d5e97ea520bcf871dacfa17db94a1a1fd12870b3368c25,66826c4fac0f54cb87d5e97ea520bcf871dacfa17db94a1a1fd12870b3368c25,5311,byte_identical
thesis/tests/test_extract_ustc.py,tests/test_extract_ustc.py,test,046543571255910536036151f3d3e1007d9afbc65ea4b322102f9651ec182d25,43b807fab6280badda04cb6e2b60898434078f8ac7e3ffb25e029c3cf0233ee5,3267,byte_identical;synthetic_fixture_addresses_to_documentation_range
thesis/tests/test_feature_forensics_v1.py,tests/test_feature_forensics_v1.py,test,be1a27d9c67c2bb1ec18d355a7fd5f63d857288ce651b85262fe99ba4623c872,be1a27d9c67c2bb1ec18d355a7fd5f63d857288ce651b85262fe99ba4623c872,1755,byte_identical
thesis/tests/test_field_audit.py,tests/test_field_audit.py,test,ccf63abe91df304bfe5463d0d0d5a6a67631a0b8750a32b623cc4f469e8bea3e,ccf63abe91df304bfe5463d0d0d5a6a67631a0b8750a32b623cc4f469e8bea3e,1229,byte_identical
thesis/tests/test_frozen_fusion_fast.py,tests/test_frozen_fusion_fast.py,test,8a732a4baca40361779d38f1d3f8188bd124eb4a32eb90d1b2b05cd62e3e1f92,8a732a4baca40361779d38f1d3f8188bd124eb4a32eb90d1b2b05cd62e3e1f92,1506,byte_identical
thesis/tests/test_fusion_modes.py,tests/test_fusion_modes.py,test,aef967a1fc794dc8aa9d19ab3e131d84909a72b284874de9a61e14506b5658cd,aef967a1fc794dc8aa9d19ab3e131d84909a72b284874de9a61e14506b5658cd,2614,byte_identical
thesis/tests/test_generalization.py,tests/test_generalization.py,test,8f19a20bf2373bc78245532bd9fac35259de3988b1b04398e361a21c45b9a179,8f19a20bf2373bc78245532bd9fac35259de3988b1b04398e361a21c45b9a179,8754,byte_identical
thesis/tests/test_guard_and_perturbation.py,tests/test_guard_and_perturbation.py,test,16e8fb13353ca78f3cc38b66886920bad7db000f0045e1892d4d4968d25da112,16e8fb13353ca78f3cc38b66886920bad7db000f0045e1892d4d4968d25da112,1985,byte_identical
thesis/tests/test_hitl.py,tests/test_hitl.py,test,1f7c20f9eb97578b821f2ffc5dcf319538af0f94652a22869a6083ee6ef15131,1f7c20f9eb97578b821f2ffc5dcf319538af0f94652a22869a6083ee6ef15131,12926,byte_identical
thesis/tests/test_learned_detectors.py,tests/test_learned_detectors.py,test,d4b13363f4bbcb6fed2aab803ed8b1423075c53b7cab560351065332c288a144,d4b13363f4bbcb6fed2aab803ed8b1423075c53b7cab560351065332c288a144,8942,byte_identical
thesis/tests/test_natural_shift_audit.py,tests/test_natural_shift_audit.py,test,635884ac423d19f1bd3c7779b58180e442bea41a4ce4caed3a6d3dc72fea8f36,635884ac423d19f1bd3c7779b58180e442bea41a4ce4caed3a6d3dc72fea8f36,1259,byte_identical
thesis/tests/test_ood_gating.py,tests/test_ood_gating.py,test,b6b13b891891da32c0cdafcfc4d913377d64bf1170d3dc6ada5b801c1f90a55c,b6b13b891891da32c0cdafcfc4d913377d64bf1170d3dc6ada5b801c1f90a55c,5445,byte_identical
thesis/tests/test_pipeline.py,tests/test_pipeline.py,test,ca3124d12ce97e133cf25002cd7bbb9c10850523997b5814480deda109cf3093,ca3124d12ce97e133cf25002cd7bbb9c10850523997b5814480deda109cf3093,1610,byte_identical
thesis/tests/test_rag.py,tests/test_rag.py,test,314cff21e40e8a543af61c6e3d70971f3f8aac6daf73bd72ea29d9000056fd16,314cff21e40e8a543af61c6e3d70971f3f8aac6daf73bd72ea29d9000056fd16,7881,byte_identical
thesis/tests/test_security_boundaries.py,tests/test_security_boundaries.py,test,2b7dc032462970dddc8f0ac7e2796db49fcd4a9cc5a384c8f21bf3a0e1221fca,2b7dc032462970dddc8f0ac7e2796db49fcd4a9cc5a384c8f21bf3a0e1221fca,4558,byte_identical
thesis/tests/test_soc_evidence_team_w71.py,tests/test_soc_evidence_team_w71.py,test,b2e48bd3c27efd57fb69c297e81194bd367490c77d4f4951ad5ef8b5143ca782,b2e48bd3c27efd57fb69c297e81194bd367490c77d4f4951ad5ef8b5143ca782,4743,byte_identical
thesis/tests/test_thesis_final_experiment_closure_v20.py,tests/test_thesis_final_experiment_closure_v20.py,test,b47dabeb31feab537ee1d6a1d8f41520e45470deb2dd6f67fa327f9ac28d14cf,b47dabeb31feab537ee1d6a1d8f41520e45470deb2dd6f67fa327f9ac28d14cf,3753,byte_identical
thesis/tests/test_v28_protocol.py,tests/test_v28_protocol.py,test,2e2bcd57ca4b1b8df81846722f820bc87ae387664c2d85e7cc2fcf8ab2258609,2e2bcd57ca4b1b8df81846722f820bc87ae387664c2d85e7cc2fcf8ab2258609,5925,byte_identical
thesis/scripts/adversarial_view_pilot.py,scripts/adversarial_view_pilot.py,code,5d4a151b0dc82677e34ce36d33430a5b9aa40f7d58445821f6b3b24895d203e6,3607701fa7f518b131301188e4265e3b5654e7cd535bf8c25de06f3d7cf08278,42061,absolute_workspace_path_to_relative
thesis/scripts/authoritative_fusion_benchmark.py,scripts/authoritative_fusion_benchmark.py,code,5c47fd05345a3309abd174db4809e2d1943fcebf6789f7ece78c580a9c72bb8e,5c47fd05345a3309abd174db4809e2d1943fcebf6789f7ece78c580a9c72bb8e,25640,byte_identical
thesis/scripts/authoritative_fusion_latency.py,scripts/authoritative_fusion_latency.py,code,c6cacf8e03241f16b43eb3a4ec5c4b3da827b0f33a4004dfca6cdcd42ade3f71,c6cacf8e03241f16b43eb3a4ec5c4b3da827b0f33a4004dfca6cdcd42ade3f71,7508,byte_identical
thesis/scripts/authoritative_fusion_report.py,scripts/authoritative_fusion_report.py,code,26073d83298db1609a3a8facde80e7afbebd07d940f7617fb3de00a3abf365ba,26073d83298db1609a3a8facde80e7afbebd07d940f7617fb3de00a3abf365ba,28523,byte_identical
thesis/scripts/authoritative_fusion_runtime_replay.py,scripts/authoritative_fusion_runtime_replay.py,code,1b00713529169e8c7ce64a4ea0daae904e029337e45aa16d335c4221b0343522,1b00713529169e8c7ce64a4ea0daae904e029337e45aa16d335c4221b0343522,4051,byte_identical
thesis/scripts/authoritative_fusion_validate.py,scripts/authoritative_fusion_validate.py,code,b0cedcc1523c0a0922e15233997da3e97fa5afeb29969e9b273855b75c368c62,b0cedcc1523c0a0922e15233997da3e97fa5afeb29969e9b273855b75c368c62,4883,byte_identical
thesis/scripts/authoritative_selective.py,scripts/authoritative_selective.py,code,198d5e30b8b98b9661414e9585bda9d36077ff60c7f4ffb00f1b754816cf8460,198d5e30b8b98b9661414e9585bda9d36077ff60c7f4ffb00f1b754816cf8460,43666,byte_identical
thesis/scripts/frozen_fusion_fast.py,scripts/frozen_fusion_fast.py,code,452ec4ffc1bfff79b0118324d83e7fd66e36c58fb1e6e77a0888825c7eefb5d2,452ec4ffc1bfff79b0118324d83e7fd66e36c58fb1e6e77a0888825c7eefb5d2,29284,byte_identical
thesis/scripts/natural_rejection_trace.py,scripts/natural_rejection_trace.py,code,bb7cda0f5de58376540a4e79103471bf2847d16d9337fcf1cb5efe907fee8df4,bb7cda0f5de58376540a4e79103471bf2847d16d9337fcf1cb5efe907fee8df4,7908,byte_identical
thesis/scripts/natural_shift_audit.py,scripts/natural_shift_audit.py,code,63b4526dff421ee2bfc61013f280d468039fb1c6cba4f5f31ad27e0713672da4,63b4526dff421ee2bfc61013f280d468039fb1c6cba4f5f31ad27e0713672da4,16296,byte_identical
thesis/scripts/natural_shift_report.py,scripts/natural_shift_report.py,code,aee7e2146afbf5d085af46d6f324e2d3322bef6d0664b26e44fd95e4675fc554,aee7e2146afbf5d085af46d6f324e2d3322bef6d0664b26e44fd95e4675fc554,27898,byte_identical
thesis/scripts/natural_system_audit.py,scripts/natural_system_audit.py,code,307f0cd27cef1bb18337bbdc569fad2f7ec20ddcbeb1fcf768659effe10dfc8f,307f0cd27cef1bb18337bbdc569fad2f7ec20ddcbeb1fcf768659effe10dfc8f,12029,byte_identical
thesis/scripts/natural_temporal_refit.py,scripts/natural_temporal_refit.py,code,7533beeb82d822aa14965527b567713d8db5dad2e3cc43657c5e9d41c315cb0e,7533beeb82d822aa14965527b567713d8db5dad2e3cc43657c5e9d41c315cb0e,4597,byte_identical
thesis/pyproject.toml,pyproject.toml,config,a46d85b217abd599bc8473c35d569b974a93fa184d7aae013f24ef24a7b55e2d,f4d6f5e7828b51d410e04917ca37d151757b912b6dcda052e665604287d633cd,743,byte_identical;release_description_only;release_description_and_test_dependencies
thesis/data/configs/deep_v2_experimental.json,data/configs/deep_v2_experimental.json,config,03f221f18ef8e72f9b9d791621797ae46bcb37ce83ddf772611b54d33d1c4a4a,03f221f18ef8e72f9b9d791621797ae46bcb37ce83ddf772611b54d33d1c4a4a,755,byte_identical
thesis/data/configs/fiveg_nidd_end_to_end_lifecycle_cost_v1.json,data/configs/fiveg_nidd_end_to_end_lifecycle_cost_v1.json,config,d0f7d9f1a49538698418198e39573e319c8e8157909ea95400c5d483b1aa8d47,d0f7d9f1a49538698418198e39573e319c8e8157909ea95400c5d483b1aa8d47,1661,byte_identical
thesis/data/configs/fiveg_nidd_multihost_deployment_v1.json,data/configs/fiveg_nidd_multihost_deployment_v1.json,config,b191456c11661fadf051e37093a369a4ab71ef3d26ae6fe0c5f7aee04db1ad3b,b191456c11661fadf051e37093a369a4ab71ef3d26ae6fe0c5f7aee04db1ad3b,1676,byte_identical
thesis/data/configs/fiveg_nidd_rsrat_confirmation_v1.json,data/configs/fiveg_nidd_rsrat_confirmation_v1.json,config,2b74db04477cdbf559d06b85db40ec2a48428f308c69c0b958aef1389442083a,2b74db04477cdbf559d06b85db40ec2a48428f308c69c0b958aef1389442083a,4049,byte_identical
thesis/data/configs/foolsgold_mafsid_evidence_adapter_v1.json,data/configs/foolsgold_mafsid_evidence_adapter_v1.json,config,8519e404830ebf2e968c62ccb76911d149a9abdc4dacd6778bdd02149beaa4ae,8519e404830ebf2e968c62ccb76911d149a9abdc4dacd6778bdd02149beaa4ae,2650,byte_identical
thesis/data/configs/foolsgold_rsrat_mafsid_comparison_v1.json,data/configs/foolsgold_rsrat_mafsid_comparison_v1.json,config,a4aaf7b9bcd25db7eec76f72dc6c358238617a23fca0f6d7b70cd6a38f6c6380,a4aaf7b9bcd25db7eec76f72dc6c358238617a23fca0f6d7b70cd6a38f6c6380,2061,byte_identical
thesis/data/configs/hikari2022_cross_version_semantic_replay_v1.json,data/configs/hikari2022_cross_version_semantic_replay_v1.json,config,e88e025ade1efff94945c6b3561e51ff83e401ef6d87ccc6e0583635337342ba,e88e025ade1efff94945c6b3561e51ff83e401ef6d87ccc6e0583635337342ba,4118,byte_identical
thesis/data/configs/paper_v1_reproduction.json,data/configs/paper_v1_reproduction.json,config,0389bbd0e6251d976b4b0b02f2f6ad6121f5fbefa11814cdfa18d56514c70ab0,0389bbd0e6251d976b4b0b02f2f6ad6121f5fbefa11814cdfa18d56514c70ab0,758,byte_identical
thesis/data/configs/robosac_mafsid_evidence_adapter_v1.json,data/configs/robosac_mafsid_evidence_adapter_v1.json,config,73c5a23b7d6727cd5313d75e1257b90671b3188f284402fdfc45cc5054cc0470,73c5a23b7d6727cd5313d75e1257b90671b3188f284402fdfc45cc5054cc0470,2739,byte_identical
thesis/data/configs/runtime_robust_temporal_v1_optional.json,data/configs/runtime_robust_temporal_v1_optional.json,config,fc883e321af0a54a3556894a45e08f6475e9aad8befb591482a36464b2d0412e,fc883e321af0a54a3556894a45e08f6475e9aad8befb591482a36464b2d0412e,1025,byte_identical
thesis/data/configs/runtime_safe_v2_7.json,data/configs/runtime_safe_v2_7.json,config,8f14226b895c0607523c08846a5a40022703fccf2d04eba3c4e561296d68bf46,8f14226b895c0607523c08846a5a40022703fccf2d04eba3c4e561296d68bf46,755,byte_identical
thesis/data/configs/runtime_safe_v2_8.json,data/configs/runtime_safe_v2_8.json,config,2894bb1f2ecc732352ea0b41f09a3d343f1d07a4a49b1b56cfd6178fe5c63049,2894bb1f2ecc732352ea0b41f09a3d343f1d07a4a49b1b56cfd6178fe5c63049,769,byte_identical
thesis/data/configs/runtime_safe_v2_9.json,data/configs/runtime_safe_v2_9.json,config,8002451810b720a1e8f1199f768ecf0e6e938715e6cbe8e08a9f2a39bdc7ebb3,8002451810b720a1e8f1199f768ecf0e6e938715e6cbe8e08a9f2a39bdc7ebb3,920,byte_identical
thesis/data/configs/runtime_safe_v3_0.json,data/configs/runtime_safe_v3_0.json,config,c8d87e022b55ec30ffa98a51e021985720becffe13a8083887aaa91421773a59,c8d87e022b55ec30ffa98a51e021985720becffe13a8083887aaa91421773a59,937,byte_identical
thesis/data/configs/xmag_5g_nidd_faithful_reproduction_v1.json,data/configs/xmag_5g_nidd_faithful_reproduction_v1.json,config,5ce63717a8c53af21b981682fa340e098838146547bb21dc3ae1a82f9ed92618,ce0d0095e2f3e05f05696f769334b9777ed7577ca40eccf704969c73c1f0aa06,4196,local_user_path_placeholder
thesis/knowledge_base/agent_capabilities.md,knowledge_base/agent_capabilities.md,knowledge,f2b4d863627ff73fec414df812cb155b550d43a163e98db3c349a25120218d0d,f2b4d863627ff73fec414df812cb155b550d43a163e98db3c349a25120218d0d,727,byte_identical
thesis/knowledge_base/detection_playbook.md,knowledge_base/detection_playbook.md,knowledge,d8159d2f32d32ffea2da50253d7783744278affd4008c5fa0e3dd3c4b16bc846,d8159d2f32d32ffea2da50253d7783744278affd4008c5fa0e3dd3c4b16bc846,980,byte_identical
thesis/knowledge_base/malicious_intent_patterns.md,knowledge_base/malicious_intent_patterns.md,knowledge,b29bbe0fc647ae4d48c9915754d75f49e43576625f931b69c2383a373a3e5938,b29bbe0fc647ae4d48c9915754d75f49e43576625f931b69c2383a373a3e5938,876,byte_identical
thesis/knowledge_base/malware_family_notes.md,knowledge_base/malware_family_notes.md,knowledge,0fa4b57bf05373ed1279b82f369f38eeb4d45de7fbae9f8d3147d84cac082f44,0fa4b57bf05373ed1279b82f369f38eeb4d45de7fbae9f8d3147d84cac082f44,226,byte_identical
thesis/knowledge_base/manifest.json,knowledge_base/manifest.json,knowledge,1b263e27e4e7a0860c51d98878a75a46ca863d68234627f6b7dac9f53d55aecf,1b263e27e4e7a0860c51d98878a75a46ca863d68234627f6b7dac9f53d55aecf,171,byte_identical
thesis/knowledge_base/mitre_attack_mapping.md,knowledge_base/mitre_attack_mapping.md,knowledge,20f4212aa86dce771c4569a7bf6647ebba1c6d0bbe7eb4bddc31dbebc7977852,20f4212aa86dce771c4569a7bf6647ebba1c6d0bbe7eb4bddc31dbebc7977852,623,byte_identical
thesis/knowledge_base/ood_and_unknown_policy.md,knowledge_base/ood_and_unknown_policy.md,knowledge,86c7c1b40681dc5d3c95b9176824560e787576aead3dac3ab7aa739af9482877,86c7c1b40681dc5d3c95b9176824560e787576aead3dac3ab7aa739af9482877,1199,byte_identical
thesis/knowledge_base/response_actions.md,knowledge_base/response_actions.md,knowledge,98129f84e7afd4c39a235e7d57a27d4db8011099255faf789f5c3602a21ce67c,98129f84e7afd4c39a235e7d57a27d4db8011099255faf789f5c3602a21ce67c,982,byte_identical
thesis/knowledge_base/tls_anomaly_notes.md,knowledge_base/tls_anomaly_notes.md,knowledge,044919c464440bbb03ff69ddfe158d8a6b1d35b4da505a68018df69d5bbf71ef,044919c464440bbb03ff69ddfe158d8a6b1d35b4da505a68018df69d5bbf71ef,703,byte_identical
thesis/docs/MAD_ETD_V2_8_FIELD_CONTRACT.md,docs/MAD_ETD_V2_8_FIELD_CONTRACT.md,historical_protocol,c79a9e6d7c00b99218730768ff482286adf3c19aa711438a50276f83b52d4a70,c79a9e6d7c00b99218730768ff482286adf3c19aa711438a50276f83b52d4a70,1421,byte_identical
thesis/docs/MAD_ETD_V3_0_PROTOCOL.md,docs/MAD_ETD_V3_0_PROTOCOL.md,historical_protocol,3c8134a19a7a99b9fc8be238188661cb0f47340c90b89d94ed704e17fa763c9e,3c8134a19a7a99b9fc8be238188661cb0f47340c90b89d94ed704e17fa763c9e,1259,byte_identical
thesis/docs/MAD_ETD_ARCHITECTURE_GOVERNANCE_V6_0.md,docs/MAD_ETD_ARCHITECTURE_GOVERNANCE_V6_0.md,historical_protocol,1483c6487eb0997af61f17532b04ac54511d4c56244110f823fca933df80c358,1483c6487eb0997af61f17532b04ac54511d4c56244110f823fca933df80c358,1104,byte_identical
thesis/docs/OOD_POLICY_V2_ACCEPTANCE.md,docs/OOD_POLICY_V2_ACCEPTANCE.md,historical_protocol,05ea89cfc4bb9b0ec4ea93d4907a1a7aa77548b99f83768fa381cc350c12c447,05ea89cfc4bb9b0ec4ea93d4907a1a7aa77548b99f83768fa381cc350c12c447,4779,byte_identical
thesis/docs/MAD_ETD_W71_LEARNED_TLS_PROTOCOL.md,docs/MAD_ETD_W71_LEARNED_TLS_PROTOCOL.md,historical_protocol,e194318afb90b5c46ee33b32badc55ab11a9235ca4727cf88d8fb161f2d0d7d5,e194318afb90b5c46ee33b32badc55ab11a9235ca4727cf88d8fb161f2d0d7d5,947,byte_identical
thesis/docs/MAD_ETD_V4_TLS_PROTOCOL.md,docs/MAD_ETD_V4_TLS_PROTOCOL.md,historical_protocol,faed1bb42c25b85631b466e41223e4e423bb9b417a15350cd380757be01096b2,faed1bb42c25b85631b466e41223e4e423bb9b417a15350cd380757be01096b2,881,byte_identical
thesis/docs/MAD_ETD_SAFE_FEATURE_REPRESENTATION_V10_0.md,docs/MAD_ETD_SAFE_FEATURE_REPRESENTATION_V10_0.md,historical_protocol,bf0df9a948103bb55412b3dbef526fc97b7c44fe6a14f49165bb1dd1fd54ced2,bf0df9a948103bb55412b3dbef526fc97b7c44fe6a14f49165bb1dd1fd54ced2,414,byte_identical
thesis/docs/NEMOTRON_ULTRA_PROTOCOL.md,docs/NEMOTRON_ULTRA_PROTOCOL.md,historical_protocol,3283ae26069e7e37ab12d53790de2c626709d2b1ae41b909881936a20c63c666,3283ae26069e7e37ab12d53790de2c626709d2b1ae41b909881936a20c63c666,2071,byte_identical
thesis/docs/MAD_ETD_THESIS_FINAL_EXPERIMENT_CLOSURE_V20.md,docs/MAD_ETD_THESIS_FINAL_EXPERIMENT_CLOSURE_V20.md,historical_protocol,0208f686c1b51c034c0f0fd0b7f52dee8ec8f39a2f515a2fccc92b47b6665211,0208f686c1b51c034c0f0fd0b7f52dee8ec8f39a2f515a2fccc92b47b6665211,1290,byte_identical
thesis/examples/sample_flows.jsonl,examples/sample_flows.jsonl,synthetic_fixture,517fd7b2fecafef7408f27cb30a8c32041dc8d1174992260d3fda61a382f0dfc,1b4c48ccb13080a39cf8d37fc5882c769e1c5ace87502208e28674ee99f34c5c,1445,byte_identical;synthetic_fixture_addresses_to_documentation_range
thesis/output/thesis_luna_team_20260922/next_round/baseline_upgrade/run_baselines.py,output/thesis_luna_team_20260922/next_round/baseline_upgrade/run_baselines.py,code,8dbef25fda386c4bd6fea21c25b4014b401cbe0780b6a8ae408c4f01287f94be,8dbef25fda386c4bd6fea21c25b4014b401cbe0780b6a8ae408c4f01287f94be,5852,byte_identical
thesis/output/thesis_luna_team_20260922/next_round/decision_headroom_v61/run_headroom.py,output/thesis_luna_team_20260922/next_round/decision_headroom_v61/run_headroom.py,code,4a946c264efd4a92cab9454d162b14ad2759fab754ccae2d13db14b624afe36e,4a946c264efd4a92cab9454d162b14ad2759fab754ccae2d13db14b624afe36e,3310,byte_identical
thesis/output/thesis_luna_team_20260922/next_round/gain_upgrade/run_gain_upgrade.py,output/thesis_luna_team_20260922/next_round/gain_upgrade/run_gain_upgrade.py,code,50ef1260137d38bfa34f872fbb044b19a5f90324b7db740e4e76cd3cbfaf1436,1623dd8c677a9bf16f82b9f2f3c552a2ff2b95a7c67482c795282999573a7a2d,22180,local_user_path_placeholder
thesis/output/thesis_luna_team_20260922/next_round/group_support/run_group_support.py,output/thesis_luna_team_20260922/next_round/group_support/run_group_support.py,code,f261abd039b8bb786c4b784db5f80975291270d3a1c55386c70c98b0cf931234,f261abd039b8bb786c4b784db5f80975291270d3a1c55386c70c98b0cf931234,10028,byte_identical
thesis/output/thesis_luna_team_20260922/next_round/independent_validation_v61/validate_local_gain_v61.py,output/thesis_luna_team_20260922/next_round/independent_validation_v61/validate_local_gain_v61.py,code,5d302b3dc0b863d5e17a62d5a41020001f9b14d5358ddc4a501a967d268051d9,5d302b3dc0b863d5e17a62d5a41020001f9b14d5358ddc4a501a967d268051d9,14437,byte_identical
thesis/output/thesis_luna_team_20260922/next_round/independent_validation_v61/validate_protocol.py,output/thesis_luna_team_20260922/next_round/independent_validation_v61/validate_protocol.py,code,22d5741497915c5b6a3fb729845429360be726c1045b8cb1dbc03691abbc4fe9,22d5741497915c5b6a3fb729845429360be726c1045b8cb1dbc03691abbc4fe9,17263,byte_identical
thesis/output/thesis_luna_team_20260922/next_round/jev_gain_v61/run_jev_gain_v61.py,output/thesis_luna_team_20260922/next_round/jev_gain_v61/run_jev_gain_v61.py,code,19bbc17cae88c0b88ac0389e16452df071b7ff0f1b2caf214e0aefced999353d,3449017dcefa90dd0123fb8fba36d12859a1e8e7bc4a27c8af96da91a55ee9f2,19584,local_user_path_placeholder
thesis/output/thesis_luna_team_20260922/next_round/llm_atomic_v61/generate_llm_atomic_v61.py,output/thesis_luna_team_20260922/next_round/llm_atomic_v61/generate_llm_atomic_v61.py,code,5a24bc2bcef8a5e0e790de88f03f9f462e167b3cf2acc6ce41125570ca7da4c8,72f186297b279ba61dc0196f30f1cf477a3129008131b54ca875ae0828ad7842,28789,byte_identical;private_input_paths_parameterized
thesis/output/thesis_luna_team_20260922/next_round/llm_gain_v61/run_pilot.py,output/thesis_luna_team_20260922/next_round/llm_gain_v61/run_pilot.py,code,0323b511a63706e96c04c790ce9ee146cbae67025ebdd3ca58689262e16ccefe,7981573a0701efbfc88d02a04e7f0f4f09726583c3cecc07097061317e04fa99,14254,byte_identical;credential_lookup_environment_only
thesis/output/thesis_luna_team_20260922/next_round/llm_gain_v61/supplementary_probability_audit.py,output/thesis_luna_team_20260922/next_round/llm_gain_v61/supplementary_probability_audit.py,code,79ff63cc8a9a469238c976aa5210aa38225b6d2ccd5fc3adff8c541d059a022a,79ff63cc8a9a469238c976aa5210aa38225b6d2ccd5fc3adff8c541d059a022a,1607,byte_identical
thesis/output/thesis_luna_team_20260922/next_round/outer_confirmation_v62/run_outer_confirmation_v62.py,output/thesis_luna_team_20260922/next_round/outer_confirmation_v62/run_outer_confirmation_v62.py,code,d1c2bdffe20dbda9f4adbb4ffeb1b61a567f3a855234dcfc73383ad9e20a4200,d1c2bdffe20dbda9f4adbb4ffeb1b61a567f3a855234dcfc73383ad9e20a4200,17797,byte_identical
thesis/output/thesis_luna_team_20260922/next_round/outer_confirmation_v62/selection_score_regression_check.py,output/thesis_luna_team_20260922/next_round/outer_confirmation_v62/selection_score_regression_check.py,code,5790a8e1f2c964a97c835a702231110020f129c90ccd76de6814562541f304ee,5790a8e1f2c964a97c835a702231110020f129c90ccd76de6814562541f304ee,4352,byte_identical
thesis/output/thesis_luna_team_20260922/next_round/prefix_runtime_v62/run_prefix_runtime_v62.py,output/thesis_luna_team_20260922/next_round/prefix_runtime_v62/run_prefix_runtime_v62.py,code,eafe127de346d144deb3d773f9b73ae27ea78585c54369a36d4ea4b8005a9cfc,eafe127de346d144deb3d773f9b73ae27ea78585c54369a36d4ea4b8005a9cfc,10003,byte_identical
thesis/output/thesis_luna_team_20260922/next_round/prefix_runtime_v62/run_selection_timing_v62.py,output/thesis_luna_team_20260922/next_round/prefix_runtime_v62/run_selection_timing_v62.py,code,4e3004b804fc82b528973a03d75ec5900e9e747c1277cb5008a8499dd43c96fd,4e3004b804fc82b528973a03d75ec5900e9e747c1277cb5008a8499dd43c96fd,31726,byte_identical
thesis/output/thesis_luna_team_20260922/next_round/prefix_runtime_v62/train_prefix_models_v62.py,output/thesis_luna_team_20260922/next_round/prefix_runtime_v62/train_prefix_models_v62.py,code,3f2e1c5dd426fd2ae0e4fc3d21613ec9e96f72d46ace2bfb138d8c5087b91ed9,3f2e1c5dd426fd2ae0e4fc3d21613ec9e96f72d46ace2bfb138d8c5087b91ed9,12075,byte_identical
thesis/output/thesis_luna_team_20260922/next_round/risk_upgrade/audit_risk_upgrade.py,output/thesis_luna_team_20260922/next_round/risk_upgrade/audit_risk_upgrade.py,code,debb936199666f371e257ebc4060f78aec765ef716412258543b5b751d872a1d,debb936199666f371e257ebc4060f78aec765ef716412258543b5b751d872a1d,19988,byte_identical
thesis/output/thesis_luna_team_20260922/next_round/runtime_upgrade/bounded_scan.py,output/thesis_luna_team_20260922/next_round/runtime_upgrade/bounded_scan.py,code,e63f3ae5fe799ef1af57e582423a5e28e5955cc6ad63a2b5889342c85a6a4d1c,e63f3ae5fe799ef1af57e582423a5e28e5955cc6ad63a2b5889342c85a6a4d1c,7738,byte_identical
thesis/output/thesis_luna_team_20260922/next_round/runtime_upgrade/run_prefix_audit.py,output/thesis_luna_team_20260922/next_round/runtime_upgrade/run_prefix_audit.py,code,9abbcf0f8c2af9456ca368342dbfd09340bb2ba730eeca4b2d2b4358e1a61e6d,9abbcf0f8c2af9456ca368342dbfd09340bb2ba730eeca4b2d2b4358e1a61e6d,17704,byte_identical
thesis/output/thesis_luna_team_20260922/next_round/typed_decision_v61/run_contract_tests.py,output/thesis_luna_team_20260922/next_round/typed_decision_v61/run_contract_tests.py,code,af4c4d5b4a50ee5b216a5d7fd0944d19c9b7fca18039d9b6b237b644760e6950,af4c4d5b4a50ee5b216a5d7fd0944d19c9b7fca18039d9b6b237b644760e6950,5529,byte_identical
thesis/output/thesis_luna_team_20260922/next_round/typed_decision_v61/tests/test_typed_decision.py,output/thesis_luna_team_20260922/next_round/typed_decision_v61/tests/test_typed_decision.py,code,0f27873ab4434d70647f08ea7fc9e36ed4a98f572ffc3254d76f3be3a7a478e8,0f27873ab4434d70647f08ea7fc9e36ed4a98f572ffc3254d76f3be3a7a478e8,9046,byte_identical
thesis/output/thesis_luna_team_20260922/next_round/typed_decision_v61/typed_decision.py,output/thesis_luna_team_20260922/next_round/typed_decision_v61/typed_decision.py,code,f370452e0d490b751e71285a30dcb8c0ff47f58c36f373ffeb72a881871355d9,f370452e0d490b751e71285a30dcb8c0ff47f58c36f373ffeb72a881871355d9,13200,byte_identical
thesis/output/thesis_luna_team_20260922/planner/run_planner_pilot.py,output/thesis_luna_team_20260922/planner/run_planner_pilot.py,code,621b997d0607a4b916850294b8d5beb5350eac8b7e20232a5579ffeeae696cd3,621b997d0607a4b916850294b8d5beb5350eac8b7e20232a5579ffeeae696cd3,14740,byte_identical
thesis/output/thesis_luna_team_20260922/planner/test_planner_pilot.py,output/thesis_luna_team_20260922/planner/test_planner_pilot.py,code,d56e35b45ad21198f3eb614d6856f8f6357f2c171afa57892e9e6ed0ec9174e0,d56e35b45ad21198f3eb614d6856f8f6357f2c171afa57892e9e6ed0ec9174e0,1945,byte_identical
thesis/output/thesis_luna_team_20260922/protocol/run_e0_e1_pilot.py,output/thesis_luna_team_20260922/protocol/run_e0_e1_pilot.py,code,b3e5c2ae6da23265bbbecbbaefa387c741a30e93a7ac478dd5aefa0718db6ddb,b3e5c2ae6da23265bbbecbbaefa387c741a30e93a7ac478dd5aefa0718db6ddb,24504,byte_identical
thesis/output/thesis_luna_team_20260922/runtime/lazy_acquisition.py,output/thesis_luna_team_20260922/runtime/lazy_acquisition.py,code,addda99f10cf16bb32bd9fa5703ab870be4f45ff0bc45b06cbba527895db4b09,addda99f10cf16bb32bd9fa5703ab870be4f45ff0bc45b06cbba527895db4b09,14030,byte_identical
thesis/output/thesis_luna_team_20260922/runtime/run_runtime_smoke.py,output/thesis_luna_team_20260922/runtime/run_runtime_smoke.py,code,779188bc873a3dc240e48d9ed6459660e5b7ebc2b967509034a8bb0f08280880,779188bc873a3dc240e48d9ed6459660e5b7ebc2b967509034a8bb0f08280880,5255,byte_identical
thesis/output/thesis_luna_team_20260922/runtime/tests/test_lazy_acquisition.py,output/thesis_luna_team_20260922/runtime/tests/test_lazy_acquisition.py,code,43819d0f5bfb6910fd33ff0d2f5c34a27971a0e3c87cc5e3962035a56e8aad3e,43819d0f5bfb6910fd33ff0d2f5c34a27971a0e3c87cc5e3962035a56e8aad3e,9392,byte_identical
thesis/data/runs/future_framework/acceptance_report.json,data/runs/future_framework/acceptance_report.json,aggregate,0e0b5c8a592a21507e5f1c3323a55e704dc53b679a42f59d470c94ce15ad18ab,0e0b5c8a592a21507e5f1c3323a55e704dc53b679a42f59d470c94ce15ad18ab,27619,byte_identical
thesis/data/runs/future_framework/active_policy_v1/acceptance_report.json,data/runs/future_framework/active_policy_v1/acceptance_report.json,aggregate,32baf975accdda038da7faec417846b3a6ec8592d6fe6be0d40465c2b12d9fca,32baf975accdda038da7faec417846b3a6ec8592d6fe6be0d40465c2b12d9fca,611,byte_identical
thesis/data/runs/future_framework/active_policy_v1/aggregate_metrics.json,data/runs/future_framework/active_policy_v1/aggregate_metrics.json,aggregate,b5794c05109d1d71d9c3b835d8e0257917351203f7194f403708e7eb73c79fb0,b5794c05109d1d71d9c3b835d8e0257917351203f7194f403708e7eb73c79fb0,21765,byte_identical
thesis/data/runs/future_framework/active_policy_v1/paired_comparisons.csv,data/runs/future_framework/active_policy_v1/paired_comparisons.csv,aggregate,53e121a8b090c72738e40b86406d3ad960b0682ed558ce39f1ddb9f73fbc7772,1d6464a939e27fe9f6adebab7fa82e1ea5a68c33b5b1283570e6831d6664adbe,1207,utf8_bom_removed
thesis/data/runs/future_framework/active_policy_v1/selection/cipherspectrum/summary.json,data/runs/future_framework/active_policy_v1/selection/cipherspectrum/summary.json,aggregate,da8138da2176968e96b072ab86c0cc1c46b43e72461b26456750677eccc6f043,da8138da2176968e96b072ab86c0cc1c46b43e72461b26456750677eccc6f043,3085,byte_identical
thesis/data/runs/future_framework/active_policy_v1/selection/ustc/summary.json,data/runs/future_framework/active_policy_v1/selection/ustc/summary.json,aggregate,df4da829019845ee31055d25c731c60d92dd6a590a304831713b35d041d0503c,df4da829019845ee31055d25c731c60d92dd6a590a304831713b35d041d0503c,4203,byte_identical
thesis/data/runs/future_framework/active_policy_v1/validation/cesnet/summary.json,data/runs/future_framework/active_policy_v1/validation/cesnet/summary.json,aggregate,8990e2635613c298798f593562becef5589c53cbbb0775a6a46e299d5cc167f1,8990e2635613c298798f593562becef5589c53cbbb0775a6a46e299d5cc167f1,1572,byte_identical
thesis/data/runs/future_framework/active_policy_v1/validation/cipherspectrum/summary.json,data/runs/future_framework/active_policy_v1/validation/cipherspectrum/summary.json,aggregate,5ba9083bf5d22efa976a75a77bedc706c9367a9f11bec4a289e81527d525c865,5ba9083bf5d22efa976a75a77bedc706c9367a9f11bec4a289e81527d525c865,1634,byte_identical
thesis/data/runs/future_framework/active_policy_v1/validation/ustc/summary.json,data/runs/future_framework/active_policy_v1/validation/ustc/summary.json,aggregate,d6ff19bef5a971e2166229ac66f8aa5cd0c493c05159fc71099632e08ad7bf18,d6ff19bef5a971e2166229ac66f8aa5cd0c493c05159fc71099632e08ad7bf18,2243,byte_identical
thesis/data/runs/future_framework/cesnet_frozen_100/summary.json,data/runs/future_framework/cesnet_frozen_100/summary.json,aggregate,d412d57c673d79a9470ff6b6e80f2b8957c8986cff561639789d960b7997a1c1,d412d57c673d79a9470ff6b6e80f2b8957c8986cff561639789d960b7997a1c1,6417,byte_identical
thesis/data/runs/future_framework/cipherspectrum_frozen_100/summary.json,data/runs/future_framework/cipherspectrum_frozen_100/summary.json,aggregate,b5e681502c0a1cdb31ebbce93665ddb6127659e208eee0cd7de0b4e49122cb8c,b5e681502c0a1cdb31ebbce93665ddb6127659e208eee0cd7de0b4e49122cb8c,6419,byte_identical
thesis/data/runs/future_framework/final_installed_smoke/summary.json,data/runs/future_framework/final_installed_smoke/summary.json,aggregate,2bd68a1f7595f8737a740e5fda4f61d1e6feb66dec14aef92e5fd213676b1bcc,2bd68a1f7595f8737a740e5fda4f61d1e6feb66dec14aef92e5fd213676b1bcc,6387,byte_identical
thesis/data/runs/future_framework/final_v1/acceptance_report.json,data/runs/future_framework/final_v1/acceptance_report.json,aggregate,80f0fcd4da055210d6585dd48432d0b50d8b36a30b48a7e125d4557e91f71e0b,80f0fcd4da055210d6585dd48432d0b50d8b36a30b48a7e125d4557e91f71e0b,969,byte_identical
thesis/data/runs/future_framework/final_v1/consolidated_metrics.json,data/runs/future_framework/final_v1/consolidated_metrics.json,aggregate,0065cd0736f831279ae2a95c2f7aa9eedf4f3445cd7d78ecb63b746cc22043ff,0065cd0736f831279ae2a95c2f7aa9eedf4f3445cd7d78ecb63b746cc22043ff,2301,byte_identical
thesis/data/runs/future_framework/final_v1/tables/active_policy.csv,data/runs/future_framework/final_v1/tables/active_policy.csv,aggregate,d86d64559ae241b9b567c613bc55d491d827c3271396917fc9c01c71d79e6aa5,97bce64aa6d0738228c26e5f8efc19747f1874ce8e4ae2da4e7cc3e237f8df2a,807,utf8_bom_removed
thesis/data/runs/future_framework/final_v1/tables/hitl_phase1_pilot.csv,data/runs/future_framework/final_v1/tables/hitl_phase1_pilot.csv,aggregate,66069eb1db980c6a2d3699fe48a5f449239286440d4c2e348fe453111d43fbe3,532ac96ab9473c0453cf705b21cb377611b125d9dc2987e0dfdbaa0ad9c839c3,314,utf8_bom_removed
thesis/data/runs/future_framework/final_v1/tables/perturbation_robustness.csv,data/runs/future_framework/final_v1/tables/perturbation_robustness.csv,aggregate,cd1786071159eeec12d7ba29ce1faa15291605152ea8e4f2af87af1e9ab484c4,d18e2819c86be5d68fb97223ad03983e3ff71c61774cfc3c0a38875a7a6f3064,8785,utf8_bom_removed
thesis/data/runs/future_framework/final_v1/tables/planner_comparison.csv,data/runs/future_framework/final_v1/tables/planner_comparison.csv,aggregate,faa545b279b451ac5e746d8ba99badd7605331c6721bba2cab2a124e6b87be6a,224d10182181b422fe447eafe17e5800f036b3d5ffd14126ece7df471062b7de,100,utf8_bom_removed
thesis/data/runs/future_framework/final_v1/tables/system_overview.csv,data/runs/future_framework/final_v1/tables/system_overview.csv,aggregate,30c99cbcc2d46a0e45145e7c208839b82afd0b5c3b0393509b2e45ad5891cf1a,ab57b587c4a3c5437c5e11efedae86f3e6f2228280bb3c9fd44871203277a062,1815,utf8_bom_removed
thesis/data/runs/future_framework/hitl_pilot_v1/early_termination_report.json,data/runs/future_framework/hitl_pilot_v1/early_termination_report.json,aggregate,21736d831d1456afc0b678e14dbcfc310fa32e2cb33ad9f2d76ca2c8540f87bd,21736d831d1456afc0b678e14dbcfc310fa32e2cb33ad9f2d76ca2c8540f87bd,2952,byte_identical
thesis/data/runs/future_framework/hitl_pilot_v1/phase1_import_report.json,data/runs/future_framework/hitl_pilot_v1/phase1_import_report.json,aggregate,afc38201b97208ae17f6b8da8581655452ccf566a8e1fa0fe5ce04100b341bc9,afc38201b97208ae17f6b8da8581655452ccf566a8e1fa0fe5ce04100b341bc9,758,byte_identical
thesis/data/runs/future_framework/hitl_pilot_v1/phase1_pilot_metrics.json,data/runs/future_framework/hitl_pilot_v1/phase1_pilot_metrics.json,aggregate,441cb98403cadd388d93f9b3fefa5d4a02d6f17411436a70939c349408fad141,441cb98403cadd388d93f9b3fefa5d4a02d6f17411436a70939c349408fad141,2039,byte_identical
thesis/data/runs/future_framework/hitl_pilot_v1/prepare_report.json,data/runs/future_framework/hitl_pilot_v1/prepare_report.json,aggregate,1bc982739eae006e431bcb37b38750211934fa6e2d9683a39b477309264f8485,1bc982739eae006e431bcb37b38750211934fa6e2d9683a39b477309264f8485,267,byte_identical
thesis/data/runs/future_framework/llm_planner_v1/acceptance_report.json,data/runs/future_framework/llm_planner_v1/acceptance_report.json,aggregate,3f200bf7134e849f46aaeb9eb734698bde57b5d25d768646b7cb928d012b3789,3f200bf7134e849f46aaeb9eb734698bde57b5d25d768646b7cb928d012b3789,445,byte_identical
thesis/data/runs/future_framework/llm_planner_v1/aggregate_metrics.json,data/runs/future_framework/llm_planner_v1/aggregate_metrics.json,aggregate,c7b20fa9ecab760b5280c3128eeca052c036bfacf8bb38f7570964f09c4bf76d,c7b20fa9ecab760b5280c3128eeca052c036bfacf8bb38f7570964f09c4bf76d,12073,byte_identical
thesis/data/runs/future_framework/llm_planner_v1/fallback/summary.json,data/runs/future_framework/llm_planner_v1/fallback/summary.json,aggregate,79c1011df0fab54d59e03c1d745c9af64eb46ad1374ed0f9f08ddcf7851e8108,79c1011df0fab54d59e03c1d745c9af64eb46ad1374ed0f9f08ddcf7851e8108,4232,byte_identical
thesis/data/runs/future_framework/llm_planner_v1/historical_api_unavailable_acceptance.json,data/runs/future_framework/llm_planner_v1/historical_api_unavailable_acceptance.json,aggregate,b14c19e8537500014a2b66ddb1221c819b56d2f143ecfabf807a14f7f0d54b02,b14c19e8537500014a2b66ddb1221c819b56d2f143ecfabf807a14f7f0d54b02,663,byte_identical
thesis/data/runs/future_framework/llm_planner_v1/nemotron_ultra_500/acceptance_report.json,data/runs/future_framework/llm_planner_v1/nemotron_ultra_500/acceptance_report.json,aggregate,b0d29355ac54997f66a23cf6e38138cd1c432885e09a1f90c3a82658fead0239,b0d29355ac54997f66a23cf6e38138cd1c432885e09a1f90c3a82658fead0239,811,byte_identical
thesis/data/runs/future_framework/llm_planner_v1/nemotron_ultra_500/aggregate_metrics.json,data/runs/future_framework/llm_planner_v1/nemotron_ultra_500/aggregate_metrics.json,aggregate,b792dd99ad644089b81deceff6f38bce7edc61b2bd6e5d7d6f0c731bc2030c06,b792dd99ad644089b81deceff6f38bce7edc61b2bd6e5d7d6f0c731bc2030c06,21038,byte_identical
thesis/data/runs/future_framework/llm_planner_v1/nemotron_ultra_500/fallback/summary.json,data/runs/future_framework/llm_planner_v1/nemotron_ultra_500/fallback/summary.json,aggregate,11e98282313ba63840953d52906aeafeabea897020ef81d2bc7baec043e0d957,11e98282313ba63840953d52906aeafeabea897020ef81d2bc7baec043e0d957,4742,byte_identical
thesis/data/runs/future_framework/llm_planner_v1/nemotron_ultra_500/nvidia_planner/summary.json,data/runs/future_framework/llm_planner_v1/nemotron_ultra_500/nvidia_planner/summary.json,aggregate,c721a59f24537dd841b7096a3b05aca514d37286679435cf27ab65d3b8050ea3,c721a59f24537dd841b7096a3b05aca514d37286679435cf27ab65d3b8050ea3,5529,byte_identical
thesis/data/runs/future_framework/llm_planner_v1/nemotron_ultra_500/paired_comparisons.csv,data/runs/future_framework/llm_planner_v1/nemotron_ultra_500/paired_comparisons.csv,aggregate,a81f2a3853db6a17e3e454cf2353b0c73e0e9b1a5300e09e9c8c686bdc8ff31b,e3150a322d1593fe38ea36f40e21a5408234002a648a01c59937f4ee00970a9f,614,utf8_bom_removed
thesis/data/runs/future_framework/llm_planner_v1/nemotron_ultra_500/rule_planner/summary.json,data/runs/future_framework/llm_planner_v1/nemotron_ultra_500/rule_planner/summary.json,aggregate,81652be89e8ad30745023394e2152a061d3a8dc5819853ff0bc13044fdc92d60,81652be89e8ad30745023394e2152a061d3a8dc5819853ff0bc13044fdc92d60,4750,byte_identical
thesis/data/runs/future_framework/llm_planner_v1/nemotron_ultra_500/stability_100x3/fallback_summary.json,data/runs/future_framework/llm_planner_v1/nemotron_ultra_500/stability_100x3/fallback_summary.json,aggregate,8fba2be8db9a73fc88660e68adf8bd5102952350128c0b1699d87811914cfa04,8fba2be8db9a73fc88660e68adf8bd5102952350128c0b1699d87811914cfa04,454,byte_identical
thesis/data/runs/future_framework/llm_planner_v1/nemotron_ultra_500/stability_100x3/nvidia_planner_summary.json,data/runs/future_framework/llm_planner_v1/nemotron_ultra_500/stability_100x3/nvidia_planner_summary.json,aggregate,d829cc8782ebc676f1b17aae9c7674f567e0bb4b9616e934bab9bb3d752367e9,d829cc8782ebc676f1b17aae9c7674f567e0bb4b9616e934bab9bb3d752367e9,461,byte_identical
thesis/data/runs/future_framework/llm_planner_v1/nvidia_planner/summary.json,data/runs/future_framework/llm_planner_v1/nvidia_planner/summary.json,aggregate,70e69dad72165cdf43b8131f0ee791f9d51306bff8f119a2d99ef56b1674816e,70e69dad72165cdf43b8131f0ee791f9d51306bff8f119a2d99ef56b1674816e,226,byte_identical
thesis/data/runs/future_framework/llm_planner_v1/paired_comparisons.csv,data/runs/future_framework/llm_planner_v1/paired_comparisons.csv,aggregate,4a533365c89d40d99a132fb833c2f94b387c35d0559b853631986cf6102aa453,da36bba77af9c668214beb3a46be643dcf6825f46cdb1a2d5de5709722179904,328,utf8_bom_removed
thesis/data/runs/future_framework/llm_planner_v1/rule_planner/summary.json,data/runs/future_framework/llm_planner_v1/rule_planner/summary.json,aggregate,92c3bc6ae1c4e198effd82c92023b273d09ec12dbadf767a3250b42750a66199,92c3bc6ae1c4e198effd82c92023b273d09ec12dbadf767a3250b42750a66199,4232,byte_identical
thesis/data/runs/future_framework/llm_planner_v1/smoke_nemotron_ultra/smoke_report.json,data/runs/future_framework/llm_planner_v1/smoke_nemotron_ultra/smoke_report.json,aggregate,2259b6d3cd3cd995ec524883a167b560019482c7cc78c6a9107099fb05ca8814,2259b6d3cd3cd995ec524883a167b560019482c7cc78c6a9107099fb05ca8814,1486,byte_identical
thesis/data/runs/future_framework/llm_planner_v1/smoke_nemotron_ultra/summary.json,data/runs/future_framework/llm_planner_v1/smoke_nemotron_ultra/summary.json,aggregate,759bfc27b80329d9db92ba377b7a75429feb8735a48cd34ea6601140bdc2bc19,759bfc27b80329d9db92ba377b7a75429feb8735a48cd34ea6601140bdc2bc19,2703,byte_identical
thesis/data/runs/future_framework/llm_planner_v1/smoke_nemotron_ultra_profiled/smoke_report.json,data/runs/future_framework/llm_planner_v1/smoke_nemotron_ultra_profiled/smoke_report.json,aggregate,d716a6ee594a0c146bf39d085fa89cc61cdc8ff4b6fee5cba486b70ece76f6b3,d716a6ee594a0c146bf39d085fa89cc61cdc8ff4b6fee5cba486b70ece76f6b3,1537,byte_identical
thesis/data/runs/future_framework/llm_planner_v1/smoke_nemotron_ultra_profiled/summary.json,data/runs/future_framework/llm_planner_v1/smoke_nemotron_ultra_profiled/summary.json,aggregate,8f627bcfbf9454f4098a448c6ab7a928e8a0fd268f9965ee1a3589ed7b3e99cc,8f627bcfbf9454f4098a448c6ab7a928e8a0fd268f9965ee1a3589ed7b3e99cc,2913,byte_identical
thesis/data/runs/future_framework/llm_planner_v1/stability_500x3/fallback_summary.json,data/runs/future_framework/llm_planner_v1/stability_500x3/fallback_summary.json,aggregate,5107bad2a28f1e3ed4300901e57be266953bd76784436948737f4f4677b98902,5107bad2a28f1e3ed4300901e57be266953bd76784436948737f4f4677b98902,378,byte_identical
thesis/data/runs/future_framework/llm_planner_v1/stability_500x3/nvidia_planner_summary.json,data/runs/future_framework/llm_planner_v1/stability_500x3/nvidia_planner_summary.json,aggregate,b9ddd71a42a75cd011ab7afee154bb5b58a30e14d048801202cf5fa70227bbd4,b9ddd71a42a75cd011ab7afee154bb5b58a30e14d048801202cf5fa70227bbd4,128,byte_identical
thesis/data/runs/future_framework/memory_retrieval_synthetic/summary.json,data/runs/future_framework/memory_retrieval_synthetic/summary.json,aggregate,b9103c4751062957bf66ef13f8bcadb2b0fd55224651b4473b5d8b0200cb845a,b9103c4751062957bf66ef13f8bcadb2b0fd55224651b4473b5d8b0200cb845a,334,byte_identical
thesis/data/runs/future_framework/paper_v1/acceptance_report.json,data/runs/future_framework/paper_v1/acceptance_report.json,aggregate,7836f044e281c89011afe9b4395c4a58660690d06fb7fc2acce6067855b5e1b2,7836f044e281c89011afe9b4395c4a58660690d06fb7fc2acce6067855b5e1b2,109212,byte_identical
thesis/data/runs/future_framework/paper_v1/aggregate_metrics.json,data/runs/future_framework/paper_v1/aggregate_metrics.json,aggregate,5ddd929cec7874855cccf11bcbcfa21dfe093fccede954dfb341ed9253c658ec,5ddd929cec7874855cccf11bcbcfa21dfe093fccede954dfb341ed9253c658ec,101633,byte_identical
thesis/data/runs/future_framework/paper_v1/cesnet_50k/baseline/summary.json,data/runs/future_framework/paper_v1/cesnet_50k/baseline/summary.json,aggregate,b41bad103af944f3f78c2664a120b65b29c86ddf13d94d8cffd68790a5c7a431,b41bad103af944f3f78c2664a120b65b29c86ddf13d94d8cffd68790a5c7a431,2169,byte_identical
thesis/data/runs/future_framework/paper_v1/cesnet_50k/deliberation_shadow/summary.json,data/runs/future_framework/paper_v1/cesnet_50k/deliberation_shadow/summary.json,aggregate,966cb5df6e74cbde7a57d8ff4f645318d8e342321e337bfee47280b0b1c3af72,966cb5df6e74cbde7a57d8ff4f645318d8e342321e337bfee47280b0b1c3af72,2167,byte_identical
thesis/data/runs/future_framework/paper_v1/cesnet_50k/full_active/summary.json,data/runs/future_framework/paper_v1/cesnet_50k/full_active/summary.json,aggregate,1f1ce2dd8322250bbd8f77dcd09ed78b83f20600735b62f698f38bfc56ac046b,1f1ce2dd8322250bbd8f77dcd09ed78b83f20600735b62f698f38bfc56ac046b,2166,byte_identical
thesis/data/runs/future_framework/paper_v1/cesnet_50k/full_shadow/summary.json,data/runs/future_framework/paper_v1/cesnet_50k/full_shadow/summary.json,aggregate,142748ae9b6f3c96c91e59301fd7c48bf878754cbe09e64c17f06b32146eeb81,142748ae9b6f3c96c91e59301fd7c48bf878754cbe09e64c17f06b32146eeb81,2165,byte_identical
thesis/data/runs/future_framework/paper_v1/cesnet_50k/memory_shadow/summary.json,data/runs/future_framework/paper_v1/cesnet_50k/memory_shadow/summary.json,aggregate,b7d04b6cc3c793fdb458f35b019eadba8cfb0a7d6e49f86ac56a18369334434c,b7d04b6cc3c793fdb458f35b019eadba8cfb0a7d6e49f86ac56a18369334434c,2168,byte_identical
thesis/data/runs/future_framework/paper_v1/cesnet_50k/planner_executor/summary.json,data/runs/future_framework/paper_v1/cesnet_50k/planner_executor/summary.json,aggregate,941cdb3b85dd9d2dacdad82904f517b7571f3972635a5b1a9fa65045891826c5,941cdb3b85dd9d2dacdad82904f517b7571f3972635a5b1a9fa65045891826c5,2168,byte_identical
thesis/data/runs/future_framework/paper_v1/cesnet_50k/reflection_critic/summary.json,data/runs/future_framework/paper_v1/cesnet_50k/reflection_critic/summary.json,aggregate,1529f7cc5c9d99acdb31f8b3d2441851dbd6d340d82e8003515f57973bc025a4,1529f7cc5c9d99acdb31f8b3d2441851dbd6d340d82e8003515f57973bc025a4,2165,byte_identical
thesis/data/runs/future_framework/paper_v1/cesnet_50k/summary.json,data/runs/future_framework/paper_v1/cesnet_50k/summary.json,aggregate,3ea7bf0195b5f22fe4aa48eeb7aa76c724cb5f9ffeb8966aa46965c333ad2260,3ea7bf0195b5f22fe4aa48eeb7aa76c724cb5f9ffeb8966aa46965c333ad2260,18457,byte_identical
thesis/data/runs/future_framework/paper_v1/cipherspectrum/development/baseline/summary.json,data/runs/future_framework/paper_v1/cipherspectrum/development/baseline/summary.json,aggregate,710e595e1c03e609b8a143e81c7e5a80b0e0c1ad9e569ebf898f5bc3b13eb065,710e595e1c03e609b8a143e81c7e5a80b0e0c1ad9e569ebf898f5bc3b13eb065,2219,byte_identical
thesis/data/runs/future_framework/paper_v1/cipherspectrum/development/deliberation_shadow/summary.json,data/runs/future_framework/paper_v1/cipherspectrum/development/deliberation_shadow/summary.json,aggregate,9ce2b875469cb714b7be311102a3a39b0054e5ad97fac6c1c466dbd6307ff5ad,9ce2b875469cb714b7be311102a3a39b0054e5ad97fac6c1c466dbd6307ff5ad,2220,byte_identical
thesis/data/runs/future_framework/paper_v1/cipherspectrum/development/full_active/summary.json,data/runs/future_framework/paper_v1/cipherspectrum/development/full_active/summary.json,aggregate,62f2c9a6972a071cf0dd8fd43993309e9d35d83d6b4a9ba5111777326a8328ca,62f2c9a6972a071cf0dd8fd43993309e9d35d83d6b4a9ba5111777326a8328ca,2282,byte_identical
thesis/data/runs/future_framework/paper_v1/cipherspectrum/development/full_shadow/summary.json,data/runs/future_framework/paper_v1/cipherspectrum/development/full_shadow/summary.json,aggregate,dd0693b8125930eca9baf84ce0e09895bd8327aabe8b1c31343d0d86d3188bd2,dd0693b8125930eca9baf84ce0e09895bd8327aabe8b1c31343d0d86d3188bd2,2214,byte_identical
thesis/data/runs/future_framework/paper_v1/cipherspectrum/development/memory_shadow/summary.json,data/runs/future_framework/paper_v1/cipherspectrum/development/memory_shadow/summary.json,aggregate,3d8007ecf80285c70eefa8a78065edb2c71dab6b01921193bcf0e6009d7e30d7,3d8007ecf80285c70eefa8a78065edb2c71dab6b01921193bcf0e6009d7e30d7,2219,byte_identical
thesis/data/runs/future_framework/paper_v1/cipherspectrum/development/planner_executor/summary.json,data/runs/future_framework/paper_v1/cipherspectrum/development/planner_executor/summary.json,aggregate,ef921810a9a4d011bebeb0e6473e5cc899eeeb0d823ff6c7cf42646f1f0394e3,ef921810a9a4d011bebeb0e6473e5cc899eeeb0d823ff6c7cf42646f1f0394e3,2216,byte_identical
thesis/data/runs/future_framework/paper_v1/cipherspectrum/development/reflection_critic/summary.json,data/runs/future_framework/paper_v1/cipherspectrum/development/reflection_critic/summary.json,aggregate,6ef09b1f5b9964dcffa2a0f71a9d7703d831f86a204d6408cdf42893abc0bea6,6ef09b1f5b9964dcffa2a0f71a9d7703d831f86a204d6408cdf42893abc0bea6,2217,byte_identical
thesis/data/runs/future_framework/paper_v1/cipherspectrum/development/summary.json,data/runs/future_framework/paper_v1/cipherspectrum/development/summary.json,aggregate,bfd667c4259df11a6369fd0c231f27498813ff6e2c4b5aaf7e58629cb9bd34cf,bfd667c4259df11a6369fd0c231f27498813ff6e2c4b5aaf7e58629cb9bd34cf,18889,byte_identical
thesis/data/runs/future_framework/paper_v1/cipherspectrum/locked_test/baseline/summary.json,data/runs/future_framework/paper_v1/cipherspectrum/locked_test/baseline/summary.json,aggregate,e4700b41fe12e43b66055e9dace57841afe9ee26c19af6a8e43121791881305b,e4700b41fe12e43b66055e9dace57841afe9ee26c19af6a8e43121791881305b,2138,byte_identical
thesis/data/runs/future_framework/paper_v1/cipherspectrum/locked_test/deliberation_shadow/summary.json,data/runs/future_framework/paper_v1/cipherspectrum/locked_test/deliberation_shadow/summary.json,aggregate,9e4b3f7e680da5cbda74bbff058b6bdaa15248b50bbe880af34e1a091a0b662a,9e4b3f7e680da5cbda74bbff058b6bdaa15248b50bbe880af34e1a091a0b662a,2136,byte_identical
thesis/data/runs/future_framework/paper_v1/cipherspectrum/locked_test/full_active/summary.json,data/runs/future_framework/paper_v1/cipherspectrum/locked_test/full_active/summary.json,aggregate,833f915e7932e182f21323f198728b1e1f19ef36c8b36175f5a846165b37dfda,833f915e7932e182f21323f198728b1e1f19ef36c8b36175f5a846165b37dfda,2214,byte_identical
thesis/data/runs/future_framework/paper_v1/cipherspectrum/locked_test/full_shadow/summary.json,data/runs/future_framework/paper_v1/cipherspectrum/locked_test/full_shadow/summary.json,aggregate,c3568a0b7c8ba2873468d2b725ec650c689cdd6fccc5a9e1a861bc0c6896b778,c3568a0b7c8ba2873468d2b725ec650c689cdd6fccc5a9e1a861bc0c6896b778,2131,byte_identical
thesis/data/runs/future_framework/paper_v1/cipherspectrum/locked_test/memory_shadow/summary.json,data/runs/future_framework/paper_v1/cipherspectrum/locked_test/memory_shadow/summary.json,aggregate,93154276135b38fe218757d3d7c189c36b789196934dbbe9503763b91ff5e099,93154276135b38fe218757d3d7c189c36b789196934dbbe9503763b91ff5e099,2135,byte_identical
thesis/data/runs/future_framework/paper_v1/cipherspectrum/locked_test/planner_executor/summary.json,data/runs/future_framework/paper_v1/cipherspectrum/locked_test/planner_executor/summary.json,aggregate,3f83ef35a4b7de7aab09fc98d9a4e84fc2dc01a4cd43598ecde540509f2413ef,3f83ef35a4b7de7aab09fc98d9a4e84fc2dc01a4cd43598ecde540509f2413ef,2134,byte_identical
thesis/data/runs/future_framework/paper_v1/cipherspectrum/locked_test/reflection_critic/summary.json,data/runs/future_framework/paper_v1/cipherspectrum/locked_test/reflection_critic/summary.json,aggregate,951eab82af04bd67dac8ace97ce7e62ec6814ddc3ff580c8b390f2738d4a7922,951eab82af04bd67dac8ace97ce7e62ec6814ddc3ff580c8b390f2738d4a7922,2137,byte_identical
thesis/data/runs/future_framework/paper_v1/cipherspectrum/locked_test/summary.json,data/runs/future_framework/paper_v1/cipherspectrum/locked_test/summary.json,aggregate,2a7465baace7efb2de2e3ccddb2358ab9d6724c2766f845439a8309b6575de77,2a7465baace7efb2de2e3ccddb2358ab9d6724c2766f845439a8309b6575de77,18327,byte_identical
thesis/data/runs/future_framework/paper_v1/cipherspectrum/validation/baseline/summary.json,data/runs/future_framework/paper_v1/cipherspectrum/validation/baseline/summary.json,aggregate,c31d1630fd3d4f080fff75f4f86cd4ddec4e4d3753ce60360334c06a8a653134,c31d1630fd3d4f080fff75f4f86cd4ddec4e4d3753ce60360334c06a8a653134,2106,byte_identical
thesis/data/runs/future_framework/paper_v1/cipherspectrum/validation/deliberation_shadow/summary.json,data/runs/future_framework/paper_v1/cipherspectrum/validation/deliberation_shadow/summary.json,aggregate,c47f7dbb47c2faa1c5b5c9d34b8d8f71c8ec799a792033b2b5c659e991501114,c47f7dbb47c2faa1c5b5c9d34b8d8f71c8ec799a792033b2b5c659e991501114,2104,byte_identical
thesis/data/runs/future_framework/paper_v1/cipherspectrum/validation/full_active/summary.json,data/runs/future_framework/paper_v1/cipherspectrum/validation/full_active/summary.json,aggregate,840fc0a66eaa97cb20222f0f68e1ad73535b4d5c5df60da9946971be53112305,840fc0a66eaa97cb20222f0f68e1ad73535b4d5c5df60da9946971be53112305,2192,byte_identical
thesis/data/runs/future_framework/paper_v1/cipherspectrum/validation/full_shadow/summary.json,data/runs/future_framework/paper_v1/cipherspectrum/validation/full_shadow/summary.json,aggregate,ac2404ef3e4379dd1781305f8bf610ca5ad70349355b83f215a3a0353976e2ba,ac2404ef3e4379dd1781305f8bf610ca5ad70349355b83f215a3a0353976e2ba,2100,byte_identical
thesis/data/runs/future_framework/paper_v1/cipherspectrum/validation/memory_shadow/summary.json,data/runs/future_framework/paper_v1/cipherspectrum/validation/memory_shadow/summary.json,aggregate,7fc5e576e962541d31b403277bb565b46c19435f60d734207338794004b73dbf,7fc5e576e962541d31b403277bb565b46c19435f60d734207338794004b73dbf,2105,byte_identical
thesis/data/runs/future_framework/paper_v1/cipherspectrum/validation/planner_executor/summary.json,data/runs/future_framework/paper_v1/cipherspectrum/validation/planner_executor/summary.json,aggregate,0ef100e655a76bb202e75201de61df799d6f10774b514c2125143a0c9ec0c70a,0ef100e655a76bb202e75201de61df799d6f10774b514c2125143a0c9ec0c70a,2104,byte_identical
thesis/data/runs/future_framework/paper_v1/cipherspectrum/validation/reflection_critic/summary.json,data/runs/future_framework/paper_v1/cipherspectrum/validation/reflection_critic/summary.json,aggregate,b14561a011d361cf2b09f0fed623242f732b18f384088eb5af479f949283f105,b14561a011d361cf2b09f0fed623242f732b18f384088eb5af479f949283f105,2102,byte_identical
thesis/data/runs/future_framework/paper_v1/cipherspectrum/validation/summary.json,data/runs/future_framework/paper_v1/cipherspectrum/validation/summary.json,aggregate,1746dd0397ae73fcd029fadfb4049be3b25a721c99ac82e0719a7de471b2b128,1746dd0397ae73fcd029fadfb4049be3b25a721c99ac82e0719a7de471b2b128,18114,byte_identical
thesis/data/runs/future_framework/paper_v1/paired_comparisons.csv,data/runs/future_framework/paper_v1/paired_comparisons.csv,aggregate,571348407cf2063116a4e795b8376158b94320fdc51ad32c4ba0c5c227cbb74e,4718e5f9c1819ca7bac77449ec9630e02be176f09906a758955b86e51c86ef7d,3463,utf8_bom_removed
thesis/data/runs/future_framework/paper_v1/protocol_smoke200/baseline/summary.json,data/runs/future_framework/paper_v1/protocol_smoke200/baseline/summary.json,aggregate,bad4b4275acf8f02fb488ec96d058feca9de8fdf3a6d71eb2e34dd32c05415c3,bad4b4275acf8f02fb488ec96d058feca9de8fdf3a6d71eb2e34dd32c05415c3,2220,byte_identical
thesis/data/runs/future_framework/paper_v1/protocol_smoke200/deliberation_shadow/summary.json,data/runs/future_framework/paper_v1/protocol_smoke200/deliberation_shadow/summary.json,aggregate,0470954e42517197a2cbd8edeb55632cca983c20ba64b312e42698a733ecb6ce,0470954e42517197a2cbd8edeb55632cca983c20ba64b312e42698a733ecb6ce,2221,byte_identical
thesis/data/runs/future_framework/paper_v1/protocol_smoke200/full_active/summary.json,data/runs/future_framework/paper_v1/protocol_smoke200/full_active/summary.json,aggregate,aa1dc2e6fd77bf2eb12dfdc49d7e4ef910fb80b47b57c530ce0c769e283cf92c,aa1dc2e6fd77bf2eb12dfdc49d7e4ef910fb80b47b57c530ce0c769e283cf92c,2222,byte_identical
thesis/data/runs/future_framework/paper_v1/protocol_smoke200/full_shadow/summary.json,data/runs/future_framework/paper_v1/protocol_smoke200/full_shadow/summary.json,aggregate,51185aed59f86a7d71259fd84f1569813c3a47f1bc9630c3c26014af5e6a93b3,51185aed59f86a7d71259fd84f1569813c3a47f1bc9630c3c26014af5e6a93b3,2221,byte_identical
thesis/data/runs/future_framework/paper_v1/protocol_smoke200/memory_shadow/summary.json,data/runs/future_framework/paper_v1/protocol_smoke200/memory_shadow/summary.json,aggregate,df9fbfcd03d14f45eca8eea43566541493e46d01c3b9035041322714d23ad1ff,df9fbfcd03d14f45eca8eea43566541493e46d01c3b9035041322714d23ad1ff,2226,byte_identical
thesis/data/runs/future_framework/paper_v1/protocol_smoke200/planner_executor/summary.json,data/runs/future_framework/paper_v1/protocol_smoke200/planner_executor/summary.json,aggregate,a7e4d1c496b3722de3a97d2372fe4a3245d389b962ef8dab66d5bdd91fcc7128,a7e4d1c496b3722de3a97d2372fe4a3245d389b962ef8dab66d5bdd91fcc7128,2221,byte_identical
thesis/data/runs/future_framework/paper_v1/protocol_smoke200/reflection_critic/summary.json,data/runs/future_framework/paper_v1/protocol_smoke200/reflection_critic/summary.json,aggregate,314607340158f16de038278251def227cfd52188a4bda920eaac64e71af06ad9,314607340158f16de038278251def227cfd52188a4bda920eaac64e71af06ad9,2221,byte_identical
thesis/data/runs/future_framework/paper_v1/protocol_smoke200/summary.json,data/runs/future_framework/paper_v1/protocol_smoke200/summary.json,aggregate,9173e43f785e820df432097b2921e6ce6a3abf7debc3287da9d7946f313338ac,9173e43f785e820df432097b2921e6ce6a3abf7debc3287da9d7946f313338ac,19089,byte_identical
thesis/data/runs/future_framework/paper_v1/ustc_test/baseline/summary.json,data/runs/future_framework/paper_v1/ustc_test/baseline/summary.json,aggregate,ffa62b7514d898c96b551e714628d102b043f42323ccf04f61bb41bece2546e5,ffa62b7514d898c96b551e714628d102b043f42323ccf04f61bb41bece2546e5,2474,byte_identical
thesis/data/runs/future_framework/paper_v1/ustc_test/deliberation_shadow/summary.json,data/runs/future_framework/paper_v1/ustc_test/deliberation_shadow/summary.json,aggregate,148e75baf00a33cceffcb682eabb9c321441126872ffcd483f52a9ae49e0ce71,148e75baf00a33cceffcb682eabb9c321441126872ffcd483f52a9ae49e0ce71,2474,byte_identical
thesis/data/runs/future_framework/paper_v1/ustc_test/full_active/summary.json,data/runs/future_framework/paper_v1/ustc_test/full_active/summary.json,aggregate,6166a2908d9dd17a898d00cffee3c9eb41cfb51fe2fbf1aee0e92e71e81f09d5,6166a2908d9dd17a898d00cffee3c9eb41cfb51fe2fbf1aee0e92e71e81f09d5,2623,byte_identical
thesis/data/runs/future_framework/paper_v1/ustc_test/full_shadow/summary.json,data/runs/future_framework/paper_v1/ustc_test/full_shadow/summary.json,aggregate,8483a883ae595602995a3050e03a1dcdcb8b3797673dd5fc1625bef7bc7f654f,8483a883ae595602995a3050e03a1dcdcb8b3797673dd5fc1625bef7bc7f654f,2498,byte_identical
thesis/data/runs/future_framework/paper_v1/ustc_test/memory_shadow/summary.json,data/runs/future_framework/paper_v1/ustc_test/memory_shadow/summary.json,aggregate,5b2f308286d77986c1ddb79c4189728a6d698d40e2096bbc4af4278a858fa0e0,5b2f308286d77986c1ddb79c4189728a6d698d40e2096bbc4af4278a858fa0e0,2500,byte_identical
thesis/data/runs/future_framework/paper_v1/ustc_test/planner_executor/summary.json,data/runs/future_framework/paper_v1/ustc_test/planner_executor/summary.json,aggregate,6a4ef56b502ee311592ac3cf8622aa910c7856fdf5cf06906071ba86e3c7db99,6a4ef56b502ee311592ac3cf8622aa910c7856fdf5cf06906071ba86e3c7db99,2474,byte_identical
thesis/data/runs/future_framework/paper_v1/ustc_test/reflection_critic/summary.json,data/runs/future_framework/paper_v1/ustc_test/reflection_critic/summary.json,aggregate,2f626d327df3fab0b084f622972f171b614a20a46900f03a80e41f075d2787ec,2f626d327df3fab0b084f622972f171b614a20a46900f03a80e41f075d2787ec,2472,byte_identical
thesis/data/runs/future_framework/paper_v1/ustc_test/summary.json,data/runs/future_framework/paper_v1/ustc_test/summary.json,aggregate,ea993afbee57275e21feda2730e3517aff1ff23cde258ce84da12ba6df59ca0b,ea993afbee57275e21feda2730e3517aff1ff23cde258ce84da12ba6df59ca0b,21056,byte_identical
thesis/data/runs/future_framework/perturbation_smoke/run/acceptance_report.json,data/runs/future_framework/perturbation_smoke/run/acceptance_report.json,aggregate,ddba90c46679861afcbe77f88d14ee3a87825e1445f030553bc3f60bc0d5d728,ddba90c46679861afcbe77f88d14ee3a87825e1445f030553bc3f60bc0d5d728,562,byte_identical
thesis/data/runs/future_framework/perturbation_smoke/run/aggregate_metrics.json,data/runs/future_framework/perturbation_smoke/run/aggregate_metrics.json,aggregate,45a5175d2617c115a715b568da422d91c4f52914772b570376edd20a945a8e30,45a5175d2617c115a715b568da422d91c4f52914772b570376edd20a945a8e30,129035,byte_identical
thesis/data/runs/future_framework/perturbation_smoke/run/cipherspectrum/summary.json,data/runs/future_framework/perturbation_smoke/run/cipherspectrum/summary.json,aggregate,2ff766897dda42e57be82a3a3f2c0699855b72675a292d9dc6b97aa02091851e,2ff766897dda42e57be82a3a3f2c0699855b72675a292d9dc6b97aa02091851e,34372,byte_identical
thesis/data/runs/future_framework/perturbation_smoke/run/paired_comparisons.csv,data/runs/future_framework/perturbation_smoke/run/paired_comparisons.csv,aggregate,3cf8b8a9a7d60efc43433cb6ad018bbc2a84ed37cbf1def06dc630e0b1ffcbf2,c08b3b310b84006fb678fcddf8d9d47663139cb98b92a670155f8525bb3f59cb,4240,utf8_bom_removed
thesis/data/runs/future_framework/perturbation_smoke/run/ustc/summary.json,data/runs/future_framework/perturbation_smoke/run/ustc/summary.json,aggregate,8c6374b0192ea70d4cef8f42b3568b7b871f6d1247bd785cc7ad1b992549f559,8c6374b0192ea70d4cef8f42b3568b7b871f6d1247bd785cc7ad1b992549f559,60527,byte_identical
thesis/data/runs/future_framework/perturbation_v1/acceptance_report.json,data/runs/future_framework/perturbation_v1/acceptance_report.json,aggregate,d9834b3fd2382cabfd6e2cc2b7b2ac288ca88a037e45392845d7fd3255b3b06a,d9834b3fd2382cabfd6e2cc2b7b2ac288ca88a037e45392845d7fd3255b3b06a,565,byte_identical
thesis/data/runs/future_framework/perturbation_v1/aggregate_metrics.json,data/runs/future_framework/perturbation_v1/aggregate_metrics.json,aggregate,a2498286381ca7057320994401c4c1d5d29eb7e6239795f10557afa8fb3a3c4c,a2498286381ca7057320994401c4c1d5d29eb7e6239795f10557afa8fb3a3c4c,147371,byte_identical
thesis/data/runs/future_framework/perturbation_v1/cipherspectrum/summary.json,data/runs/future_framework/perturbation_v1/cipherspectrum/summary.json,aggregate,a1e7f8f6fe61ad5856dfa9ae6c4fbc0d3ae57ad0cdb305d7eb596f265c0a1c7c,a1e7f8f6fe61ad5856dfa9ae6c4fbc0d3ae57ad0cdb305d7eb596f265c0a1c7c,38382,byte_identical
thesis/data/runs/future_framework/perturbation_v1/paired_comparisons.csv,data/runs/future_framework/perturbation_v1/paired_comparisons.csv,aggregate,fa4c50c6ce2f66db99f3ae6987a220b95584563924e9ef71e93f180576f4659b,f02a119b3db59f3c0b9eb54cfcb832f41ce575bfb601ba7790124989c4e7dae1,5262,utf8_bom_removed
thesis/data/runs/future_framework/perturbation_v1/ustc/summary.json,data/runs/future_framework/perturbation_v1/ustc/summary.json,aggregate,322b9c1893625f1a09703aa6995817cbfa3eaaf30b5a7095d7e2e33235d06fa0,322b9c1893625f1a09703aa6995817cbfa3eaaf30b5a7095d7e2e33235d06fa0,73303,byte_identical
thesis/data/runs/future_framework/smoke_v1/summary.json,data/runs/future_framework/smoke_v1/summary.json,aggregate,c86cadc3738f4a9bd2f781796502535d9c61c504c7797cd70c279ab9ad3fef13,c86cadc3738f4a9bd2f781796502535d9c61c504c7797cd70c279ab9ad3fef13,5986,byte_identical
thesis/data/runs/future_framework/ustc_learned_hybrid_100/summary.json,data/runs/future_framework/ustc_learned_hybrid_100/summary.json,aggregate,27fd3f78a933c242b430bac76105f5c3d9db879b3f349ca5ce7040cf68e06e8b,27fd3f78a933c242b430bac76105f5c3d9db879b3f349ca5ce7040cf68e06e8b,5999,byte_identical
thesis/data/runs/mad_etd_architecture_governance_v6_0/acceptance_report.json,data/runs/mad_etd_architecture_governance_v6_0/acceptance_report.json,aggregate,0c515b104d52a9e4bc50965f0630c886e22fc2cb44de8cece978412e023ba74c,0c515b104d52a9e4bc50965f0630c886e22fc2cb44de8cece978412e023ba74c,882,byte_identical
thesis/data/runs/mad_etd_architecture_governance_v6_0/build_report.json,data/runs/mad_etd_architecture_governance_v6_0/build_report.json,aggregate,06b482a7e5960d96d2a51ccd9ed3681cc8518e16e816e83eb03f0ec7cbbf17a6,06b482a7e5960d96d2a51ccd9ed3681cc8518e16e816e83eb03f0ec7cbbf17a6,398,byte_identical
thesis/data/runs/mad_etd_architecture_governance_v6_0/claim_ledger.csv,data/runs/mad_etd_architecture_governance_v6_0/claim_ledger.csv,aggregate,f545fec0d25d437a7cf9a0378ee8e04c3d92f3dfdf8b9e6f48028ccaee91d536,a8c010cb8468c0f6ea561c92362c0ba6fda0c7d159ccdc4a4321060802a73d68,1736,utf8_bom_removed
thesis/data/runs/mad_etd_architecture_governance_v6_0/negative_result_ledger.csv,data/runs/mad_etd_architecture_governance_v6_0/negative_result_ledger.csv,aggregate,ab75a5bdafd73789e60d6e6871af1921d7bce9195462bf75c254e13c2384618c,374feb4427cbd448953c7269cc822d1658e4f95834e2f0dd63b0af2522a039d2,2415,utf8_bom_removed
thesis/data/runs/mad_etd_baseline_comparison/acceptance_report.json,data/runs/mad_etd_baseline_comparison/acceptance_report.json,aggregate,c401fa6165b5557d8de8aee81ac10ef1111dc1248b5255f8e355326666898d15,c401fa6165b5557d8de8aee81ac10ef1111dc1248b5255f8e355326666898d15,2816,byte_identical
thesis/data/runs/mad_etd_baseline_comparison/adapted_multi_agent_baseline_results.csv,data/runs/mad_etd_baseline_comparison/adapted_multi_agent_baseline_results.csv,aggregate,7a21feae41c9c6b232b123f08314a7094280d9d0102072be3aa00665008b2197,7e67906a0acec79c18fdcfe7b2cf8bccef46ef280c4202d329daa3c47047e59c,3229,utf8_bom_removed
thesis/data/runs/mad_etd_baseline_comparison/adapted_multi_agent_paired_comparisons.csv,data/runs/mad_etd_baseline_comparison/adapted_multi_agent_paired_comparisons.csv,aggregate,6212b62e5a3f5f14baf53542197598598b32496bc992ff2142c8d119a6a57c64,e2795127bf749cd31dd380ffb3405351a3bf3b4d48693cdca0abe553fb25b7ed,883,utf8_bom_removed
thesis/data/runs/mad_etd_baseline_comparison/baseline_protocol.json,data/runs/mad_etd_baseline_comparison/baseline_protocol.json,aggregate,eb53d12938ccdf7ee6672ef375b67fb5812f05b012a6378fa66b7507bccbb2d5,0a7d796ac1aa0a99f4efc3cd7f4f7c13a3dffa2f6d6d6dc09ee0e1dcd5951b91,1397,absolute_workspace_path_to_relative
thesis/data/runs/mad_etd_baseline_comparison/baseline_results.csv,data/runs/mad_etd_baseline_comparison/baseline_results.csv,aggregate,36bf1e75400fa6fe39eea0fadd7b05e56daa938acbb09bc3bca7ae64e31690c5,46520798d155df0b55312b8e7756cfdd34d56947de05d920e80c872d74babbae,1788,utf8_bom_removed
thesis/data/runs/mad_etd_baseline_comparison/internal_ablation_results.csv,data/runs/mad_etd_baseline_comparison/internal_ablation_results.csv,aggregate,5e9c2d5131693c7bca0c501701eb42bdc2d7a91dffb880f8096cba83ff48933b,1f1835cdd64a5bcd1387edbee789f29bde4d36fac3552d4103236e4c9fe7b917,967,utf8_bom_removed
thesis/data/runs/mad_etd_baseline_comparison/multi_agent_adapter_protocol.json,data/runs/mad_etd_baseline_comparison/multi_agent_adapter_protocol.json,aggregate,64b167f03def71214d7e88ad1ba043df4084d7d633e7d246f57743e9346ecc3f,64b167f03def71214d7e88ad1ba043df4084d7d633e7d246f57743e9346ecc3f,2440,byte_identical
thesis/data/runs/mad_etd_baseline_comparison/qualitative_related_work_table.csv,data/runs/mad_etd_baseline_comparison/qualitative_related_work_table.csv,aggregate,2816bb8ab8bf12ee30b3898c32f467cab6de9207ff1d4026a039d668f1f07f8c,780f68e5e627506eab21502be1d1faff5dc51e6d141a75171c701e6018efdea6,2412,utf8_bom_removed
thesis/data/runs/mad_etd_baseline_comparison/static_multi_agent_ensemble_results.csv,data/runs/mad_etd_baseline_comparison/static_multi_agent_ensemble_results.csv,aggregate,a70825c241f2b42213e010aee170f1260762826dda8f2aaffb2e6d151a17c1df,7e7723c1b7c5c9ba457037eaff910a14f37fd4cba09296b4a19fccf03eb3822d,493,utf8_bom_removed
thesis/data/runs/mad_etd_dohbrw_fresh_tls_performance_w282_w286/acceptance_alignment_quality.csv,data/runs/mad_etd_dohbrw_fresh_tls_performance_w282_w286/acceptance_alignment_quality.csv,aggregate,4ec4a829ce94e1ed03acb65592787adb75feb31076cd289b5597aa8d3415b7df,862e1bdb757a3829f7d906f24ac2e67c9a730a19d1cc80935b1b38c5471fa653,6633,utf8_bom_removed
thesis/data/runs/mad_etd_dohbrw_fresh_tls_performance_w282_w286/acceptance_metrics.json,data/runs/mad_etd_dohbrw_fresh_tls_performance_w282_w286/acceptance_metrics.json,aggregate,5805d8cc24708a80e433b0d6114fda4108708800e651151388298304b21f7468,5805d8cc24708a80e433b0d6114fda4108708800e651151388298304b21f7468,3527,byte_identical
thesis/data/runs/mad_etd_dohbrw_fresh_tls_performance_w282_w286/acceptance_report.json,data/runs/mad_etd_dohbrw_fresh_tls_performance_w282_w286/acceptance_report.json,aggregate,103441b32f1054ffa4ffa77b38708914e0762be3c70a6a00e45bd165fb6d24ef,103441b32f1054ffa4ffa77b38708914e0762be3c70a6a00e45bd165fb6d24ef,5881,byte_identical
thesis/data/runs/mad_etd_dohbrw_fresh_tls_performance_w282_w286/development_alignment_quality.csv,data/runs/mad_etd_dohbrw_fresh_tls_performance_w282_w286/development_alignment_quality.csv,aggregate,427f3796516a3eb59c95190ffc1aa0e7b1d62e3070da5031e6fa318c42f3916f,13fef3fb72b7e961e895e80938f6d11974da74041ea38d7511aef59142a439ed,26064,utf8_bom_removed
thesis/data/runs/mad_etd_dohbrw_fresh_tls_performance_w282_w286/development_extraction_report.json,data/runs/mad_etd_dohbrw_fresh_tls_performance_w282_w286/development_extraction_report.json,aggregate,ab5c014672fea5775841c23a58e3bce6b7562c883754befcebb987e5fe52b502,ab5c014672fea5775841c23a58e3bce6b7562c883754befcebb987e5fe52b502,780,byte_identical
thesis/data/runs/mad_etd_dohbrw_fresh_tls_performance_w282_w286/frozen_capture_manifest_w282.csv,data/runs/mad_etd_dohbrw_fresh_tls_performance_w282_w286/frozen_capture_manifest_w282.csv,aggregate,b64ced945351c2e275ada5255b7b31a0e8fb5b81fe2a3a4a05391e1fd895cd0b,1abefba434161667668e8c697fb1805ef38023b4d39bbc70d90efe6905770ae9,158657,utf8_bom_removed
thesis/data/runs/mad_etd_dohbrw_fresh_tls_performance_w282_w286/per_tool_resolver_diagnostics.csv,data/runs/mad_etd_dohbrw_fresh_tls_performance_w282_w286/per_tool_resolver_diagnostics.csv,aggregate,64af42e7176fb02562617d14ec9a79fd6e09848d9abbc36d6a5c2ef4def2dfb4,46a0891b384f906dfaeb5990db3f2e17a4aa7a65d5c27a5af2276aafce4bba40,1504,utf8_bom_removed
thesis/data/runs/mad_etd_dohbrw_fresh_tls_performance_w282_w286/robustness_metrics.json,data/runs/mad_etd_dohbrw_fresh_tls_performance_w282_w286/robustness_metrics.json,aggregate,2ec92ebdf5c8710c9f1775bfedfa8bf88d48c1f7ca3e3b20168344784e8347e5,2ec92ebdf5c8710c9f1775bfedfa8bf88d48c1f7ca3e3b20168344784e8347e5,394,byte_identical
thesis/data/runs/mad_etd_dohbrw_fresh_tls_performance_w282_w286/security_acceptance.json,data/runs/mad_etd_dohbrw_fresh_tls_performance_w282_w286/security_acceptance.json,aggregate,b48ae53e35d62a6b809b864d376c4d3bcf5faa3006b01400100592989ad3d510,b48ae53e35d62a6b809b864d376c4d3bcf5faa3006b01400100592989ad3d510,389,byte_identical
thesis/data/runs/mad_etd_dohbrw_independent_robustness_w287_w290/acceptance_report.json,data/runs/mad_etd_dohbrw_independent_robustness_w287_w290/acceptance_report.json,aggregate,bb9cbd4d851bd12bf4ec76836e4c3e33dfe1a3518bab3516e80d01615119e51c,bb9cbd4d851bd12bf4ec76836e4c3e33dfe1a3518bab3516e80d01615119e51c,4490,byte_identical
thesis/data/runs/mad_etd_dohbrw_independent_robustness_w287_w290/alignment_quality_w288.csv,data/runs/mad_etd_dohbrw_independent_robustness_w287_w290/alignment_quality_w288.csv,aggregate,bd35c074ee6ed70614d24de13daf48aafb4f34fc60640be670ad4690510e00f7,eb95c7625f15ec88f54a20fbfb386e60379cd41452911d95834df3b5a2ac9696,10156,utf8_bom_removed
thesis/data/runs/mad_etd_dohbrw_independent_robustness_w287_w290/firefox_alignment_w288.csv,data/runs/mad_etd_dohbrw_independent_robustness_w287_w290/firefox_alignment_w288.csv,aggregate,cbf2ec508591df442cf34ebef01c3794bbe2c036cd92e251965c8de3033c9c22,24526432f951ea86e61db71a2c7df058d690643d1792c6525c784823544d3c03,7,utf8_bom_removed
thesis/data/runs/mad_etd_dohbrw_independent_robustness_w287_w290/independent_capture_manifest_w287.csv,data/runs/mad_etd_dohbrw_independent_robustness_w287_w290/independent_capture_manifest_w287.csv,aggregate,5eb9972eeb8166925e5361e87532e17ea0cd0c2fb736ae698419b2a30263caae,4802d97cb342f1add0b41549fac262a836314c9343378b2e3d581f8218ca2386,43776,utf8_bom_removed
thesis/data/runs/mad_etd_dohbrw_independent_robustness_w287_w290/robustness_cell_metrics_w289.csv,data/runs/mad_etd_dohbrw_independent_robustness_w287_w290/robustness_cell_metrics_w289.csv,aggregate,0c5870340074887669d65caa4d1ee00d0c6a994cfc2e899d096784423c50e2ab,ff363cac60e887b3fcc39c7acf8b9ec40dc223f0c8530a40e66522ac4210c15b,1032,utf8_bom_removed
thesis/data/runs/mad_etd_dohbrw_independent_robustness_w287_w290/staged_capture_manifest_w288.csv,data/runs/mad_etd_dohbrw_independent_robustness_w287_w290/staged_capture_manifest_w288.csv,aggregate,62c0d175540378c8379c397c35325709749948060f571b20ea4671ddaae1a702,b0fdfe0368b881d3d038be24afa6b664bbc9273a75cbb4f9e588f46499451340,47873,utf8_bom_removed
thesis/data/runs/mad_etd_external_citable_multiagent_v13/acceptance_report.json,data/runs/mad_etd_external_citable_multiagent_v13/acceptance_report.json,aggregate,e853e103f9d631d83d6544fa9d8012bb46a026a26bc7630a52b4dbb78b61b76e,e853e103f9d631d83d6544fa9d8012bb46a026a26bc7630a52b4dbb78b61b76e,957,byte_identical
thesis/data/runs/mad_etd_external_citable_multiagent_v13/bibliographic_audit_report.json,data/runs/mad_etd_external_citable_multiagent_v13/bibliographic_audit_report.json,aggregate,7db25490f68f957c10f6d27c9696f50d793b144b36750195c213a2dd65c06456,7db25490f68f957c10f6d27c9696f50d793b144b36750195c213a2dd65c06456,972,byte_identical
thesis/data/runs/mad_etd_external_citable_multiagent_v13/bibliographic_registry.csv,data/runs/mad_etd_external_citable_multiagent_v13/bibliographic_registry.csv,aggregate,2078e8c6d36a69344e6e57a64917a11fdabf07bba05ba42f953e1a30055bf396,6cbd58013c17cd069ccaf9a56a28427813cd6e66f4766ad8c80f85ce7f330a15,2751,utf8_bom_removed
thesis/data/runs/mad_etd_external_citable_multiagent_v13/build_report.json,data/runs/mad_etd_external_citable_multiagent_v13/build_report.json,aggregate,85111cd3a3fbaf0833ef94a9f87dc13335640c462a803057c20e903c83c083f7,85111cd3a3fbaf0833ef94a9f87dc13335640c462a803057c20e903c83c083f7,1400,byte_identical
thesis/data/runs/mad_etd_external_citable_multiagent_v13/citable_five_system_metric_matrix.csv,data/runs/mad_etd_external_citable_multiagent_v13/citable_five_system_metric_matrix.csv,aggregate,a5c9ba3f84f8fdfe79f34d2a3c9da5e5df0507c6036bd563419301a449f61c2c,bec41fb40bc43dcf65108675d2aab85e21d62b7e94b459da376741a0e2fb2464,13395,utf8_bom_removed
thesis/data/runs/mad_etd_external_citable_multiagent_v13/claim_boundary.json,data/runs/mad_etd_external_citable_multiagent_v13/claim_boundary.json,aggregate,c6c7a3b313e5db3176d9a3a657e09f7a2d63458b8044f46c4f18917d5ba758ca,c6c7a3b313e5db3176d9a3a657e09f7a2d63458b8044f46c4f18917d5ba758ca,1832,byte_identical
thesis/data/runs/mad_etd_external_citable_multiagent_v13/negative_metric_ledger.csv,data/runs/mad_etd_external_citable_multiagent_v13/negative_metric_ledger.csv,aggregate,f3fc79c750d8448dcf5d86d63179c0fb41c380a6bd87cefa5f0f76ceab3266f7,068d0c7fd5c5844291934217b99ebae6fa87916b5c2c3afa530db45c852f64e3,1611,utf8_bom_removed
thesis/data/runs/mad_etd_external_citable_multiagent_v13/paper_ready_citable_five_system_positive_table.csv,data/runs/mad_etd_external_citable_multiagent_v13/paper_ready_citable_five_system_positive_table.csv,aggregate,0e334aa878d185494451cc121e066971e76ab4664ce7f7bbcb3aa507e2e66f41,38e013af843858fe027b7753e48174e1dbf47f1b9a747932b7e11fd03c0c27cf,3011,utf8_bom_removed
thesis/data/runs/mad_etd_external_citable_multiagent_v13/supplementary_code_systems.csv,data/runs/mad_etd_external_citable_multiagent_v13/supplementary_code_systems.csv,aggregate,4ed763ada0b1b9358389dac5751c2884e8915a19007a5e6a0187f660551587f0,15b2fb6cd670426082034d613cc161567d5e91319da9b2afca7a5f35657bbf0a,900,utf8_bom_removed
thesis/data/runs/mad_etd_external_citable_thesis_v14/acceptance_report.json,data/runs/mad_etd_external_citable_thesis_v14/acceptance_report.json,aggregate,86a6725492416508a09f34dc8fe762371d2a2acd59361523633ecbd6e97fb0ac,86a6725492416508a09f34dc8fe762371d2a2acd59361523633ecbd6e97fb0ac,905,byte_identical
thesis/data/runs/mad_etd_external_citable_thesis_v14/build_report.json,data/runs/mad_etd_external_citable_thesis_v14/build_report.json,aggregate,fc536ebfd1c2b623a9bce37b502dd4730db17b1529bd81bffd76b0f22806f1eb,fc536ebfd1c2b623a9bce37b502dd4730db17b1529bd81bffd76b0f22806f1eb,1133,byte_identical
thesis/data/runs/mad_etd_external_citable_thesis_v14/candidate_search_registry.csv,data/runs/mad_etd_external_citable_thesis_v14/candidate_search_registry.csv,aggregate,031d7eec9e4881acfce55945e62e90d6a031a6ab7593e786d5b5a1a5b6336ce7,84c3f25342e387830a7a5028d024d090c9dc1bfb9ab912af5aa76bf7f21cb51d,3154,utf8_bom_removed
thesis/data/runs/mad_etd_external_citable_thesis_v14/claim_boundary.json,data/runs/mad_etd_external_citable_thesis_v14/claim_boundary.json,aggregate,083d3dc8f34bd90e75b8148561c8f91ffb637bb53665aef18c74c857454bd028,083d3dc8f34bd90e75b8148561c8f91ffb637bb53665aef18c74c857454bd028,1408,byte_identical
thesis/data/runs/mad_etd_external_citable_thesis_v14/figure_source_positive_comparison.csv,data/runs/mad_etd_external_citable_thesis_v14/figure_source_positive_comparison.csv,aggregate,da9b808df592ad9d6681a7a37e864e4ae0722993452cbded8017c11087123c23,f78daf7e2a00e986d4c343682986c8dfb1e7fae9107a3a7dc7f9aaa1ce97176e,1236,utf8_bom_removed
thesis/data/runs/mad_etd_external_citable_thesis_v14/search_protocol.json,data/runs/mad_etd_external_citable_thesis_v14/search_protocol.json,aggregate,e62c68c2fbe77e4be1068fce4e89616df18ca8126efa1b98cb8023df2a97c042,e62c68c2fbe77e4be1068fce4e89616df18ca8126efa1b98cb8023df2a97c042,999,byte_identical
thesis/data/runs/mad_etd_external_citable_thesis_v14/thesis_bibliography_registry.csv,data/runs/mad_etd_external_citable_thesis_v14/thesis_bibliography_registry.csv,aggregate,98afb50c8444b169c2e32428b45c2cd9d465eb6f1368111c41d67f2c4ff947cb,5293952f52bc960ba8dcd1f2b77640fcfc4f5e705ff5377675a56467a684fc5e,2314,utf8_bom_removed
thesis/data/runs/mad_etd_external_citable_thesis_v14/thesis_claim_evidence_matrix.csv,data/runs/mad_etd_external_citable_thesis_v14/thesis_claim_evidence_matrix.csv,aggregate,1fd7924e8bd410ff99201adcde1530c3f42d760b71198d6c6c5779ad0f57a4a0,99148d8e7d6d3eee9c3c48aceed7102e4f7cf6108bc359120bb0ca682a797552,1565,utf8_bom_removed
thesis/data/runs/mad_etd_external_citable_thesis_v14/thesis_complete_metric_appendix.csv,data/runs/mad_etd_external_citable_thesis_v14/thesis_complete_metric_appendix.csv,aggregate,a5c9ba3f84f8fdfe79f34d2a3c9da5e5df0507c6036bd563419301a449f61c2c,bec41fb40bc43dcf65108675d2aab85e21d62b7e94b459da376741a0e2fb2464,13395,utf8_bom_removed
thesis/data/runs/mad_etd_external_citable_thesis_v14/thesis_negative_metric_table.csv,data/runs/mad_etd_external_citable_thesis_v14/thesis_negative_metric_table.csv,aggregate,1b2308bc2b5f9fdde046ae76e725e4581f21bd527a78a5dcb967918e0ce2b330,c85d610075afd81353aa32d2c5e294ec26756c0361eb348fceea8c9129398b34,1704,utf8_bom_removed
thesis/data/runs/mad_etd_external_citable_thesis_v14/thesis_tiered_positive_table.csv,data/runs/mad_etd_external_citable_thesis_v14/thesis_tiered_positive_table.csv,aggregate,8f9b150ca1a0a758f541eba8491f80b8cd1cdd2c49ca0655b2b4b703ce676e58,32dd6f618d6ea8e14bdfdb5e46fa4e947923ac5e6603f343a8f830a07f597c62,3845,utf8_bom_removed
thesis/data/runs/mad_etd_feature_forensics_v1/acceptance_report.json,data/runs/mad_etd_feature_forensics_v1/acceptance_report.json,aggregate,6871a58691dc0384188b7b447d7fa656922a77a0de898cb19419abb920a7d144,6871a58691dc0384188b7b447d7fa656922a77a0de898cb19419abb920a7d144,488,byte_identical
thesis/data/runs/mad_etd_feature_forensics_v1/analysis_report.json,data/runs/mad_etd_feature_forensics_v1/analysis_report.json,aggregate,0720dc9e5197bc3a20f347e38cd08a5a08ed0b1475a6f7b35387547fecab3d49,0720dc9e5197bc3a20f347e38cd08a5a08ed0b1475a6f7b35387547fecab3d49,553,byte_identical
thesis/data/runs/mad_etd_feature_forensics_v1/build_report.json,data/runs/mad_etd_feature_forensics_v1/build_report.json,aggregate,ab5daf255c518ac3c21564ace0b95c1d40545c56dcd6046033825b5a0a1355d7,ab5daf255c518ac3c21564ace0b95c1d40545c56dcd6046033825b5a0a1355d7,288,byte_identical
thesis/data/runs/mad_etd_feature_forensics_v1/cross_dataset_feature_stability.csv,data/runs/mad_etd_feature_forensics_v1/cross_dataset_feature_stability.csv,aggregate,0c539cb8513765827537599da63912de4d54151bc1689be46879c03a11a480ea,eef326f6ff5ddbacbb01d1423fa69a93c6309cb72f59c6677cfbc37b9f734e73,7139,utf8_bom_removed
thesis/data/runs/mad_etd_feature_forensics_v1/dataset_specific_features.csv,data/runs/mad_etd_feature_forensics_v1/dataset_specific_features.csv,aggregate,61dafe7414d972f6782bd5964ad3d92b29c5a971667399f6cd8ba436dfc302b6,7d4e77ab0676af15759fd61f1848dc7796e61306efccc6c0de77b4571b6c4aae,47303,utf8_bom_removed
thesis/data/runs/mad_etd_feature_forensics_v1/feature_forensics_records.csv,data/runs/mad_etd_feature_forensics_v1/feature_forensics_records.csv,aggregate,98360ea4d80b1eb1b8e53949a4d319f041d0aaef9f39ceb631f8cd4a041ce0c8,ce8dfc5e53f20ad73872c426f2d4ac21b1c22a621854e3de8b973bc4e8956691,133079,utf8_bom_removed
thesis/data/runs/mad_etd_feature_forensics_v1/safe_common_features.csv,data/runs/mad_etd_feature_forensics_v1/safe_common_features.csv,aggregate,abe4c0fe9cc088ab66f0a4be9792398c0c1c1874145f87893228e668e28a609c,0f3c2142e67c4afe9aa868b0bbc4dab6e19c11b975549a0389d6213d9b99c37a,10388,utf8_bom_removed
thesis/data/runs/mad_etd_feature_forensics_v1/safe_conditional_features.csv,data/runs/mad_etd_feature_forensics_v1/safe_conditional_features.csv,aggregate,b4137ff543f530606aa47e3ee22a41df4d610d82deff13b09369c4e5eff46ae9,ca36c0398c0660f48fb633661b3f5e076b609a96d22fd21a106b4cc8e650537a,10590,utf8_bom_removed
thesis/data/runs/mad_etd_feature_forensics_v1/shortcut_suspect_features.csv,data/runs/mad_etd_feature_forensics_v1/shortcut_suspect_features.csv,aggregate,848ae085112a241788157c86899f608653c0babc4062b8571f413f43beb5d0d7,e81ed03889d7e9abc65d92e6e5978ade1376dfca8c2a5e708e3e46be4f0f9011,11976,utf8_bom_removed
thesis/data/runs/mad_etd_feature_forensics_v1/source_predictability_results.csv,data/runs/mad_etd_feature_forensics_v1/source_predictability_results.csv,aggregate,cb23ebc18fcd77e632b45350e896ade397f90088039d1c0847b0b23a7e618a51,51ddc9c33859ddd4d5ccd65e7cd7dc52553c99fbf12166d02c746c53ca6961e9,34154,utf8_bom_removed
thesis/data/runs/mad_etd_feature_policy_effectiveness_v1/acceptance_report.json,data/runs/mad_etd_feature_policy_effectiveness_v1/acceptance_report.json,aggregate,8e4e60293e4e8d4e366d056d8f1d7d9237485de16fa9d8d4a9808b93687f7a11,8e4e60293e4e8d4e366d056d8f1d7d9237485de16fa9d8d4a9808b93687f7a11,1792,byte_identical
thesis/data/runs/mad_etd_feature_policy_effectiveness_v1/bootstrap_ci_results.csv,data/runs/mad_etd_feature_policy_effectiveness_v1/bootstrap_ci_results.csv,aggregate,aaf963c1168e441db92dc9244bf38a85326dfe7e01de48551753bc17f829e8c8,7849f0f586032d05350562307e0123585be4e162558b330589a8353f9ac49376,757,utf8_bom_removed
thesis/data/runs/mad_etd_feature_policy_effectiveness_v1/cross_dataset_diagnostic.csv,data/runs/mad_etd_feature_policy_effectiveness_v1/cross_dataset_diagnostic.csv,aggregate,512bef05acc29f403852da4d54d865ef1c0b10cfe081bdf873bf1f485f532386,bf993a1c715dde505c8dfca5d6883b0517fdef56489deb6765ae538b818231b1,3108,utf8_bom_removed
thesis/data/runs/mad_etd_feature_policy_effectiveness_v1/feature_configuration_table.csv,data/runs/mad_etd_feature_policy_effectiveness_v1/feature_configuration_table.csv,aggregate,cde1ff9ade78940d8f4fee841992d53904b1840884edac04a16d44c8d7e97d44,64b68cf0d28ab38726aee6bf52bc5b9ef929482d381b3de24b2f455027eccd3c,4598,utf8_bom_removed
thesis/data/runs/mad_etd_feature_policy_effectiveness_v1/grouped_holdout_results.csv,data/runs/mad_etd_feature_policy_effectiveness_v1/grouped_holdout_results.csv,aggregate,6cc312bc4e8aecb929dcb76644eae69e5b95544eee53c2b15425193a4c17a784,dbc9c7712a67cc809f5fbf0e072d34a3ed3fc2056df75b460f83970d53ef536e,15745,utf8_bom_removed
thesis/data/runs/mad_etd_feature_policy_effectiveness_v1/random_split_results.csv,data/runs/mad_etd_feature_policy_effectiveness_v1/random_split_results.csv,aggregate,818848fdb9d414bf329fe3d532c593afb027b4fbde712c77fc86794cb2fc3ecf,16c605256c6fbf4cca0731bdc7405071f47af642427f94a485d75a0c58c0c41d,17082,utf8_bom_removed
thesis/data/runs/mad_etd_feature_policy_effectiveness_v1/source_predictability_results.csv,data/runs/mad_etd_feature_policy_effectiveness_v1/source_predictability_results.csv,aggregate,25ec9ac28c01a48640e655934f6682a52d1c51ca80a305d9cf417249c39a99fd,78563d8219f5e9cacaa445b77d4b14651651485cc7e29f9362b50a8381113309,2134,utf8_bom_removed
thesis/data/runs/mad_etd_hybrid_multiagent_evidence_v1/acceptance_ranking_report.json,data/runs/mad_etd_hybrid_multiagent_evidence_v1/acceptance_ranking_report.json,aggregate,108a0f7e2f39e2fcf188ac094ff1f475a5e1a2f6df4cb3618e151823e03aa63b,108a0f7e2f39e2fcf188ac094ff1f475a5e1a2f6df4cb3618e151823e03aa63b,1545,byte_identical
thesis/data/runs/mad_etd_hybrid_multiagent_evidence_v1/acceptance_report.json,data/runs/mad_etd_hybrid_multiagent_evidence_v1/acceptance_report.json,aggregate,241fd89da9efb0c9957316aeee46d52951cb784b1edb4f563a596c004c8ce7d7,241fd89da9efb0c9957316aeee46d52951cb784b1edb4f563a596c004c8ce7d7,21191,byte_identical
thesis/data/runs/mad_etd_hybrid_multiagent_evidence_v1/equal_size_acceptance_results.csv,data/runs/mad_etd_hybrid_multiagent_evidence_v1/equal_size_acceptance_results.csv,aggregate,d3efba3b42bfd5a9c325edcad81d6c66211d0c95b37fa5206b4505a477511483,dc76b5203765ff38e9b4db54331274c2bf9d31c28097d092182824d0ba40ccfb,524,utf8_bom_removed
thesis/data/runs/mad_etd_hybrid_multiagent_evidence_v1/factorial_ablation_results.csv,data/runs/mad_etd_hybrid_multiagent_evidence_v1/factorial_ablation_results.csv,aggregate,5ade270d3ce635a3c91d20caef678ac1f91f2845c47ab2afb761db906c02b2ee,01a8a306e40d7c2d8855e6df1d474c47d550b5b64900f13b813b4c8de1dc0f52,2233,utf8_bom_removed
thesis/data/runs/mad_etd_hybrid_multiagent_evidence_v1/grouped_bootstrap.csv,data/runs/mad_etd_hybrid_multiagent_evidence_v1/grouped_bootstrap.csv,aggregate,78c7772437a514aabf7e55ea175bb57065a53c0d1d87ef548edb3a7e118aeb03,90644e34ef6d246c7970e9b2ccf7e6a9fd7c33d99f2d554603f13e2dd7e11433,1696,utf8_bom_removed
thesis/data/runs/mad_etd_hybrid_multiagent_evidence_v1/llm_planner_report.json,data/runs/mad_etd_hybrid_multiagent_evidence_v1/llm_planner_report.json,aggregate,6722584025e9bd878e62b6a293130792c6b90ad59f3acb590b95bc2df07fa4ce,6722584025e9bd878e62b6a293130792c6b90ad59f3acb590b95bc2df07fa4ce,1386,byte_identical
thesis/data/runs/mad_etd_hybrid_multiagent_evidence_v1/llm_smoke_report.json,data/runs/mad_etd_hybrid_multiagent_evidence_v1/llm_smoke_report.json,aggregate,dd2b1655a842a105001af36250e94e4855db2299126326bfb8838388c99ff69f,dd2b1655a842a105001af36250e94e4855db2299126326bfb8838388c99ff69f,1354,byte_identical
thesis/data/runs/mad_etd_hybrid_multiagent_evidence_v1/llm_smoke_results.csv,data/runs/mad_etd_hybrid_multiagent_evidence_v1/llm_smoke_results.csv,aggregate,ddef91fc925c030d88d2ad43412cb92477a016a0b08da56e0e0277596683c8d0,0476a2012fde15c73f227a895c06a9887997e73acee98bdafbfc3e56d7e6fd23,2100,utf8_bom_removed
thesis/data/runs/mad_etd_hybrid_multiagent_evidence_v1/llm_smoke_stability_results.csv,data/runs/mad_etd_hybrid_multiagent_evidence_v1/llm_smoke_stability_results.csv,aggregate,f8730ce7b1347f778f3154ddcc718de365e92e10b625ba6c55c0777906686972,0698ee4cc14527d53f0d057dcfde0e3aa4767a14fe97a44d11f391594b45b1e9,526,utf8_bom_removed
thesis/data/runs/mad_etd_hybrid_multiagent_evidence_v1/llm_stability_results.csv,data/runs/mad_etd_hybrid_multiagent_evidence_v1/llm_stability_results.csv,aggregate,269dc8436699e5042b4bf667193343a415f52b7c08edde7fe11217f6eb6efee1,604327fdbcc508a736010a4eecf52a9a0d9340a77cf93db2e327378945e13a8f,154223,utf8_bom_removed
thesis/data/runs/mad_etd_hybrid_multiagent_evidence_v1/model_registry.csv,data/runs/mad_etd_hybrid_multiagent_evidence_v1/model_registry.csv,aggregate,ae8e320be1c3f39b519834fd16469a859ecd663441c69fef2e3be925ace00805,7550d168a2426d144279cb93f60eeb18dcefa4c6462710ab1611882ec435604d,12858,utf8_bom_removed
thesis/data/runs/mad_etd_hybrid_multiagent_evidence_v1/protocol.json,data/runs/mad_etd_hybrid_multiagent_evidence_v1/protocol.json,aggregate,4f50fa494e43becf6a4806e0d144b9a2229e2f23fd10fdef2aaccb1c32e5ce5d,4f50fa494e43becf6a4806e0d144b9a2229e2f23fd10fdef2aaccb1c32e5ce5d,1930,byte_identical
thesis/data/runs/mad_etd_hybrid_multiagent_evidence_v1/routing_report.json,data/runs/mad_etd_hybrid_multiagent_evidence_v1/routing_report.json,aggregate,daa4d45115c316fa222b968ba667bd2adc497d86dab6079b73202bb520f1d5b2,daa4d45115c316fa222b968ba667bd2adc497d86dab6079b73202bb520f1d5b2,5953,byte_identical
thesis/data/runs/mad_etd_hybrid_multiagent_evidence_v1/routing_results.csv,data/runs/mad_etd_hybrid_multiagent_evidence_v1/routing_results.csv,aggregate,632e79f06200a91905ef5491bbb6ade27805fe7109fb222daac648b70e1c094c,7ad8469bbf871f162b3b7c0c8370e1a7f0c55d95c7bce2baa3deb1dcc6f6419d,1778,utf8_bom_removed
thesis/data/runs/mad_etd_hybrid_multiagent_evidence_v1/security_acceptance.json,data/runs/mad_etd_hybrid_multiagent_evidence_v1/security_acceptance.json,aggregate,d7d4dd13d3dc3420a6cde1558c00fbc2d64eb93bbf0c0f4092b33dacd06315a5,d7d4dd13d3dc3420a6cde1558c00fbc2d64eb93bbf0c0f4092b33dacd06315a5,518,byte_identical
thesis/data/runs/mad_etd_hybrid_multiagent_evidence_v1/security_cases.csv,data/runs/mad_etd_hybrid_multiagent_evidence_v1/security_cases.csv,aggregate,0ef505cf801fe4af9d85fe364e362d5d1fbfd957243d9fef0b6057f6d2bac3b7,ff1925115ec5774c97fa62ffc21de7f85c1b5711278b72ef6da10c3929ad8da8,1337,utf8_bom_removed
thesis/data/runs/mad_etd_hybrid_multiagent_evidence_v1/training_report.json,data/runs/mad_etd_hybrid_multiagent_evidence_v1/training_report.json,aggregate,13d81bef1b7bc8deafb0f7835591324d68ebaa7065ca70638e6da95e0baa687a,13d81bef1b7bc8deafb0f7835591324d68ebaa7065ca70638e6da95e0baa687a,3978,byte_identical
thesis/data/runs/mad_etd_layered_security_governance_w266_w270/acceptance_report.json,data/runs/mad_etd_layered_security_governance_w266_w270/acceptance_report.json,aggregate,be613e3aefa8dd1851f2ca3d973ce1a8329fb9458c4e23580d872d4343a3850e,be613e3aefa8dd1851f2ca3d973ce1a8329fb9458c4e23580d872d4343a3850e,2224,byte_identical
thesis/data/runs/mad_etd_layered_security_governance_w266_w270/anonymous_capsule_report.json,data/runs/mad_etd_layered_security_governance_w266_w270/anonymous_capsule_report.json,aggregate,1bdc68913b9d0964ea59b38a763bd57e3df04aef225e7bc25871a37045970d77,1bdc68913b9d0964ea59b38a763bd57e3df04aef225e7bc25871a37045970d77,620,byte_identical
thesis/data/runs/mad_etd_layered_security_governance_w266_w270/claim_boundary.json,data/runs/mad_etd_layered_security_governance_w266_w270/claim_boundary.json,aggregate,0e6b19df989e0d5fac311b013e027c739b81b3635bc3b9ed881381fc9a3c76ad,0e6b19df989e0d5fac311b013e027c739b81b3635bc3b9ed881381fc9a3c76ad,775,byte_identical
thesis/data/runs/mad_etd_layered_security_governance_w266_w270/isolated_security_diagnostics.csv,data/runs/mad_etd_layered_security_governance_w266_w270/isolated_security_diagnostics.csv,aggregate,d6b4c53e5e150646966d97e9bf4bda8ca1c1c84408c20b0f2990f9b9f40fedb1,1e4312301abf3637e4dca38ed5b99782ccba48a92b4371af7ef66913e08e92da,624,utf8_bom_removed
thesis/data/runs/mad_etd_layered_security_governance_w266_w270/layer_responsibility_registry.csv,data/runs/mad_etd_layered_security_governance_w266_w270/layer_responsibility_registry.csv,aggregate,0c5eb9be82c4c0fe95b411c1818dd8d5021a41634e884791c084f02cbba654c3,99a5d02d366f9007ac5f01e9d2e67bbe6380d2cc5deb9ca06bb94022434ad75a,935,utf8_bom_removed
thesis/data/runs/mad_etd_layered_security_governance_w266_w270/layered_ablation_report.json,data/runs/mad_etd_layered_security_governance_w266_w270/layered_ablation_report.json,aggregate,036576ac43ee44cc66406f7069fbd8197d843f8cc6aeb982bd41f2d3a7a2b43c,036576ac43ee44cc66406f7069fbd8197d843f8cc6aeb982bd41f2d3a7a2b43c,868,byte_identical
thesis/data/runs/mad_etd_layered_security_governance_w266_w270/security_acceptance.json,data/runs/mad_etd_layered_security_governance_w266_w270/security_acceptance.json,aggregate,8dd728bc649f50e5a1df43cc36ec37ac583a2e3a60c27eb531f16411a5a5afd8,8dd728bc649f50e5a1df43cc36ec37ac583a2e3a60c27eb531f16411a5a5afd8,708,byte_identical
thesis/data/runs/mad_etd_layered_security_governance_w266_w270/threat_model_and_results.csv,data/runs/mad_etd_layered_security_governance_w266_w270/threat_model_and_results.csv,aggregate,a5040c60e2f7d787bc9363a2327c1c1131ad446e023adc25060035c6947129c9,9391f975f05c8b355f4dbf2fae815add44f384286971427b470ea42053b77a84,6512,utf8_bom_removed
thesis/data/runs/mad_etd_layered_security_governance_w266_w270/threat_model_report.json,data/runs/mad_etd_layered_security_governance_w266_w270/threat_model_report.json,aggregate,8820fa2b7181f59db3f2a5dd40c4bbb4611791a403e4b332fc24b9158f5155be,8820fa2b7181f59db3f2a5dd40c4bbb4611791a403e4b332fc24b9158f5155be,539,byte_identical
thesis/data/runs/mad_etd_nfiot_bot_targeted_performance_w96/acceptance_report.json,data/runs/mad_etd_nfiot_bot_targeted_performance_w96/acceptance_report.json,aggregate,5872026cbdd2765aded0410a755b6808859f02c3647a51a949d3703ffebce5eb,5872026cbdd2765aded0410a755b6808859f02c3647a51a949d3703ffebce5eb,3221,byte_identical
thesis/data/runs/mad_etd_nfiot_bot_targeted_performance_w96/bootstrap_ci_report.json,data/runs/mad_etd_nfiot_bot_targeted_performance_w96/bootstrap_ci_report.json,aggregate,cdf2d6ce92c40979d860955848b5231b3673bb432fa1b5e649793b80a1b79007,cdf2d6ce92c40979d860955848b5231b3673bb432fa1b5e649793b80a1b79007,484,byte_identical
thesis/data/runs/mad_etd_nfiot_bot_targeted_performance_w96/dataset_specific_feature_forensics.csv,data/runs/mad_etd_nfiot_bot_targeted_performance_w96/dataset_specific_feature_forensics.csv,aggregate,8933974dcbc83955118cadd0050d053564ae9f7f97cc75440493d7cd5f4ba2d2,ee723a300808915ff3f5a686d93faf7753547f92fea587d704050bd6080a765e,5947,utf8_bom_removed
thesis/data/runs/mad_etd_nfiot_bot_targeted_performance_w96/evaluation_report.json,data/runs/mad_etd_nfiot_bot_targeted_performance_w96/evaluation_report.json,aggregate,eb8d46b55d220107740a3b9a8b57357dc5e3c3ccaa5eb06a9f0967a768d517cd,eb8d46b55d220107740a3b9a8b57357dc5e3c3ccaa5eb06a9f0967a768d517cd,3080,byte_identical
thesis/data/runs/mad_etd_nfiot_bot_targeted_performance_w96/feature_forensics_report.json,data/runs/mad_etd_nfiot_bot_targeted_performance_w96/feature_forensics_report.json,aggregate,2fae09f838c5ba93c2c15ab3babc48c64199250da16aa4d4dbbe7922606aa73a,2fae09f838c5ba93c2c15ab3babc48c64199250da16aa4d4dbbe7922606aa73a,1736,byte_identical
thesis/data/runs/mad_etd_nfiot_bot_targeted_performance_w96/per_attack_diagnostic.csv,data/runs/mad_etd_nfiot_bot_targeted_performance_w96/per_attack_diagnostic.csv,aggregate,3bf1e05e9b29e74e34e564335808a1c04a1f91175c563f41a892dde0498621aa,14dddef358dc5f9f7dedecd998d6e81a54a29e65c839b3270efac8d837975408,197,utf8_bom_removed
thesis/data/runs/mad_etd_nfiot_bot_targeted_performance_w96/security_acceptance.json,data/runs/mad_etd_nfiot_bot_targeted_performance_w96/security_acceptance.json,aggregate,a4640e510e206a9ad60fd43b45ec52b6ddd3c71654be685e0594bd1415e083c8,a4640e510e206a9ad60fd43b45ec52b6ddd3c71654be685e0594bd1415e083c8,419,byte_identical
thesis/data/runs/mad_etd_nfiot_bot_targeted_performance_w96/tabm_training_report.json,data/runs/mad_etd_nfiot_bot_targeted_performance_w96/tabm_training_report.json,aggregate,702a92fbebabfc202cc274a0f29c655ad37c596870d0defeb63fb852d2595b5a,702a92fbebabfc202cc274a0f29c655ad37c596870d0defeb63fb852d2595b5a,310,byte_identical
thesis/data/runs/mad_etd_nfiot_bot_targeted_performance_w96/training_report.json,data/runs/mad_etd_nfiot_bot_targeted_performance_w96/training_report.json,aggregate,be661c7710b95d4400742b047dd053cf379100bd77e01a49a25c4635ed481ad7,be661c7710b95d4400742b047dd053cf379100bd77e01a49a25c4635ed481ad7,5187,byte_identical
thesis/data/runs/mad_etd_nfiot_bot_targeted_performance_w96/validation_candidate_results.csv,data/runs/mad_etd_nfiot_bot_targeted_performance_w96/validation_candidate_results.csv,aggregate,6753be25567219ddfaa72140814c8c1ae9b3987f554fb57b41a6f98a73b16675,315bfcaa6222109807e89f4dd04ef8840235894a69466767ae6536d580493606,6598,utf8_bom_removed
thesis/data/runs/mad_etd_nfiot_bot_targeted_performance_w96/validation_model_results.csv,data/runs/mad_etd_nfiot_bot_targeted_performance_w96/validation_model_results.csv,aggregate,64d182001522f72b54d21e1e6f4ba66dc628007549245112254d3988554500e2,0926cb69847ffcff13677ed0968f9820d2a47b1c8304d72c63d26a1fc6b4543b,1857,utf8_bom_removed
thesis/data/runs/mad_etd_nfiot_positive_replication_w45/acceptance_report.json,data/runs/mad_etd_nfiot_positive_replication_w45/acceptance_report.json,aggregate,feb917262df7081dc67469f41b896e3c50807cbb5cc3c5cd4bd5d2a18eb9f880,feb917262df7081dc67469f41b896e3c50807cbb5cc3c5cd4bd5d2a18eb9f880,1783,byte_identical
thesis/data/runs/mad_etd_nfiot_positive_replication_w45/baseline_results.csv,data/runs/mad_etd_nfiot_positive_replication_w45/baseline_results.csv,aggregate,d7f3f08587a377af4cc801a9f27cfc0222af29bbc289516f470057e6f79842ef,64fddbb09250ca91e44ec5a1fee04345f477424ddfa1c31178edd46a5c425296,1268,utf8_bom_removed
thesis/data/runs/mad_etd_nfiot_positive_replication_w45/calibration_results.csv,data/runs/mad_etd_nfiot_positive_replication_w45/calibration_results.csv,aggregate,eec8bec0f9c4d0def7ded702d8cecd68157f568709af63e6f6006faa9a5ac472,bbc54fc81cd0940878994baf97d3bfbf45c31f11e0dfac3bd28d3b6a027a905e,779,utf8_bom_removed
thesis/data/runs/mad_etd_nfiot_positive_replication_w45/paired_comparisons.csv,data/runs/mad_etd_nfiot_positive_replication_w45/paired_comparisons.csv,aggregate,eecef63f28badc1345854266960d9113a993410a8bf30f640fed97f2f3d1c263,634f4fbaa96f166af2248959bb52b0f91d13923d3e96b1fee2a9a5879ee03a0f,1153,utf8_bom_removed
thesis/data/runs/mad_etd_nfiot_positive_replication_w45/run_report.json,data/runs/mad_etd_nfiot_positive_replication_w45/run_report.json,aggregate,3ae3714b535d460ee19e1e4a1fb5239a45a4a59090bb598ebe20f54dfa5821ff,3ae3714b535d460ee19e1e4a1fb5239a45a4a59090bb598ebe20f54dfa5821ff,380,byte_identical
thesis/data/runs/mad_etd_nfiot_positive_replication_w45/runtime_reference_results.csv,data/runs/mad_etd_nfiot_positive_replication_w45/runtime_reference_results.csv,aggregate,b4bc5218f8f5a4331e755cd82158aae882351d2e6098244c9707b041142a29fd,cf01dcaa9388d7105fd1581974106ee74f04f2fef40506cef9a610f95f12e93c,1196,utf8_bom_removed
thesis/data/runs/mad_etd_nfiot_positive_replication_w45/security_acceptance.json,data/runs/mad_etd_nfiot_positive_replication_w45/security_acceptance.json,aggregate,56ac1932bcedf95f4ab67d2b74ba6fd7466b616c7b8d6eb06430b17ee48073a0,56ac1932bcedf95f4ab67d2b74ba6fd7466b616c7b8d6eb06430b17ee48073a0,542,byte_identical
thesis/data/runs/mad_etd_nfiot_positive_replication_w45/source_artifact_status.json,data/runs/mad_etd_nfiot_positive_replication_w45/source_artifact_status.json,aggregate,b582c1b7226cdc5002319a6712b9a749b53e964156d2a30c8f54ddfb7347c668,b582c1b7226cdc5002319a6712b9a749b53e964156d2a30c8f54ddfb7347c668,637,byte_identical
thesis/data/runs/mad_etd_nfiot_positive_statistical_validation_w46/acceptance_report.json,data/runs/mad_etd_nfiot_positive_statistical_validation_w46/acceptance_report.json,aggregate,9f3eb9e11d5b81ac038af4aacd933a4a3be56550c642585477ee7b022f8c8386,9f3eb9e11d5b81ac038af4aacd933a4a3be56550c642585477ee7b022f8c8386,2265,byte_identical
thesis/data/runs/mad_etd_nfiot_positive_statistical_validation_w46/bootstrap_ci_report.json,data/runs/mad_etd_nfiot_positive_statistical_validation_w46/bootstrap_ci_report.json,aggregate,b450125d7b22c7252e43453cbe24b48303413892ee818db74afaf192904410d5,b450125d7b22c7252e43453cbe24b48303413892ee818db74afaf192904410d5,947,byte_identical
thesis/data/runs/mad_etd_nfiot_positive_statistical_validation_w46/bootstrap_ci_results.csv,data/runs/mad_etd_nfiot_positive_statistical_validation_w46/bootstrap_ci_results.csv,aggregate,04b9f34bf4b2011ce63dd61325b4c33299d02f1d9097e01e674a38fc27af2ab9,f531c7f992ef28e0344e050190b338a75daecd68a0aec90a8912393d83ea4b8a,98344,utf8_bom_removed
thesis/data/runs/mad_etd_nfiot_positive_statistical_validation_w46/calibration_curve.csv,data/runs/mad_etd_nfiot_positive_statistical_validation_w46/calibration_curve.csv,aggregate,bb86c49cbed4c5c4f662b6ae7a1e8da29d9822797d32efb1447989fe20b9a5a8,fe9311424b71fc5cf676fcec07dbf2dfaa8a3c5c97fe2fcff7be27272e678dd4,1203,utf8_bom_removed
thesis/data/runs/mad_etd_nfiot_positive_statistical_validation_w46/run_report.json,data/runs/mad_etd_nfiot_positive_statistical_validation_w46/run_report.json,aggregate,48e23aa5e2220ee17042aae8dfcc3d8e8aeff7b8564149ce4fd95083ee27292e,48e23aa5e2220ee17042aae8dfcc3d8e8aeff7b8564149ce4fd95083ee27292e,377,byte_identical
thesis/data/runs/mad_etd_nfiot_positive_statistical_validation_w46/runtime_reference_results.csv,data/runs/mad_etd_nfiot_positive_statistical_validation_w46/runtime_reference_results.csv,aggregate,e144bb2e8250ddc95ee23c586c1b4c5f85de9a2f5c83953b3352c9fb7a466f48,f7d8e4d310147d2bfae2c3352114efdde3492723692d9604dc1949ceadb80d07,304,utf8_bom_removed
thesis/data/runs/mad_etd_nfiot_positive_statistical_validation_w46/security_acceptance.json,data/runs/mad_etd_nfiot_positive_statistical_validation_w46/security_acceptance.json,aggregate,91018d44d82add78a723b711ed4fbfd2eabfa09ade0433bde0b55c34e1350042,91018d44d82add78a723b711ed4fbfd2eabfa09ade0433bde0b55c34e1350042,553,byte_identical
thesis/data/runs/mad_etd_nfiot_positive_statistical_validation_w46/source_stratified_results.csv,data/runs/mad_etd_nfiot_positive_statistical_validation_w46/source_stratified_results.csv,aggregate,0393ab8c658dd29d56f62b01eb86c552ebd6d85d60d745e0c2eaecac4b436277,3b4048dff927af313ea3ac250df61502ebbd228d93262e45714b5af1fc3ecc27,619,utf8_bom_removed
thesis/data/runs/mad_etd_thesis_agent_framework_closure_v25/acceptance_report.json,data/runs/mad_etd_thesis_agent_framework_closure_v25/acceptance_report.json,aggregate,1191176164435714513800ac01d88f21e87ce74564097eb96a19e90fb3afc4e6,1191176164435714513800ac01d88f21e87ce74564097eb96a19e90fb3afc4e6,1048,byte_identical
thesis/data/runs/mad_etd_thesis_blindreview_closure_v26/acceptance_report.json,data/runs/mad_etd_thesis_blindreview_closure_v26/acceptance_report.json,aggregate,f5a07a052b87c28f661768c161877824ac9dff1ae0c1128859bfae08ed1d6fef,f5a07a052b87c28f661768c161877824ac9dff1ae0c1128859bfae08ed1d6fef,1332,byte_identical
thesis/data/runs/mad_etd_thesis_blindreview_closure_v26/claim_boundary.json,data/runs/mad_etd_thesis_blindreview_closure_v26/claim_boundary.json,aggregate,b8984d3480002ecb9912f0661775aeacb9e179bcd1bb46e89c590c60bb97803a,b8984d3480002ecb9912f0661775aeacb9e179bcd1bb46e89c590c60bb97803a,564,byte_identical
thesis/data/runs/mad_etd_thesis_blindreview_closure_v26/environment_snapshot.json,data/runs/mad_etd_thesis_blindreview_closure_v26/environment_snapshot.json,aggregate,c19bc5171dc080ab86560e1c747bba5d8837940431d37c07bc5722c7600e238c,c19bc5171dc080ab86560e1c747bba5d8837940431d37c07bc5722c7600e238c,260,byte_identical
thesis/data/runs/mad_etd_thesis_blindreview_closure_v26/fusion_risk_coverage_curve.csv,data/runs/mad_etd_thesis_blindreview_closure_v26/fusion_risk_coverage_curve.csv,aggregate,848c3ab64dcc245911594710d00cd4584d4fe842edb827464dd57ff11b8c19bf,a14a8ec844a3b42e13e6dc2654e3ab0ac044cf149b093c1628df0e86defc5496,666,utf8_bom_removed
thesis/data/runs/mad_etd_thesis_blindreview_closure_v26/fusion_risk_coverage_report.json,data/runs/mad_etd_thesis_blindreview_closure_v26/fusion_risk_coverage_report.json,aggregate,7a0e4b1f0d5a33610c0aa75f9ac804f7ae74e3383e2710ac3f56d58145ca47cb,7a0e4b1f0d5a33610c0aa75f9ac804f7ae74e3383e2710ac3f56d58145ca47cb,1285,byte_identical
thesis/data/runs/mad_etd_thesis_blindreview_closure_v26/tls_branch_activation_report.json,data/runs/mad_etd_thesis_blindreview_closure_v26/tls_branch_activation_report.json,aggregate,3372012b09d55361efac20165290421adb4549be034cbd52046054aca83eea2c,3372012b09d55361efac20165290421adb4549be034cbd52046054aca83eea2c,894,byte_identical
thesis/data/runs/mad_etd_thesis_blindreview_closure_v26/ustc_learned_gate_fold_results.csv,data/runs/mad_etd_thesis_blindreview_closure_v26/ustc_learned_gate_fold_results.csv,aggregate,c654e44d6f0dfbd20335f93bdd58813e2db2e08cbe69a698a40982c2fe4091d0,0d8a2f912ff59519de022892799d59f1e961140895e6c2db11b479e41c2b14b8,2057,utf8_bom_removed
thesis/data/runs/mad_etd_thesis_blindreview_closure_v26/ustc_learned_gate_metrics.csv,data/runs/mad_etd_thesis_blindreview_closure_v26/ustc_learned_gate_metrics.csv,aggregate,3ef9d9b5fa1748671fb0f263dd51dfd77bb675dfed57358a7afee2aee73f74fd,e375576082ead37ccff8afb8cb65ad2f0035765c933d7d5affa7c791b0295ef1,364,utf8_bom_removed
thesis/data/runs/mad_etd_thesis_blindreview_closure_v26/ustc_learned_gate_report.json,data/runs/mad_etd_thesis_blindreview_closure_v26/ustc_learned_gate_report.json,aggregate,32f572b783cb7bbebcd51ec3c55338694e7aadaeca6123c01d3d629919f3c5b0,32f572b783cb7bbebcd51ec3c55338694e7aadaeca6123c01d3d629919f3c5b0,2430,byte_identical
thesis/data/runs/mad_etd_thesis_fieldaudit_batch_pairing_v1/acceptance_report.json,data/runs/mad_etd_thesis_fieldaudit_batch_pairing_v1/acceptance_report.json,aggregate,ed7905e6b318fa3cc91627c7daeb84b44a0a0a5c9ca2532de29b3b6c42b118a2,ed7905e6b318fa3cc91627c7daeb84b44a0a0a5c9ca2532de29b3b6c42b118a2,1119,byte_identical
thesis/data/runs/mad_etd_thesis_fieldaudit_batch_pairing_v1/category_summary.csv,data/runs/mad_etd_thesis_fieldaudit_batch_pairing_v1/category_summary.csv,aggregate,8e5314e4c304bc3961fa60a554452f59266f8936a84c126bcc33d0bbefba6860,39ccffa1a26d1651619e8bcae0dad74b5a7bfa9e07e8ea58ffc8fb70eb1dc790,369,utf8_bom_removed
thesis/data/runs/mad_etd_thesis_fieldaudit_pairing_v1/acceptance_report.json,data/runs/mad_etd_thesis_fieldaudit_pairing_v1/acceptance_report.json,aggregate,dee0a07c2a1ff5c5d52a0a681e1f558de18c3a96246411d646998b6c53c67c6b,dee0a07c2a1ff5c5d52a0a681e1f558de18c3a96246411d646998b6c53c67c6b,733,byte_identical
thesis/data/runs/mad_etd_thesis_final_evidence_v21/acceptance_report.json,data/runs/mad_etd_thesis_final_evidence_v21/acceptance_report.json,aggregate,0da82bd8f591b498a40a8ae21eac01a5182eb350da3f5e84a3e6bd71bc087d1b,0da82bd8f591b498a40a8ae21eac01a5182eb350da3f5e84a3e6bd71bc087d1b,1082,byte_identical
thesis/data/runs/mad_etd_thesis_final_evidence_v21/audit_report.json,data/runs/mad_etd_thesis_final_evidence_v21/audit_report.json,aggregate,0fca748125f526c652d3f1866d702c80d844d5226332b489fc9153f2f01e372e,0fca748125f526c652d3f1866d702c80d844d5226332b489fc9153f2f01e372e,1001,byte_identical
thesis/data/runs/mad_etd_thesis_final_evidence_v21/evidence_claim_index.csv,data/runs/mad_etd_thesis_final_evidence_v21/evidence_claim_index.csv,aggregate,49357fa0f5291d852f9c70ae7c7cadca2e9d42e21aafb69e72774ba9f47cac24,22a70fca73e9fb280967d879d0e0acf3b0590476ed82f913dde6f2bf1cb5bbf8,6871,utf8_bom_removed
thesis/data/runs/mad_etd_thesis_final_evidence_v21/evidence_closure_report.json,data/runs/mad_etd_thesis_final_evidence_v21/evidence_closure_report.json,aggregate,9545f4d0ce60a41088ff16d638a1283e16cb870611bda2d50c3f561372c15bab,9545f4d0ce60a41088ff16d638a1283e16cb870611bda2d50c3f561372c15bab,876,byte_identical
thesis/data/runs/mad_etd_thesis_final_evidence_v21/external_comparison_evidence_tiers.csv,data/runs/mad_etd_thesis_final_evidence_v21/external_comparison_evidence_tiers.csv,aggregate,b8ae2f0b1d2cf1602664fe40d6c9baed19477deb08e850e034664a8a1fdb9bd0,cb35900d02b3f7ed6c332a583e8e7c615098ee21faec2530fb261742c610db25,464,utf8_bom_removed
thesis/data/runs/mad_etd_thesis_final_evidence_v21/learned_tls_results.csv,data/runs/mad_etd_thesis_final_evidence_v21/learned_tls_results.csv,aggregate,8084af17c9c255f7ee87070443d6104d8d596fb3f779dce2d4445966642fe9c8,d59bda6ae467eac8d926eed5881a4233b26040f26569bcac4a33980db066e85a,745,utf8_bom_removed
thesis/data/runs/mad_etd_thesis_final_evidence_v21/live_staged_routing_table.csv,data/runs/mad_etd_thesis_final_evidence_v21/live_staged_routing_table.csv,aggregate,7e38957bbf1a93f58760e2d976d67eefa1bf1b283db15e85b744423e155f1dff,776cf280d6f6a094f039501ec4a5399cdde206885d69950748c3303bebe73ead,502,utf8_bom_removed
thesis/data/runs/mad_etd_thesis_final_evidence_v21/n_baiot_multiseed/seed_42/agent_registry.csv,data/runs/mad_etd_thesis_final_evidence_v21/n_baiot_multiseed/seed_42/agent_registry.csv,aggregate,bd676b0666e3c6963dc2285a85c06634b79cf4d88bfdc1000f76a70881e328e3,5a093c9216d9d44675826ba404619a8d3d9057ce40f9251aea5e1f4d11f386d4,5189,utf8_bom_removed
thesis/data/runs/mad_etd_thesis_final_evidence_v21/n_baiot_multiseed/seed_42/training_report.json,data/runs/mad_etd_thesis_final_evidence_v21/n_baiot_multiseed/seed_42/training_report.json,aggregate,1602a1b5e36dd3b1bb4bef6623f9e25fa4007eac30174b6989080b40d658e2f2,1602a1b5e36dd3b1bb4bef6623f9e25fa4007eac30174b6989080b40d658e2f2,3270,byte_identical
thesis/data/runs/mad_etd_thesis_final_evidence_v21/n_baiot_multiseed/seed_42/validation_single_agent_results.csv,data/runs/mad_etd_thesis_final_evidence_v21/n_baiot_multiseed/seed_42/validation_single_agent_results.csv,aggregate,242489cfddc8ca011832c26afdd81f36ef8cbabd4b0da918e41d1f7ff84f3c8a,2ec55fdfcb48c1526b909c84b60123081baf3adecf6c037de6f5a469ac377e16,1365,utf8_bom_removed
thesis/data/runs/mad_etd_thesis_final_evidence_v21/n_baiot_multiseed/seed_43/agent_registry.csv,data/runs/mad_etd_thesis_final_evidence_v21/n_baiot_multiseed/seed_43/agent_registry.csv,aggregate,05ba0634f2e1192298e009709e18fd4d1b7fc2be8b84a001af1509b15a6a5fbc,1bfbb517a55b832040e17c521b1ee023ccf8d3c0ba1059ece07af84e1cf0b91a,5189,utf8_bom_removed
thesis/data/runs/mad_etd_thesis_final_evidence_v21/n_baiot_multiseed/seed_43/training_report.json,data/runs/mad_etd_thesis_final_evidence_v21/n_baiot_multiseed/seed_43/training_report.json,aggregate,6b463dbc0c27047ac82cb5ef71acda694db344e3bcad1ea473c7c8d9b84d5233,6b463dbc0c27047ac82cb5ef71acda694db344e3bcad1ea473c7c8d9b84d5233,3262,byte_identical
thesis/data/runs/mad_etd_thesis_final_evidence_v21/n_baiot_multiseed/seed_43/validation_single_agent_results.csv,data/runs/mad_etd_thesis_final_evidence_v21/n_baiot_multiseed/seed_43/validation_single_agent_results.csv,aggregate,46a6a159e8202109670c2475697c0ca3b9d7ab98d2ac7779350c56488cf0b680,3160402990966b75339767c3e252c90f627e1f78c7889cd5363593d437ae17f3,1371,utf8_bom_removed
thesis/data/runs/mad_etd_thesis_final_evidence_v21/n_baiot_multiseed/seed_44/agent_registry.csv,data/runs/mad_etd_thesis_final_evidence_v21/n_baiot_multiseed/seed_44/agent_registry.csv,aggregate,4aa8681402cb2cf17173ebe3f16f94c4c8fb74abe9b7a473743e97f4a58613ad,dc3a213b7f8ba126b885c0f69426e7de2afa11055d086c2a9fe28231a4f683ff,5189,utf8_bom_removed
thesis/data/runs/mad_etd_thesis_final_evidence_v21/n_baiot_multiseed/seed_44/training_report.json,data/runs/mad_etd_thesis_final_evidence_v21/n_baiot_multiseed/seed_44/training_report.json,aggregate,869cf6061a24aee25ef08ebfdca614c06649bef31ffbea36ff937a5e3ed9692b,869cf6061a24aee25ef08ebfdca614c06649bef31ffbea36ff937a5e3ed9692b,3274,byte_identical
thesis/data/runs/mad_etd_thesis_final_evidence_v21/n_baiot_multiseed/seed_44/validation_single_agent_results.csv,data/runs/mad_etd_thesis_final_evidence_v21/n_baiot_multiseed/seed_44/validation_single_agent_results.csv,aggregate,fad8054d1bda895decb05b989e07729bceed9eabe94152768da1639ecd981d7d,16c921550f673b768009e220db28d75f09605e59fd09ccae5fcc13c917c75096,1370,utf8_bom_removed
thesis/data/runs/mad_etd_thesis_final_evidence_v21/n_baiot_multiseed_report.json,data/runs/mad_etd_thesis_final_evidence_v21/n_baiot_multiseed_report.json,aggregate,f8a781833b003451b7e09b5845d11895e7ea3ac7fac28db39b3d8e43f0033159,f8a781833b003451b7e09b5845d11895e7ea3ac7fac28db39b3d8e43f0033159,3331,byte_identical
thesis/data/runs/mad_etd_thesis_final_evidence_v21/n_baiot_multiseed_results.csv,data/runs/mad_etd_thesis_final_evidence_v21/n_baiot_multiseed_results.csv,aggregate,6cd673ddaba2f99928f5729219b236c29c16afaaf9c8ada39acd28cb20df5ded,381e28d61055413a9090f8fae5b766bfef8eaea8a60b1d663eceeae1b010c65e,1024,utf8_bom_removed
thesis/data/runs/mad_etd_thesis_final_evidence_v21/negative_result_ledger.csv,data/runs/mad_etd_thesis_final_evidence_v21/negative_result_ledger.csv,aggregate,75daebd2fded7b318ee551ef5a1972e6fcb567ecf22a1903fe6a4e2930d770e1,c93188de584961a0ef2e68f58aaaa651de5d44d9e5bc34425f2da8c24f2d77f8,859,utf8_bom_removed
thesis/data/runs/mad_etd_thesis_final_evidence_v21/supervised_ood_results.csv,data/runs/mad_etd_thesis_final_evidence_v21/supervised_ood_results.csv,aggregate,b443cca475053aac3c6dcd7a28fed80f5c00c5e595f92c7df8f3c7d490663bd5,f236b1058f5cb6f2c1d3278b94d170db05568b5cc2ff2622b602157d8dabda7b,328,utf8_bom_removed
thesis/data/runs/mad_etd_thesis_final_evidence_v21/ustc_full_fusion_multiseed_negative.csv,data/runs/mad_etd_thesis_final_evidence_v21/ustc_full_fusion_multiseed_negative.csv,aggregate,ce99be786c6abf018fad8a74444382347b48b6563eb2efaa254cc5c72d229c63,f0f2c227b9d8ca3ed57e981ac011b628c0ee44c8f0f8914f95def80924d6b5ea,876,utf8_bom_removed
thesis/data/runs/mad_etd_thesis_final_evidence_v21/ustc_multiseed/seed_42/hybrid/factorial_ablation_results.csv,data/runs/mad_etd_thesis_final_evidence_v21/ustc_multiseed/seed_42/hybrid/factorial_ablation_results.csv,aggregate,27be5ed723ccc3ecfa6bc93479a0acafeefefd2aebef81d28bdb2de950073548,4e2d78bfd2d2ed371a8173e699c8744e6af0fc9306e50561ccd5fd20ee48b1bb,2233,utf8_bom_removed
thesis/data/runs/mad_etd_thesis_final_evidence_v21/ustc_multiseed/seed_42/hybrid/grouped_bootstrap.csv,data/runs/mad_etd_thesis_final_evidence_v21/ustc_multiseed/seed_42/hybrid/grouped_bootstrap.csv,aggregate,78c7772437a514aabf7e55ea175bb57065a53c0d1d87ef548edb3a7e118aeb03,90644e34ef6d246c7970e9b2ccf7e6a9fd7c33d99f2d554603f13e2dd7e11433,1696,utf8_bom_removed
thesis/data/runs/mad_etd_thesis_final_evidence_v21/ustc_multiseed/seed_42/hybrid/model_registry.csv,data/runs/mad_etd_thesis_final_evidence_v21/ustc_multiseed/seed_42/hybrid/model_registry.csv,aggregate,8191085ca949f1e4c15a3e4a8e463932f7d57a8b0e186ff8630d1c4ec7fc0d78,37ec4571997110e1ca5a216ee35f51d11cd6d88122be20dfb292e77151744665,14603,utf8_bom_removed
thesis/data/runs/mad_etd_thesis_final_evidence_v21/ustc_multiseed/seed_42/hybrid/protocol.json,data/runs/mad_etd_thesis_final_evidence_v21/ustc_multiseed/seed_42/hybrid/protocol.json,aggregate,3b35201655b273d650c624fb0edf764d1a64f4240262416057f42a10622e3133,3b35201655b273d650c624fb0edf764d1a64f4240262416057f42a10622e3133,1933,byte_identical
thesis/data/runs/mad_etd_thesis_final_evidence_v21/ustc_multiseed/seed_42/hybrid/training_report.json,data/runs/mad_etd_thesis_final_evidence_v21/ustc_multiseed/seed_42/hybrid/training_report.json,aggregate,b1313c98ab3e2db7ab84332c16d610230f2864f4978bfe55839aa8b98de66411,b1313c98ab3e2db7ab84332c16d610230f2864f4978bfe55839aa8b98de66411,4002,byte_identical
thesis/data/runs/mad_etd_thesis_final_evidence_v21/ustc_multiseed/seed_42/v61/bootstrap_ci_report.json,data/runs/mad_etd_thesis_final_evidence_v21/ustc_multiseed/seed_42/v61/bootstrap_ci_report.json,aggregate,72f1355973a2392c2a9f26b66e513ee9f2000bcc7608b120984b1d8def9f39cb,72f1355973a2392c2a9f26b66e513ee9f2000bcc7608b120984b1d8def9f39cb,357,byte_identical
thesis/data/runs/mad_etd_thesis_final_evidence_v21/ustc_multiseed/seed_42/v61/bootstrap_ci_results.csv,data/runs/mad_etd_thesis_final_evidence_v21/ustc_multiseed/seed_42/v61/bootstrap_ci_results.csv,aggregate,28c0b11e0ff71a10365c0fa59e9a2b0cb27e8b6e354b1321c6b34f9e777104c8,61488e8ac82582ee48553f18bcc7b1fee75b4b3244a7d2d2059c4a9b6874a6e1,46419,utf8_bom_removed
thesis/data/runs/mad_etd_thesis_final_evidence_v21/ustc_multiseed/seed_42/v61/fresh_acceptance_report.json,data/runs/mad_etd_thesis_final_evidence_v21/ustc_multiseed/seed_42/v61/fresh_acceptance_report.json,aggregate,44d5554337c89a50a4427a2d6aaed157cac53a6c6bc3214b4e9a4daa9560d385,44d5554337c89a50a4427a2d6aaed157cac53a6c6bc3214b4e9a4daa9560d385,879,byte_identical
thesis/data/runs/mad_etd_thesis_final_evidence_v21/ustc_multiseed/seed_42/v61/group_results.csv,data/runs/mad_etd_thesis_final_evidence_v21/ustc_multiseed/seed_42/v61/group_results.csv,aggregate,5b22d38872850ff92efb5d34188379a140ec6ad6c3d7d67aaff0c4b78e94d39d,459acf836f378e1d5ed84b1d663ea2f357db1dddf10fb027c31275c52a46ea29,1343,utf8_bom_removed
thesis/data/runs/mad_etd_thesis_final_evidence_v21/ustc_multiseed/seed_42/v61/meta_policy_cv_folds.csv,data/runs/mad_etd_thesis_final_evidence_v21/ustc_multiseed/seed_42/v61/meta_policy_cv_folds.csv,aggregate,1a42fa5407d688e2288c570f71000b3d1e1024692f1b3daa36c89b10308ccd73,6e7b75043857ee7e4257856b835f571bcd97cc41ff0969d19b99dbd9785a3b2e,184,utf8_bom_removed
thesis/data/runs/mad_etd_thesis_final_evidence_v21/ustc_multiseed/seed_42/v61/performance_report.json,data/runs/mad_etd_thesis_final_evidence_v21/ustc_multiseed/seed_42/v61/performance_report.json,aggregate,0219453f292acdfbf9069249f99bdcd4f5bbfd8431b1505ab4373bf4f2fa033a,0219453f292acdfbf9069249f99bdcd4f5bbfd8431b1505ab4373bf4f2fa033a,2596,byte_identical
thesis/data/runs/mad_etd_thesis_final_evidence_v21/ustc_multiseed/seed_42/v61/runtime_comparison.csv,data/runs/mad_etd_thesis_final_evidence_v21/ustc_multiseed/seed_42/v61/runtime_comparison.csv,aggregate,7981d8cd700bb6a1d2c6f1a83d9c0958c7984b192b57536bbc273af26558bc89,c118c26f8a1805ced7cde679bee73baee77b3981d1d614178670dfa01fc1d3c6,628,utf8_bom_removed
thesis/data/runs/mad_etd_thesis_final_evidence_v21/ustc_multiseed/seed_42/v61/security_acceptance.json,data/runs/mad_etd_thesis_final_evidence_v21/ustc_multiseed/seed_42/v61/security_acceptance.json,aggregate,98eb9fe845c6e659620b5b838935162dfdebd37d34cfa62a5d9cf08b925688a6,98eb9fe845c6e659620b5b838935162dfdebd37d34cfa62a5d9cf08b925688a6,378,byte_identical
thesis/data/runs/mad_etd_thesis_final_evidence_v21/ustc_multiseed/seed_42/v61/training_report.json,data/runs/mad_etd_thesis_final_evidence_v21/ustc_multiseed/seed_42/v61/training_report.json,aggregate,6a05457eb5d45d09cee1761048a5e1ff6b94b60db057be97ad558cb662784ec9,6a05457eb5d45d09cee1761048a5e1ff6b94b60db057be97ad558cb662784ec9,2324,byte_identical
thesis/data/runs/mad_etd_thesis_final_evidence_v21/ustc_multiseed/seed_43/hybrid/factorial_ablation_results.csv,data/runs/mad_etd_thesis_final_evidence_v21/ustc_multiseed/seed_43/hybrid/factorial_ablation_results.csv,aggregate,38762326d091e2ee7d06c44bb5ea42e1661855a83fd34f5ea51c5ea23de2bc08,867c0492bb80c30ce8aa1d0bba1e4c2e0841090fdb3576e279f7a9b6a4444a46,2138,utf8_bom_removed
thesis/data/runs/mad_etd_thesis_final_evidence_v21/ustc_multiseed/seed_43/hybrid/grouped_bootstrap.csv,data/runs/mad_etd_thesis_final_evidence_v21/ustc_multiseed/seed_43/hybrid/grouped_bootstrap.csv,aggregate,2076ddea7f6c3c290ab2fcad4be9e6f840e82b0f555d2ed62b69247e35c5c51f,3d8a75ac1415d3ce1a1a9e6d554fa82fc42b7ba334637030beb3300822a2a33d,1687,utf8_bom_removed
thesis/data/runs/mad_etd_thesis_final_evidence_v21/ustc_multiseed/seed_43/hybrid/model_registry.csv,data/runs/mad_etd_thesis_final_evidence_v21/ustc_multiseed/seed_43/hybrid/model_registry.csv,aggregate,d8d98350c6f243fcf071e2669d811bcd80615ef8256f96a06a06cd755a2a96a8,422bb527f1d5e4614d621828fbef78ca09922c403b2199f4a05be798d6a403d9,14608,utf8_bom_removed
thesis/data/runs/mad_etd_thesis_final_evidence_v21/ustc_multiseed/seed_43/hybrid/protocol.json,data/runs/mad_etd_thesis_final_evidence_v21/ustc_multiseed/seed_43/hybrid/protocol.json,aggregate,3b35201655b273d650c624fb0edf764d1a64f4240262416057f42a10622e3133,3b35201655b273d650c624fb0edf764d1a64f4240262416057f42a10622e3133,1933,byte_identical
thesis/data/runs/mad_etd_thesis_final_evidence_v21/ustc_multiseed/seed_43/hybrid/training_report.json,data/runs/mad_etd_thesis_final_evidence_v21/ustc_multiseed/seed_43/hybrid/training_report.json,aggregate,a9ded987411a1c90dc3ff3f6517753ef8c36672aa88e667f28db47da1d7d7c38,a9ded987411a1c90dc3ff3f6517753ef8c36672aa88e667f28db47da1d7d7c38,3992,byte_identical
thesis/data/runs/mad_etd_thesis_final_evidence_v21/ustc_multiseed/seed_43/v61/bootstrap_ci_report.json,data/runs/mad_etd_thesis_final_evidence_v21/ustc_multiseed/seed_43/v61/bootstrap_ci_report.json,aggregate,e4ceb3e4c308ab4e91a83b95b295c1f07ff1067084692878febe673c596abea4,e4ceb3e4c308ab4e91a83b95b295c1f07ff1067084692878febe673c596abea4,256,byte_identical
thesis/data/runs/mad_etd_thesis_final_evidence_v21/ustc_multiseed/seed_43/v61/bootstrap_ci_results.csv,data/runs/mad_etd_thesis_final_evidence_v21/ustc_multiseed/seed_43/v61/bootstrap_ci_results.csv,aggregate,83e21473b068287697ec1f4954c62e66b198fd635778cd0c001d3053f1781a67,4fcd24aa7bdab798ae3fdff4dcfcd6f54850da3ac76c334818d94ddf6c2c73fb,12966,utf8_bom_removed
thesis/data/runs/mad_etd_thesis_final_evidence_v21/ustc_multiseed/seed_43/v61/fresh_acceptance_report.json,data/runs/mad_etd_thesis_final_evidence_v21/ustc_multiseed/seed_43/v61/fresh_acceptance_report.json,aggregate,44d5554337c89a50a4427a2d6aaed157cac53a6c6bc3214b4e9a4daa9560d385,44d5554337c89a50a4427a2d6aaed157cac53a6c6bc3214b4e9a4daa9560d385,879,byte_identical
thesis/data/runs/mad_etd_thesis_final_evidence_v21/ustc_multiseed/seed_43/v61/group_results.csv,data/runs/mad_etd_thesis_final_evidence_v21/ustc_multiseed/seed_43/v61/group_results.csv,aggregate,f1bf51813c6e562487025b3da1ac2882860924a8aa241af2566eabc303e95431,ba90c8072ae89adf4774679aca38b24110ed9ca38d94f52470f90eccc27d3bf4,1295,utf8_bom_removed
thesis/data/runs/mad_etd_thesis_final_evidence_v21/ustc_multiseed/seed_43/v61/meta_policy_cv_folds.csv,data/runs/mad_etd_thesis_final_evidence_v21/ustc_multiseed/seed_43/v61/meta_policy_cv_folds.csv,aggregate,7dc2b4158cced86c74d08d9745cbf519ae195a48d3a4c100263a140ef4ca84f7,6dccb105f4bc7a382bfafff0d7a236e10a4941edad96b0a3aa45c6cd5ff22a0d,186,utf8_bom_removed
thesis/data/runs/mad_etd_thesis_final_evidence_v21/ustc_multiseed/seed_43/v61/performance_report.json,data/runs/mad_etd_thesis_final_evidence_v21/ustc_multiseed/seed_43/v61/performance_report.json,aggregate,ae0e4d3ddcb55ff8b2390d9329f06d8fd24d4adc54c9ba1a643614351dab6369,ae0e4d3ddcb55ff8b2390d9329f06d8fd24d4adc54c9ba1a643614351dab6369,2385,byte_identical
thesis/data/runs/mad_etd_thesis_final_evidence_v21/ustc_multiseed/seed_43/v61/runtime_comparison.csv,data/runs/mad_etd_thesis_final_evidence_v21/ustc_multiseed/seed_43/v61/runtime_comparison.csv,aggregate,25aeb044be5c75a2d3316c29a9f9cc84dfd175ba31c70534ed3ca3786c7d3045,d3dc1982c8f2d9132e9fa77075969cb689d09df760a8154eb786dd63725d32ff,631,utf8_bom_removed
thesis/data/runs/mad_etd_thesis_final_evidence_v21/ustc_multiseed/seed_43/v61/security_acceptance.json,data/runs/mad_etd_thesis_final_evidence_v21/ustc_multiseed/seed_43/v61/security_acceptance.json,aggregate,98eb9fe845c6e659620b5b838935162dfdebd37d34cfa62a5d9cf08b925688a6,98eb9fe845c6e659620b5b838935162dfdebd37d34cfa62a5d9cf08b925688a6,378,byte_identical
thesis/data/runs/mad_etd_thesis_final_evidence_v21/ustc_multiseed/seed_43/v61/training_report.json,data/runs/mad_etd_thesis_final_evidence_v21/ustc_multiseed/seed_43/v61/training_report.json,aggregate,ba7f18a6a4865bb0b364a3004720f36ebce4108167eb97ce147d113c1fbfcb70,ba7f18a6a4865bb0b364a3004720f36ebce4108167eb97ce147d113c1fbfcb70,2273,byte_identical
thesis/data/runs/mad_etd_thesis_final_evidence_v21/ustc_multiseed/seed_44/hybrid/factorial_ablation_results.csv,data/runs/mad_etd_thesis_final_evidence_v21/ustc_multiseed/seed_44/hybrid/factorial_ablation_results.csv,aggregate,0f70fb77d9dda94db950060a6cd83db1f1e74e6e6ccddbdef5acecaf236bea21,719596b6ae86277200ae9828c7fec280ff55d5e55843191e369203b7f35c2a1a,2220,utf8_bom_removed
thesis/data/runs/mad_etd_thesis_final_evidence_v21/ustc_multiseed/seed_44/hybrid/grouped_bootstrap.csv,data/runs/mad_etd_thesis_final_evidence_v21/ustc_multiseed/seed_44/hybrid/grouped_bootstrap.csv,aggregate,acc44a3a6be03a2e0f99aeb8ec758991f71c77c8de040ad3e0a0e0607f25ea43,c68da590a044e7c911377c22cfea6de0508a6a194b429b4b2fecd1853adcd81f,1693,utf8_bom_removed
thesis/data/runs/mad_etd_thesis_final_evidence_v21/ustc_multiseed/seed_44/hybrid/model_registry.csv,data/runs/mad_etd_thesis_final_evidence_v21/ustc_multiseed/seed_44/hybrid/model_registry.csv,aggregate,6ed82b25d54d4886cbfd2cfd7ee35bdcee7ce76af76a52f59a564aa64c47429a,6a5b827b4f96bd8036f002faaac843107bb3a8ec474c086d20d150dfee65a65e,14618,utf8_bom_removed
thesis/data/runs/mad_etd_thesis_final_evidence_v21/ustc_multiseed/seed_44/hybrid/protocol.json,data/runs/mad_etd_thesis_final_evidence_v21/ustc_multiseed/seed_44/hybrid/protocol.json,aggregate,3b35201655b273d650c624fb0edf764d1a64f4240262416057f42a10622e3133,3b35201655b273d650c624fb0edf764d1a64f4240262416057f42a10622e3133,1933,byte_identical
thesis/data/runs/mad_etd_thesis_final_evidence_v21/ustc_multiseed/seed_44/hybrid/training_report.json,data/runs/mad_etd_thesis_final_evidence_v21/ustc_multiseed/seed_44/hybrid/training_report.json,aggregate,5a327f34962e8430cbfd2155d01a10beb7f42ab74e2db24dc090e9c1a0f63d47,5a327f34962e8430cbfd2155d01a10beb7f42ab74e2db24dc090e9c1a0f63d47,4029,byte_identical
thesis/data/runs/mad_etd_thesis_final_evidence_v21/ustc_multiseed/seed_44/v61/bootstrap_ci_report.json,data/runs/mad_etd_thesis_final_evidence_v21/ustc_multiseed/seed_44/v61/bootstrap_ci_report.json,aggregate,e4ceb3e4c308ab4e91a83b95b295c1f07ff1067084692878febe673c596abea4,e4ceb3e4c308ab4e91a83b95b295c1f07ff1067084692878febe673c596abea4,256,byte_identical
thesis/data/runs/mad_etd_thesis_final_evidence_v21/ustc_multiseed/seed_44/v61/bootstrap_ci_results.csv,data/runs/mad_etd_thesis_final_evidence_v21/ustc_multiseed/seed_44/v61/bootstrap_ci_results.csv,aggregate,83e21473b068287697ec1f4954c62e66b198fd635778cd0c001d3053f1781a67,4fcd24aa7bdab798ae3fdff4dcfcd6f54850da3ac76c334818d94ddf6c2c73fb,12966,utf8_bom_removed
thesis/data/runs/mad_etd_thesis_final_evidence_v21/ustc_multiseed/seed_44/v61/fresh_acceptance_report.json,data/runs/mad_etd_thesis_final_evidence_v21/ustc_multiseed/seed_44/v61/fresh_acceptance_report.json,aggregate,44d5554337c89a50a4427a2d6aaed157cac53a6c6bc3214b4e9a4daa9560d385,44d5554337c89a50a4427a2d6aaed157cac53a6c6bc3214b4e9a4daa9560d385,879,byte_identical
thesis/data/runs/mad_etd_thesis_final_evidence_v21/ustc_multiseed/seed_44/v61/group_results.csv,data/runs/mad_etd_thesis_final_evidence_v21/ustc_multiseed/seed_44/v61/group_results.csv,aggregate,6d76d9fb4372d51be1cc35c5c34ecc094860aa42e255d01a9adae78f0f2594a6,68ed5379738e5cc45778341ba516faa2201a987643e8010141c0f38efacf8e37,1294,utf8_bom_removed
thesis/data/runs/mad_etd_thesis_final_evidence_v21/ustc_multiseed/seed_44/v61/meta_policy_cv_folds.csv,data/runs/mad_etd_thesis_final_evidence_v21/ustc_multiseed/seed_44/v61/meta_policy_cv_folds.csv,aggregate,a935a71a360495eec0c6977b0115166076987c58ff6074055fd65f38f9fac6fc,361ab61fb95e0845cd6afc550d618d8fb0fb035688cfcdfc2f881b6ffd3e854c,183,utf8_bom_removed
thesis/data/runs/mad_etd_thesis_final_evidence_v21/ustc_multiseed/seed_44/v61/performance_report.json,data/runs/mad_etd_thesis_final_evidence_v21/ustc_multiseed/seed_44/v61/performance_report.json,aggregate,4a336fddd41e67e54cc57d5b4ffb1b07a9f43eea0fd51e4a7c58e9e29418c890,4a336fddd41e67e54cc57d5b4ffb1b07a9f43eea0fd51e4a7c58e9e29418c890,2370,byte_identical
thesis/data/runs/mad_etd_thesis_final_evidence_v21/ustc_multiseed/seed_44/v61/runtime_comparison.csv,data/runs/mad_etd_thesis_final_evidence_v21/ustc_multiseed/seed_44/v61/runtime_comparison.csv,aggregate,86e25b7643d1a13782c4676c8d3ff7645ed2a86e9b43a60dcd1a1057315bb6f9,3534eb3dfb3cf717d11bf38aa184e0246a2565690664cc01663f834927bb6dde,629,utf8_bom_removed
thesis/data/runs/mad_etd_thesis_final_evidence_v21/ustc_multiseed/seed_44/v61/security_acceptance.json,data/runs/mad_etd_thesis_final_evidence_v21/ustc_multiseed/seed_44/v61/security_acceptance.json,aggregate,98eb9fe845c6e659620b5b838935162dfdebd37d34cfa62a5d9cf08b925688a6,98eb9fe845c6e659620b5b838935162dfdebd37d34cfa62a5d9cf08b925688a6,378,byte_identical
thesis/data/runs/mad_etd_thesis_final_evidence_v21/ustc_multiseed/seed_44/v61/training_report.json,data/runs/mad_etd_thesis_final_evidence_v21/ustc_multiseed/seed_44/v61/training_report.json,aggregate,684296198615ea3f820f9a31c4f64d8b2cc990aa000394e87cd4ea5d6d6176b9,684296198615ea3f820f9a31c4f64d8b2cc990aa000394e87cd4ea5d6d6176b9,2314,byte_identical
thesis/data/runs/mad_etd_thesis_final_evidence_v21/ustc_multiseed_report.json,data/runs/mad_etd_thesis_final_evidence_v21/ustc_multiseed_report.json,aggregate,c3db4e8b563177c7061239465dc6d2e4199c09604d50a401470b780ba634fd83,c3db4e8b563177c7061239465dc6d2e4199c09604d50a401470b780ba634fd83,3189,byte_identical
thesis/data/runs/mad_etd_thesis_final_evidence_v21/ustc_multiseed_results.csv,data/runs/mad_etd_thesis_final_evidence_v21/ustc_multiseed_results.csv,aggregate,4e7b428100d2c96ceba0696507190d09b238d7210900677ed1f4f41d088d440c,177641b7792801202a2617cb29320047ba760191d7bf564a27d0afe8705fe6b0,799,utf8_bom_removed
thesis/data/runs/mad_etd_thesis_final_experiment_closure_v20/acceptance_report.json,data/runs/mad_etd_thesis_final_experiment_closure_v20/acceptance_report.json,aggregate,a5fc53a30aebbe42d90f2966a1f8d192510e7e1cce0a92910969e6f6b1fd8e4f,a5fc53a30aebbe42d90f2966a1f8d192510e7e1cce0a92910969e6f6b1fd8e4f,3869,byte_identical
thesis/data/runs/mad_etd_thesis_final_experiment_closure_v20/citable_external_multiagent_context.csv,data/runs/mad_etd_thesis_final_experiment_closure_v20/citable_external_multiagent_context.csv,aggregate,ab43377a64dfa1fa885898aeea6217de858c588c20f7c49a872a9683c17bf406,16362dec57239b71e426043fbdda8c54e29da518feb5e9ba88917019b1c4836d,3546,utf8_bom_removed
thesis/data/runs/mad_etd_thesis_final_experiment_closure_v20/claim_boundary.json,data/runs/mad_etd_thesis_final_experiment_closure_v20/claim_boundary.json,aggregate,f20f6fde6181128ee504e2bbd61260a502959511793ad00b181fdd5a3ff8f5a0,f20f6fde6181128ee504e2bbd61260a502959511793ad00b181fdd5a3ff8f5a0,1044,byte_identical
thesis/data/runs/mad_etd_thesis_final_experiment_closure_v20/fusion_robustness_by_perturbation.csv,data/runs/mad_etd_thesis_final_experiment_closure_v20/fusion_robustness_by_perturbation.csv,aggregate,c48f7e4c99fbb22849a666042e6c9568886691b9eb2d9c9d2d8349c4fb93a319,436a8cfea6df16b19c0753cd8e344d57ba8aee4105d1dbfe3b06836853f2e284,533,utf8_bom_removed
thesis/data/runs/mad_etd_thesis_final_experiment_closure_v20/fusion_robustness_vs_probability_average.csv,data/runs/mad_etd_thesis_final_experiment_closure_v20/fusion_robustness_vs_probability_average.csv,aggregate,52cac980536aa1deba9da02ad68c35d22917299479fc79bd83fd5dfc002593fa,1ac76fa49cfcc697d9701dc32774cce5bd58d08e8c251836ad8260844fe7f9d0,692,utf8_bom_removed
thesis/data/runs/mad_etd_thesis_final_experiment_closure_v20/n_baiot_validation_static_baselines.csv,data/runs/mad_etd_thesis_final_experiment_closure_v20/n_baiot_validation_static_baselines.csv,aggregate,c8159cb601a179f925f193b6ab1d1ce322ebdc2d00f05fced479ad99bf2d4ca4,5221427373460f232b5832530b975f2c5d215576b9f396a6a5c6658d7b8a3cf6,3355,utf8_bom_removed
thesis/data/runs/mad_etd_thesis_final_experiment_closure_v20/paper_ready_citable_external_table.csv,data/runs/mad_etd_thesis_final_experiment_closure_v20/paper_ready_citable_external_table.csv,aggregate,ab43377a64dfa1fa885898aeea6217de858c588c20f7c49a872a9683c17bf406,16362dec57239b71e426043fbdda8c54e29da518feb5e9ba88917019b1c4836d,3546,utf8_bom_removed
thesis/data/runs/mad_etd_thesis_final_experiment_closure_v20/paper_ready_fusion_robustness_table.csv,data/runs/mad_etd_thesis_final_experiment_closure_v20/paper_ready_fusion_robustness_table.csv,aggregate,52cac980536aa1deba9da02ad68c35d22917299479fc79bd83fd5dfc002593fa,1ac76fa49cfcc697d9701dc32774cce5bd58d08e8c251836ad8260844fe7f9d0,692,utf8_bom_removed
thesis/data/runs/mad_etd_thesis_final_experiment_closure_v20/paper_ready_n_baiot_validation_diagnostic.csv,data/runs/mad_etd_thesis_final_experiment_closure_v20/paper_ready_n_baiot_validation_diagnostic.csv,aggregate,c8159cb601a179f925f193b6ab1d1ce322ebdc2d00f05fced479ad99bf2d4ca4,5221427373460f232b5832530b975f2c5d215576b9f396a6a5c6658d7b8a3cf6,3355,utf8_bom_removed
thesis/data/runs/mad_etd_thesis_final_experiment_closure_v20/paper_ready_ustc_ensemble_table.csv,data/runs/mad_etd_thesis_final_experiment_closure_v20/paper_ready_ustc_ensemble_table.csv,aggregate,e9175344d77a6970c893807c672e5a15a90e8223117ba775fe8dda338f053760,c7479136e0ae6c68192e5da890d0ce01037b37f84477e3a528eaabaa6e4b5add,1973,utf8_bom_removed
thesis/data/runs/mad_etd_thesis_final_experiment_closure_v20/ustc_baseline_pairwise_deltas.csv,data/runs/mad_etd_thesis_final_experiment_closure_v20/ustc_baseline_pairwise_deltas.csv,aggregate,83bef061bfbbf2b9a5dcdebcfbe7693682b351ca27d5ff628c49ced82f581077,3208dfae945b0413dabb763a8fc436b89715bcabdc21a8370499127574ccde54,815,utf8_bom_removed
thesis/data/runs/mad_etd_thesis_final_experiment_closure_v20/ustc_same_acceptance_static_baselines.csv,data/runs/mad_etd_thesis_final_experiment_closure_v20/ustc_same_acceptance_static_baselines.csv,aggregate,e9175344d77a6970c893807c672e5a15a90e8223117ba775fe8dda338f053760,c7479136e0ae6c68192e5da890d0ce01037b37f84477e3a528eaabaa6e4b5add,1973,utf8_bom_removed
thesis/data/runs/mad_etd_thesis_fusion_ablation_v1/acceptance_report.json,data/runs/mad_etd_thesis_fusion_ablation_v1/acceptance_report.json,aggregate,8176829f6ac5e6c8bea0c9addbb45f514d5eca2bb8a6a6a3062c4ae4f8b5431d,8176829f6ac5e6c8bea0c9addbb45f514d5eca2bb8a6a6a3062c4ae4f8b5431d,763,byte_identical
thesis/data/runs/mad_etd_thesis_fusion_ablation_v1/coverage_matched_results.csv,data/runs/mad_etd_thesis_fusion_ablation_v1/coverage_matched_results.csv,aggregate,379b8c1e4bd0720bf0240623669a4ac228a41573ef123892e0bd014648cba666,98c492ecee8fe03ef045e6c92349b84a91053d3aff8ece9d001cac09a4817c46,896,utf8_bom_removed
thesis/data/runs/mad_etd_thesis_fusion_ablation_v1/fusion_ablation_results.csv,data/runs/mad_etd_thesis_fusion_ablation_v1/fusion_ablation_results.csv,aggregate,2ebc3e2cd22351f4b88fd328c556baea7c8af3603565de135fcfb4605dd7bcfb,addc54922c2279bd242318850e4aaf3de0664e003282916ecdb06a554765da3b,799,utf8_bom_removed
thesis/data/runs/mad_etd_thesis_fusion_ablation_v1/protocol.json,data/runs/mad_etd_thesis_fusion_ablation_v1/protocol.json,aggregate,008200da58b397d70d54e322b6909db5b48177b915384c7fc82966339e3bd0df,6a10d0a0c64a67b3f058fd533672210c280a7fd8746e49084e33e6d573ee851c,920,absolute_workspace_path_to_relative
thesis/data/runs/mad_etd_thesis_fusion_mechanism_closure_v2/acceptance_report.json,data/runs/mad_etd_thesis_fusion_mechanism_closure_v2/acceptance_report.json,aggregate,12dfe706e8b4f672a3ccb0e6013d2e1b694713757f36b769ceac01d32be7a287,12dfe706e8b4f672a3ccb0e6013d2e1b694713757f36b769ceac01d32be7a287,311,byte_identical
thesis/data/runs/mad_etd_thesis_fusion_mechanism_closure_v2/fusion_mechanism_occurrence.csv,data/runs/mad_etd_thesis_fusion_mechanism_closure_v2/fusion_mechanism_occurrence.csv,aggregate,09b440531bd5f16b3294583f249f553b797be2f55b63b063b896598e3dccc0c4,09b440531bd5f16b3294583f249f553b797be2f55b63b063b896598e3dccc0c4,1775,byte_identical
thesis/data/runs/mad_etd_thesis_fusion_mechanism_closure_v2/fusion_state_transitions.csv,data/runs/mad_etd_thesis_fusion_mechanism_closure_v2/fusion_state_transitions.csv,aggregate,75891bf848161d598fd3c6b5a22763741a781cfd735a7fc822af720d318fc7c3,75891bf848161d598fd3c6b5a22763741a781cfd735a7fc822af720d318fc7c3,1740,byte_identical
thesis/data/runs/mad_etd_thesis_fusion_mechanism_closure_v2/fusion_threshold_sensitivity.csv,data/runs/mad_etd_thesis_fusion_mechanism_closure_v2/fusion_threshold_sensitivity.csv,aggregate,1337b16707a2fcec81cb7b4f0c5171ec3f13ae16435690b643b1a4ab11a813f1,1337b16707a2fcec81cb7b4f0c5171ec3f13ae16435690b643b1a4ab11a813f1,1694,byte_identical
thesis/data/runs/mad_etd_thesis_fusion_mechanism_closure_v2/matched_coverage_diagnostics.csv,data/runs/mad_etd_thesis_fusion_mechanism_closure_v2/matched_coverage_diagnostics.csv,aggregate,b2f31d5db1e830a9c0b2a94135c59d12339e22f274354b1ad4fdec4911dd5539,b2f31d5db1e830a9c0b2a94135c59d12339e22f274354b1ad4fdec4911dd5539,844,byte_identical
thesis/data/runs/mad_etd_thesis_fusion_mechanism_closure_v2/protocol.json,data/runs/mad_etd_thesis_fusion_mechanism_closure_v2/protocol.json,aggregate,1a53e410a213000811b7bae754bdecccceabceac1bda8ed9a2d7547fe5666a20,ec6e55d283df56a115ab1fa8aa6c053116bc7dce5d3967d3f8d29123a596681e,935,absolute_workspace_path_to_relative
thesis/data/runs/mad_etd_thesis_fusion_ranking_sensitivity_v1/acceptance_report.json,data/runs/mad_etd_thesis_fusion_ranking_sensitivity_v1/acceptance_report.json,aggregate,144d53c430001745facb6900d5fdb7684ae521fe6174558a377309b879af4ea0,144d53c430001745facb6900d5fdb7684ae521fe6174558a377309b879af4ea0,465,byte_identical
thesis/data/runs/mad_etd_thesis_fusion_ranking_sensitivity_v1/legacy_double_discount_results.csv,data/runs/mad_etd_thesis_fusion_ranking_sensitivity_v1/legacy_double_discount_results.csv,aggregate,f875a0f9db4ec57b33691717d7feb0699275b98be6a5c2e6e9b4d6b1c88d9dc9,b6e3b87daf9111d6d27fe7f7e593eaaf1c76a7e3ff42ec3a3d516b15b1af454b,765,utf8_bom_removed
thesis/data/runs/mad_etd_thesis_fusion_ranking_sensitivity_v1/primary_confidence_results.csv,data/runs/mad_etd_thesis_fusion_ranking_sensitivity_v1/primary_confidence_results.csv,aggregate,46c926810b9387a2786b3ce7cedec116f352934b05ae08d903e0aca9a257867c,c7f3f09d5ffeeb5415ffcc4f1a10a16dc37944e3bafbe0f0dc692ef367a04a0d,685,utf8_bom_removed
thesis/data/runs/mad_etd_thesis_fusion_ranking_sensitivity_v1/score_definition_sensitivity.csv,data/runs/mad_etd_thesis_fusion_ranking_sensitivity_v1/score_definition_sensitivity.csv,aggregate,b4fd14c1b9c803a0a80929600c18c55636e7e06dce0293b677b20c274380bed9,ae1db7b7698c0916590c0758f14f2413b284a7161d863fb1f486b2982ba5f25f,555,utf8_bom_removed
thesis/data/runs/mad_etd_thesis_hitl_protocol_closure_v1/hitl_timing_summary.csv,data/runs/mad_etd_thesis_hitl_protocol_closure_v1/hitl_timing_summary.csv,aggregate,9e3dee22ca6f31eabac3bc4316a80e2e8e3725b2e8bc97b6b2913bda4c9d9646,9e3dee22ca6f31eabac3bc4316a80e2e8e3725b2e8bc97b6b2913bda4c9d9646,219,byte_identical
thesis/data/runs/mad_etd_thesis_method_closure_v34/acceptance_report.json,data/runs/mad_etd_thesis_method_closure_v34/acceptance_report.json,aggregate,766b1a501a9a98662ca3b7c7744c350f7181e1962a2bac153e87ea31a9b5c1a7,766b1a501a9a98662ca3b7c7744c350f7181e1962a2bac153e87ea31a9b5c1a7,784,byte_identical
thesis/data/runs/mad_etd_thesis_method_closure_v34/claim_boundary.json,data/runs/mad_etd_thesis_method_closure_v34/claim_boundary.json,aggregate,b73e9a0c8d601afac772c426cad2d4dece28c0e1defbe4ed33e812d7fad8b158,b73e9a0c8d601afac772c426cad2d4dece28c0e1defbe4ed33e812d7fad8b158,893,byte_identical
thesis/data/runs/mad_etd_thesis_method_closure_v34/matched_perturbation_baselines.csv,data/runs/mad_etd_thesis_method_closure_v34/matched_perturbation_baselines.csv,aggregate,f174ab57f125d3c87089d2daccce6e02824970ec1120117c2ef9b0633666870b,cf08d6c639a869ff01f7082d67128d3783a5cb840ace1d70805abb22f3aca310,1332,utf8_bom_removed
thesis/data/runs/mad_etd_thesis_method_closure_v34/matched_perturbation_report.json,data/runs/mad_etd_thesis_method_closure_v34/matched_perturbation_report.json,aggregate,4ed7dd61701da1ac6e1e421c9fa4f1ef633ca0fdc1c8ab66d6089f571b03ec6c,4ed7dd61701da1ac6e1e421c9fa4f1ef633ca0fdc1c8ab66d6089f571b03ec6c,4441,byte_identical
thesis/data/runs/mad_etd_thesis_method_closure_v34/matched_rejection_baselines.csv,data/runs/mad_etd_thesis_method_closure_v34/matched_rejection_baselines.csv,aggregate,125d8fd9fad4eab15836461d7a2cf5aebb55fd9aab19281ef272011068e534ef,aefabe32c22ec6b02e5c227bacfeef9f4cfe1a4c236c6224a9198e459f2d807d,2136,utf8_bom_removed
thesis/data/runs/mad_etd_thesis_method_closure_v34/matched_rejection_report.json,data/runs/mad_etd_thesis_method_closure_v34/matched_rejection_report.json,aggregate,5789a4dd12162057b082790edafb0675c5c2afc68d0f0c58c997d5c77dc83d12,5789a4dd12162057b082790edafb0675c5c2afc68d0f0c58c997d5c77dc83d12,4224,byte_identical
thesis/data/runs/mad_etd_thesis_method_closure_v34/rejection_auc_summary.csv,data/runs/mad_etd_thesis_method_closure_v34/rejection_auc_summary.csv,aggregate,84d986f45db6293aea6e76a0a3888123c4ce324722003a0064125e66e12c6a5d,70e798be084e9954b948b29345885698d99df0f07a095ad4a297ea9d7c144b60,435,utf8_bom_removed
thesis/data/runs/mad_etd_thesis_method_closure_v34/rejection_risk_coverage_curve.csv,data/runs/mad_etd_thesis_method_closure_v34/rejection_risk_coverage_curve.csv,aggregate,37ad0e53511d8a46fcc09e51470687d58b5a76c7a1823e2154588ddafa3984b5,3b8e07c4c481d677f12ec1b32bad83359f438981474be515be4cdde6b0aa6e9d,17459,utf8_bom_removed
thesis/data/runs/mad_etd_thesis_nfiot_matched_coverage_v1/analysis_report.json,data/runs/mad_etd_thesis_nfiot_matched_coverage_v1/analysis_report.json,aggregate,7707358d42e54eeb41f220bd20f629e0620bd7937411f240eb632b6ae661d207,7707358d42e54eeb41f220bd20f629e0620bd7937411f240eb632b6ae661d207,703,byte_identical
thesis/data/runs/mad_etd_thesis_nfiot_matched_coverage_v1/aurc_results.csv,data/runs/mad_etd_thesis_nfiot_matched_coverage_v1/aurc_results.csv,aggregate,8e993b572cbe89853eb90f86618e40f24284c2f3ad4b9db761f72dbdc8d71409,b399f53b326c723ed75aeb72f6888c5c427571718c238f5213e1a2bb12acb7fe,291,utf8_bom_removed
thesis/data/runs/mad_etd_thesis_nfiot_matched_coverage_v1/matched_coverage_results.csv,data/runs/mad_etd_thesis_nfiot_matched_coverage_v1/matched_coverage_results.csv,aggregate,47ada0f345ada9e1bb97424c7398bb52a76c2a327a0e721a942141942840ac08,38619a70a166bab8b75ef85a7ec188a1246cfbd196054ab5913af5e69c8db239,696,utf8_bom_removed
thesis/data/runs/mad_etd_thesis_nfiot_matched_coverage_v1/source_stratified_diagnostics.csv,data/runs/mad_etd_thesis_nfiot_matched_coverage_v1/source_stratified_diagnostics.csv,aggregate,73c96cdee0b8d518aa2902a69b1686695d7957038b02cd6d07dffd835911eccd,8e07f51663e63447f74a2542ec46eec603456551a6e4df4955603ef56962e076,1038,utf8_bom_removed
thesis/data/runs/mad_etd_thesis_reviewer_closure_v24/acceptance_report.json,data/runs/mad_etd_thesis_reviewer_closure_v24/acceptance_report.json,aggregate,4a6fa78715e67c2d826a4d36e8101a614473db42a14f4c699eae169b603d71ad,4a6fa78715e67c2d826a4d36e8101a614473db42a14f4c699eae169b603d71ad,1041,byte_identical
thesis/data/runs/mad_etd_thesis_reviewer_closure_v24/budgeted_cascade_comparison.csv,data/runs/mad_etd_thesis_reviewer_closure_v24/budgeted_cascade_comparison.csv,aggregate,c1339965ededcadf9f90d98542ad6a991ec4089dca80fb11180358d299895c89,381940974bdc349c71fdb3e25afe9a2f8069110f7e752ddae7eefbbf4727bfd3,650,utf8_bom_removed
thesis/data/runs/mad_etd_thesis_reviewer_closure_v24/budgeted_cascade_report.json,data/runs/mad_etd_thesis_reviewer_closure_v24/budgeted_cascade_report.json,aggregate,f4447ea1527ea2dc0b842440693eeadb38b1d02314cb1e1d2627d8be825a2119,f4447ea1527ea2dc0b842440693eeadb38b1d02314cb1e1d2627d8be825a2119,804,byte_identical
thesis/data/runs/mad_etd_thesis_reviewer_closure_v24/environment_snapshot.json,data/runs/mad_etd_thesis_reviewer_closure_v24/environment_snapshot.json,aggregate,c8b3ec4019502ae50043f260399bd7ef57d8716a498441949c6db2d546bfa933,c8b3ec4019502ae50043f260399bd7ef57d8716a498441949c6db2d546bfa933,476,byte_identical
thesis/data/runs/mad_etd_thesis_reviewer_closure_v24/n_baiot_lodo_report.json,data/runs/mad_etd_thesis_reviewer_closure_v24/n_baiot_lodo_report.json,aggregate,195afa0ee7641e15757ffa2a38a896d726aeb9488bfd743ecb38b7c0ade6bbc4,195afa0ee7641e15757ffa2a38a896d726aeb9488bfd743ecb38b7c0ade6bbc4,891,byte_identical
thesis/data/runs/mad_etd_thesis_reviewer_closure_v24/n_baiot_lodo_results.csv,data/runs/mad_etd_thesis_reviewer_closure_v24/n_baiot_lodo_results.csv,aggregate,7572d7f164da96b95f21f7eda2576e3e1000ae6375ad14a197ce95b3397dabb1,2f5a0a7b088b2f4e0418a0595ca901adeae42e5498130b8420b054f6e6fa6fea,2651,utf8_bom_removed
thesis/data/runs/mad_etd_thesis_reviewer_closure_v24/nfiot_risk_coverage_curve.csv,data/runs/mad_etd_thesis_reviewer_closure_v24/nfiot_risk_coverage_curve.csv,aggregate,af227e27fe7dc17bbf678f8c52349943b6d218c5f7faea75f71ce9979efe9f3d,9fb5d77acb3839ddce0cc89745a7d43597993acd5bd6613f16d01cbb33eb0190,3505,utf8_bom_removed
thesis/data/runs/mad_etd_thesis_reviewer_closure_v24/nfiot_risk_coverage_report.json,data/runs/mad_etd_thesis_reviewer_closure_v24/nfiot_risk_coverage_report.json,aggregate,549ee12cbd39883b25de6ba8e15caa1691f5d2826592b40f2103e9a4fcc63929,549ee12cbd39883b25de6ba8e15caa1691f5d2826592b40f2103e9a4fcc63929,1022,byte_identical
thesis/data/runs/mad_etd_thesis_reviewer_closure_v24/ustc_factorial_contrasts.csv,data/runs/mad_etd_thesis_reviewer_closure_v24/ustc_factorial_contrasts.csv,aggregate,fc16f1062aacdd8310a1a1d68071a9b6d54a1ebf7dc62df38d4f79579ebabb90,45638cca46d7585af4cb91dad741a67efdb0b47bc87e7b84430112e32699558e,1105,utf8_bom_removed
thesis/data/runs/mad_etd_thesis_reviewer_closure_v24/ustc_factorial_fold_results.csv,data/runs/mad_etd_thesis_reviewer_closure_v24/ustc_factorial_fold_results.csv,aggregate,b6e122cb985087083093d45de1b4b9c2b8be758892ca50a0532670fb41ac8ef3,867268528e70c24f11592705d66668dc02448af294e1986de06df9f3a66458d4,3876,utf8_bom_removed
thesis/data/runs/mad_etd_thesis_reviewer_closure_v24/ustc_factorial_metrics.csv,data/runs/mad_etd_thesis_reviewer_closure_v24/ustc_factorial_metrics.csv,aggregate,21410daf13dbb67b416b21a2744185a5e5e946bf275b8765187cf49732185862,6dbe555befa0b0ba69e0436f006e8b19b83c4642b20c71930af5bae6f191a25e,591,utf8_bom_removed
thesis/data/runs/mad_etd_thesis_reviewer_closure_v24/ustc_factorial_report.json,data/runs/mad_etd_thesis_reviewer_closure_v24/ustc_factorial_report.json,aggregate,e18c6ed3ef4e7f209437d2d320c0c1ef0b748cb3b748ccd72012a4afa4f5913f,e18c6ed3ef4e7f209437d2d320c0c1ef0b748cb3b748ccd72012a4afa4f5913f,4705,byte_identical
thesis/data/runs/mad_etd_thesis_reviewer_closure_v24/ustc_ten_seed_internal/audit_report.json,data/runs/mad_etd_thesis_reviewer_closure_v24/ustc_ten_seed_internal/audit_report.json,aggregate,0fca748125f526c652d3f1866d702c80d844d5226332b489fc9153f2f01e372e,0fca748125f526c652d3f1866d702c80d844d5226332b489fc9153f2f01e372e,1001,byte_identical
thesis/data/runs/mad_etd_thesis_reviewer_closure_v24/ustc_ten_seed_internal/ustc_multiseed/seed_42/hybrid/factorial_ablation_results.csv,data/runs/mad_etd_thesis_reviewer_closure_v24/ustc_ten_seed_internal/ustc_multiseed/seed_42/hybrid/factorial_ablation_results.csv,aggregate,428f08b2f42925d49dd1cb118bfd79dddeb2a0183fc14a7266ad63f2240ffc58,7d5949bf47ed6df656c4c66f2464a1323e62891bd0d24179f02f6af34b727e60,2233,utf8_bom_removed
thesis/data/runs/mad_etd_thesis_reviewer_closure_v24/ustc_ten_seed_internal/ustc_multiseed/seed_42/hybrid/grouped_bootstrap.csv,data/runs/mad_etd_thesis_reviewer_closure_v24/ustc_ten_seed_internal/ustc_multiseed/seed_42/hybrid/grouped_bootstrap.csv,aggregate,78c7772437a514aabf7e55ea175bb57065a53c0d1d87ef548edb3a7e118aeb03,90644e34ef6d246c7970e9b2ccf7e6a9fd7c33d99f2d554603f13e2dd7e11433,1696,utf8_bom_removed
thesis/data/runs/mad_etd_thesis_reviewer_closure_v24/ustc_ten_seed_internal/ustc_multiseed/seed_42/hybrid/model_registry.csv,data/runs/mad_etd_thesis_reviewer_closure_v24/ustc_ten_seed_internal/ustc_multiseed/seed_42/hybrid/model_registry.csv,aggregate,d9467548d24a54889a80e2730fb8b8e48105a35b99fa28ef00e0bbe3f9eed070,8ad6866fe421c44aca47518429a55d11c53532a942322a90b9b86e55091f29d7,16080,utf8_bom_removed
thesis/data/runs/mad_etd_thesis_reviewer_closure_v24/ustc_ten_seed_internal/ustc_multiseed/seed_42/hybrid/protocol.json,data/runs/mad_etd_thesis_reviewer_closure_v24/ustc_ten_seed_internal/ustc_multiseed/seed_42/hybrid/protocol.json,aggregate,3b35201655b273d650c624fb0edf764d1a64f4240262416057f42a10622e3133,3b35201655b273d650c624fb0edf764d1a64f4240262416057f42a10622e3133,1933,byte_identical
thesis/data/runs/mad_etd_thesis_reviewer_closure_v24/ustc_ten_seed_internal/ustc_multiseed/seed_42/hybrid/training_report.json,data/runs/mad_etd_thesis_reviewer_closure_v24/ustc_ten_seed_internal/ustc_multiseed/seed_42/hybrid/training_report.json,aggregate,b1313c98ab3e2db7ab84332c16d610230f2864f4978bfe55839aa8b98de66411,b1313c98ab3e2db7ab84332c16d610230f2864f4978bfe55839aa8b98de66411,4002,byte_identical
thesis/data/runs/mad_etd_thesis_reviewer_closure_v24/ustc_ten_seed_internal/ustc_multiseed/seed_42/v61/bootstrap_ci_report.json,data/runs/mad_etd_thesis_reviewer_closure_v24/ustc_ten_seed_internal/ustc_multiseed/seed_42/v61/bootstrap_ci_report.json,aggregate,72f1355973a2392c2a9f26b66e513ee9f2000bcc7608b120984b1d8def9f39cb,72f1355973a2392c2a9f26b66e513ee9f2000bcc7608b120984b1d8def9f39cb,357,byte_identical
thesis/data/runs/mad_etd_thesis_reviewer_closure_v24/ustc_ten_seed_internal/ustc_multiseed/seed_42/v61/bootstrap_ci_results.csv,data/runs/mad_etd_thesis_reviewer_closure_v24/ustc_ten_seed_internal/ustc_multiseed/seed_42/v61/bootstrap_ci_results.csv,aggregate,28c0b11e0ff71a10365c0fa59e9a2b0cb27e8b6e354b1321c6b34f9e777104c8,61488e8ac82582ee48553f18bcc7b1fee75b4b3244a7d2d2059c4a9b6874a6e1,46419,utf8_bom_removed
thesis/data/runs/mad_etd_thesis_reviewer_closure_v24/ustc_ten_seed_internal/ustc_multiseed/seed_42/v61/fresh_acceptance_report.json,data/runs/mad_etd_thesis_reviewer_closure_v24/ustc_ten_seed_internal/ustc_multiseed/seed_42/v61/fresh_acceptance_report.json,aggregate,44d5554337c89a50a4427a2d6aaed157cac53a6c6bc3214b4e9a4daa9560d385,44d5554337c89a50a4427a2d6aaed157cac53a6c6bc3214b4e9a4daa9560d385,879,byte_identical
thesis/data/runs/mad_etd_thesis_reviewer_closure_v24/ustc_ten_seed_internal/ustc_multiseed/seed_42/v61/group_results.csv,data/runs/mad_etd_thesis_reviewer_closure_v24/ustc_ten_seed_internal/ustc_multiseed/seed_42/v61/group_results.csv,aggregate,5b22d38872850ff92efb5d34188379a140ec6ad6c3d7d67aaff0c4b78e94d39d,459acf836f378e1d5ed84b1d663ea2f357db1dddf10fb027c31275c52a46ea29,1343,utf8_bom_removed
thesis/data/runs/mad_etd_thesis_reviewer_closure_v24/ustc_ten_seed_internal/ustc_multiseed/seed_42/v61/meta_policy_cv_folds.csv,data/runs/mad_etd_thesis_reviewer_closure_v24/ustc_ten_seed_internal/ustc_multiseed/seed_42/v61/meta_policy_cv_folds.csv,aggregate,1a42fa5407d688e2288c570f71000b3d1e1024692f1b3daa36c89b10308ccd73,6e7b75043857ee7e4257856b835f571bcd97cc41ff0969d19b99dbd9785a3b2e,184,utf8_bom_removed
thesis/data/runs/mad_etd_thesis_reviewer_closure_v24/ustc_ten_seed_internal/ustc_multiseed/seed_42/v61/performance_report.json,data/runs/mad_etd_thesis_reviewer_closure_v24/ustc_ten_seed_internal/ustc_multiseed/seed_42/v61/performance_report.json,aggregate,0219453f292acdfbf9069249f99bdcd4f5bbfd8431b1505ab4373bf4f2fa033a,0219453f292acdfbf9069249f99bdcd4f5bbfd8431b1505ab4373bf4f2fa033a,2596,byte_identical
thesis/data/runs/mad_etd_thesis_reviewer_closure_v24/ustc_ten_seed_internal/ustc_multiseed/seed_42/v61/runtime_comparison.csv,data/runs/mad_etd_thesis_reviewer_closure_v24/ustc_ten_seed_internal/ustc_multiseed/seed_42/v61/runtime_comparison.csv,aggregate,7981d8cd700bb6a1d2c6f1a83d9c0958c7984b192b57536bbc273af26558bc89,c118c26f8a1805ced7cde679bee73baee77b3981d1d614178670dfa01fc1d3c6,628,utf8_bom_removed
thesis/data/runs/mad_etd_thesis_reviewer_closure_v24/ustc_ten_seed_internal/ustc_multiseed/seed_42/v61/security_acceptance.json,data/runs/mad_etd_thesis_reviewer_closure_v24/ustc_ten_seed_internal/ustc_multiseed/seed_42/v61/security_acceptance.json,aggregate,98eb9fe845c6e659620b5b838935162dfdebd37d34cfa62a5d9cf08b925688a6,98eb9fe845c6e659620b5b838935162dfdebd37d34cfa62a5d9cf08b925688a6,378,byte_identical
thesis/data/runs/mad_etd_thesis_reviewer_closure_v24/ustc_ten_seed_internal/ustc_multiseed/seed_42/v61/training_report.json,data/runs/mad_etd_thesis_reviewer_closure_v24/ustc_ten_seed_internal/ustc_multiseed/seed_42/v61/training_report.json,aggregate,0dd5ec6709563e78f1a1b26d116558b7e8b8425510e85fdcd689bac8ab56dc25,0dd5ec6709563e78f1a1b26d116558b7e8b8425510e85fdcd689bac8ab56dc25,2341,byte_identical
thesis/data/runs/mad_etd_thesis_reviewer_closure_v24/ustc_ten_seed_internal/ustc_multiseed/seed_43/hybrid/factorial_ablation_results.csv,data/runs/mad_etd_thesis_reviewer_closure_v24/ustc_ten_seed_internal/ustc_multiseed/seed_43/hybrid/factorial_ablation_results.csv,aggregate,e152109212d7131f171e46b0432e8fe31ae16525159b170dcb0585a3e8eb32f2,9b06e23438a9585e20e718116ab48903b8ddcf5a15949378995c667f72b62be9,2139,utf8_bom_removed
thesis/data/runs/mad_etd_thesis_reviewer_closure_v24/ustc_ten_seed_internal/ustc_multiseed/seed_43/hybrid/grouped_bootstrap.csv,data/runs/mad_etd_thesis_reviewer_closure_v24/ustc_ten_seed_internal/ustc_multiseed/seed_43/hybrid/grouped_bootstrap.csv,aggregate,2076ddea7f6c3c290ab2fcad4be9e6f840e82b0f555d2ed62b69247e35c5c51f,3d8a75ac1415d3ce1a1a9e6d554fa82fc42b7ba334637030beb3300822a2a33d,1687,utf8_bom_removed
thesis/data/runs/mad_etd_thesis_reviewer_closure_v24/ustc_ten_seed_internal/ustc_multiseed/seed_43/hybrid/model_registry.csv,data/runs/mad_etd_thesis_reviewer_closure_v24/ustc_ten_seed_internal/ustc_multiseed/seed_43/hybrid/model_registry.csv,aggregate,2f021a26d21220ac9432952e7067184e0d9e761ff6dbde01aaa1a904901d8f3d,50b7e3222bab7bd1f8ece7336ed2e717cff78431936fc230d76fc6fc70deddf1,16100,utf8_bom_removed
thesis/data/runs/mad_etd_thesis_reviewer_closure_v24/ustc_ten_seed_internal/ustc_multiseed/seed_43/hybrid/protocol.json,data/runs/mad_etd_thesis_reviewer_closure_v24/ustc_ten_seed_internal/ustc_multiseed/seed_43/hybrid/protocol.json,aggregate,3b35201655b273d650c624fb0edf764d1a64f4240262416057f42a10622e3133,3b35201655b273d650c624fb0edf764d1a64f4240262416057f42a10622e3133,1933,byte_identical
thesis/data/runs/mad_etd_thesis_reviewer_closure_v24/ustc_ten_seed_internal/ustc_multiseed/seed_43/hybrid/training_report.json,data/runs/mad_etd_thesis_reviewer_closure_v24/ustc_ten_seed_internal/ustc_multiseed/seed_43/hybrid/training_report.json,aggregate,9f1ce392a1f8cee91e475eaad7e5aa1e040da59d91e7851f22623abd96666625,9f1ce392a1f8cee91e475eaad7e5aa1e040da59d91e7851f22623abd96666625,3993,byte_identical
thesis/data/runs/mad_etd_thesis_reviewer_closure_v24/ustc_ten_seed_internal/ustc_multiseed/seed_43/v61/bootstrap_ci_report.json,data/runs/mad_etd_thesis_reviewer_closure_v24/ustc_ten_seed_internal/ustc_multiseed/seed_43/v61/bootstrap_ci_report.json,aggregate,e4ceb3e4c308ab4e91a83b95b295c1f07ff1067084692878febe673c596abea4,e4ceb3e4c308ab4e91a83b95b295c1f07ff1067084692878febe673c596abea4,256,byte_identical
thesis/data/runs/mad_etd_thesis_reviewer_closure_v24/ustc_ten_seed_internal/ustc_multiseed/seed_43/v61/bootstrap_ci_results.csv,data/runs/mad_etd_thesis_reviewer_closure_v24/ustc_ten_seed_internal/ustc_multiseed/seed_43/v61/bootstrap_ci_results.csv,aggregate,83e21473b068287697ec1f4954c62e66b198fd635778cd0c001d3053f1781a67,4fcd24aa7bdab798ae3fdff4dcfcd6f54850da3ac76c334818d94ddf6c2c73fb,12966,utf8_bom_removed
thesis/data/runs/mad_etd_thesis_reviewer_closure_v24/ustc_ten_seed_internal/ustc_multiseed/seed_43/v61/fresh_acceptance_report.json,data/runs/mad_etd_thesis_reviewer_closure_v24/ustc_ten_seed_internal/ustc_multiseed/seed_43/v61/fresh_acceptance_report.json,aggregate,44d5554337c89a50a4427a2d6aaed157cac53a6c6bc3214b4e9a4daa9560d385,44d5554337c89a50a4427a2d6aaed157cac53a6c6bc3214b4e9a4daa9560d385,879,byte_identical
thesis/data/runs/mad_etd_thesis_reviewer_closure_v24/ustc_ten_seed_internal/ustc_multiseed/seed_43/v61/group_results.csv,data/runs/mad_etd_thesis_reviewer_closure_v24/ustc_ten_seed_internal/ustc_multiseed/seed_43/v61/group_results.csv,aggregate,f1bf51813c6e562487025b3da1ac2882860924a8aa241af2566eabc303e95431,ba90c8072ae89adf4774679aca38b24110ed9ca38d94f52470f90eccc27d3bf4,1295,utf8_bom_removed
thesis/data/runs/mad_etd_thesis_reviewer_closure_v24/ustc_ten_seed_internal/ustc_multiseed/seed_43/v61/meta_policy_cv_folds.csv,data/runs/mad_etd_thesis_reviewer_closure_v24/ustc_ten_seed_internal/ustc_multiseed/seed_43/v61/meta_policy_cv_folds.csv,aggregate,7dc2b4158cced86c74d08d9745cbf519ae195a48d3a4c100263a140ef4ca84f7,6dccb105f4bc7a382bfafff0d7a236e10a4941edad96b0a3aa45c6cd5ff22a0d,186,utf8_bom_removed
thesis/data/runs/mad_etd_thesis_reviewer_closure_v24/ustc_ten_seed_internal/ustc_multiseed/seed_43/v61/performance_report.json,data/runs/mad_etd_thesis_reviewer_closure_v24/ustc_ten_seed_internal/ustc_multiseed/seed_43/v61/performance_report.json,aggregate,ae0e4d3ddcb55ff8b2390d9329f06d8fd24d4adc54c9ba1a643614351dab6369,ae0e4d3ddcb55ff8b2390d9329f06d8fd24d4adc54c9ba1a643614351dab6369,2385,byte_identical
thesis/data/runs/mad_etd_thesis_reviewer_closure_v24/ustc_ten_seed_internal/ustc_multiseed/seed_43/v61/runtime_comparison.csv,data/runs/mad_etd_thesis_reviewer_closure_v24/ustc_ten_seed_internal/ustc_multiseed/seed_43/v61/runtime_comparison.csv,aggregate,25aeb044be5c75a2d3316c29a9f9cc84dfd175ba31c70534ed3ca3786c7d3045,d3dc1982c8f2d9132e9fa77075969cb689d09df760a8154eb786dd63725d32ff,631,utf8_bom_removed
thesis/data/runs/mad_etd_thesis_reviewer_closure_v24/ustc_ten_seed_internal/ustc_multiseed/seed_43/v61/security_acceptance.json,data/runs/mad_etd_thesis_reviewer_closure_v24/ustc_ten_seed_internal/ustc_multiseed/seed_43/v61/security_acceptance.json,aggregate,98eb9fe845c6e659620b5b838935162dfdebd37d34cfa62a5d9cf08b925688a6,98eb9fe845c6e659620b5b838935162dfdebd37d34cfa62a5d9cf08b925688a6,378,byte_identical
thesis/data/runs/mad_etd_thesis_reviewer_closure_v24/ustc_ten_seed_internal/ustc_multiseed/seed_43/v61/training_report.json,data/runs/mad_etd_thesis_reviewer_closure_v24/ustc_ten_seed_internal/ustc_multiseed/seed_43/v61/training_report.json,aggregate,05dfb02bd115fa7285bdf323fb0e3f054741708cdab3ba61dc8fd241a341e221,05dfb02bd115fa7285bdf323fb0e3f054741708cdab3ba61dc8fd241a341e221,2290,byte_identical
thesis/data/runs/mad_etd_thesis_reviewer_closure_v24/ustc_ten_seed_internal/ustc_multiseed/seed_44/hybrid/factorial_ablation_results.csv,data/runs/mad_etd_thesis_reviewer_closure_v24/ustc_ten_seed_internal/ustc_multiseed/seed_44/hybrid/factorial_ablation_results.csv,aggregate,778c10d221ef494e605259d3a7bca548621165550cd348364ef3e9daf8c301a8,da62adcfcae2a86bad6a1913be82e910d0a917b492ee66a6c34ed4192ef352ff,2220,utf8_bom_removed
thesis/data/runs/mad_etd_thesis_reviewer_closure_v24/ustc_ten_seed_internal/ustc_multiseed/seed_44/hybrid/grouped_bootstrap.csv,data/runs/mad_etd_thesis_reviewer_closure_v24/ustc_ten_seed_internal/ustc_multiseed/seed_44/hybrid/grouped_bootstrap.csv,aggregate,acc44a3a6be03a2e0f99aeb8ec758991f71c77c8de040ad3e0a0e0607f25ea43,c68da590a044e7c911377c22cfea6de0508a6a194b429b4b2fecd1853adcd81f,1693,utf8_bom_removed
thesis/data/runs/mad_etd_thesis_reviewer_closure_v24/ustc_ten_seed_internal/ustc_multiseed/seed_44/hybrid/model_registry.csv,data/runs/mad_etd_thesis_reviewer_closure_v24/ustc_ten_seed_internal/ustc_multiseed/seed_44/hybrid/model_registry.csv,aggregate,fc8ded85a4a8f2f861d7a440f9345e8eef3fac80bb6be3f965d03c888704ecde,c4de9ce676ab8e8d473b2d8322155c0975e8e7a047fd295b134fd7ea14b04c74,16078,utf8_bom_removed
thesis/data/runs/mad_etd_thesis_reviewer_closure_v24/ustc_ten_seed_internal/ustc_multiseed/seed_44/hybrid/protocol.json,data/runs/mad_etd_thesis_reviewer_closure_v24/ustc_ten_seed_internal/ustc_multiseed/seed_44/hybrid/protocol.json,aggregate,3b35201655b273d650c624fb0edf764d1a64f4240262416057f42a10622e3133,3b35201655b273d650c624fb0edf764d1a64f4240262416057f42a10622e3133,1933,byte_identical
thesis/data/runs/mad_etd_thesis_reviewer_closure_v24/ustc_ten_seed_internal/ustc_multiseed/seed_44/hybrid/training_report.json,data/runs/mad_etd_thesis_reviewer_closure_v24/ustc_ten_seed_internal/ustc_multiseed/seed_44/hybrid/training_report.json,aggregate,5a327f34962e8430cbfd2155d01a10beb7f42ab74e2db24dc090e9c1a0f63d47,5a327f34962e8430cbfd2155d01a10beb7f42ab74e2db24dc090e9c1a0f63d47,4029,byte_identical
thesis/data/runs/mad_etd_thesis_reviewer_closure_v24/ustc_ten_seed_internal/ustc_multiseed/seed_44/v61/bootstrap_ci_report.json,data/runs/mad_etd_thesis_reviewer_closure_v24/ustc_ten_seed_internal/ustc_multiseed/seed_44/v61/bootstrap_ci_report.json,aggregate,e4ceb3e4c308ab4e91a83b95b295c1f07ff1067084692878febe673c596abea4,e4ceb3e4c308ab4e91a83b95b295c1f07ff1067084692878febe673c596abea4,256,byte_identical
thesis/data/runs/mad_etd_thesis_reviewer_closure_v24/ustc_ten_seed_internal/ustc_multiseed/seed_44/v61/bootstrap_ci_results.csv,data/runs/mad_etd_thesis_reviewer_closure_v24/ustc_ten_seed_internal/ustc_multiseed/seed_44/v61/bootstrap_ci_results.csv,aggregate,83e21473b068287697ec1f4954c62e66b198fd635778cd0c001d3053f1781a67,4fcd24aa7bdab798ae3fdff4dcfcd6f54850da3ac76c334818d94ddf6c2c73fb,12966,utf8_bom_removed
thesis/data/runs/mad_etd_thesis_reviewer_closure_v24/ustc_ten_seed_internal/ustc_multiseed/seed_44/v61/fresh_acceptance_report.json,data/runs/mad_etd_thesis_reviewer_closure_v24/ustc_ten_seed_internal/ustc_multiseed/seed_44/v61/fresh_acceptance_report.json,aggregate,44d5554337c89a50a4427a2d6aaed157cac53a6c6bc3214b4e9a4daa9560d385,44d5554337c89a50a4427a2d6aaed157cac53a6c6bc3214b4e9a4daa9560d385,879,byte_identical
thesis/data/runs/mad_etd_thesis_reviewer_closure_v24/ustc_ten_seed_internal/ustc_multiseed/seed_44/v61/group_results.csv,data/runs/mad_etd_thesis_reviewer_closure_v24/ustc_ten_seed_internal/ustc_multiseed/seed_44/v61/group_results.csv,aggregate,6d76d9fb4372d51be1cc35c5c34ecc094860aa42e255d01a9adae78f0f2594a6,68ed5379738e5cc45778341ba516faa2201a987643e8010141c0f38efacf8e37,1294,utf8_bom_removed
thesis/data/runs/mad_etd_thesis_reviewer_closure_v24/ustc_ten_seed_internal/ustc_multiseed/seed_44/v61/meta_policy_cv_folds.csv,data/runs/mad_etd_thesis_reviewer_closure_v24/ustc_ten_seed_internal/ustc_multiseed/seed_44/v61/meta_policy_cv_folds.csv,aggregate,a935a71a360495eec0c6977b0115166076987c58ff6074055fd65f38f9fac6fc,361ab61fb95e0845cd6afc550d618d8fb0fb035688cfcdfc2f881b6ffd3e854c,183,utf8_bom_removed
thesis/data/runs/mad_etd_thesis_reviewer_closure_v24/ustc_ten_seed_internal/ustc_multiseed/seed_44/v61/performance_report.json,data/runs/mad_etd_thesis_reviewer_closure_v24/ustc_ten_seed_internal/ustc_multiseed/seed_44/v61/performance_report.json,aggregate,4a336fddd41e67e54cc57d5b4ffb1b07a9f43eea0fd51e4a7c58e9e29418c890,4a336fddd41e67e54cc57d5b4ffb1b07a9f43eea0fd51e4a7c58e9e29418c890,2370,byte_identical
thesis/data/runs/mad_etd_thesis_reviewer_closure_v24/ustc_ten_seed_internal/ustc_multiseed/seed_44/v61/runtime_comparison.csv,data/runs/mad_etd_thesis_reviewer_closure_v24/ustc_ten_seed_internal/ustc_multiseed/seed_44/v61/runtime_comparison.csv,aggregate,86e25b7643d1a13782c4676c8d3ff7645ed2a86e9b43a60dcd1a1057315bb6f9,3534eb3dfb3cf717d11bf38aa184e0246a2565690664cc01663f834927bb6dde,629,utf8_bom_removed
thesis/data/runs/mad_etd_thesis_reviewer_closure_v24/ustc_ten_seed_internal/ustc_multiseed/seed_44/v61/security_acceptance.json,data/runs/mad_etd_thesis_reviewer_closure_v24/ustc_ten_seed_internal/ustc_multiseed/seed_44/v61/security_acceptance.json,aggregate,98eb9fe845c6e659620b5b838935162dfdebd37d34cfa62a5d9cf08b925688a6,98eb9fe845c6e659620b5b838935162dfdebd37d34cfa62a5d9cf08b925688a6,378,byte_identical
thesis/data/runs/mad_etd_thesis_reviewer_closure_v24/ustc_ten_seed_internal/ustc_multiseed/seed_44/v61/training_report.json,data/runs/mad_etd_thesis_reviewer_closure_v24/ustc_ten_seed_internal/ustc_multiseed/seed_44/v61/training_report.json,aggregate,b415a92ef9121a18deb7a531bcd81052e1a7d1efb94d6aea46b76d4435bc77d9,b415a92ef9121a18deb7a531bcd81052e1a7d1efb94d6aea46b76d4435bc77d9,2331,byte_identical
thesis/data/runs/mad_etd_thesis_reviewer_closure_v24/ustc_ten_seed_internal/ustc_multiseed/seed_45/hybrid/factorial_ablation_results.csv,data/runs/mad_etd_thesis_reviewer_closure_v24/ustc_ten_seed_internal/ustc_multiseed/seed_45/hybrid/factorial_ablation_results.csv,aggregate,2ebf9e45d5c466ff583b69124569abf87d6c09e476b4ef181fd99bb0a4ed9158,4a793e6543f644f61b1f6f0781ab44bc897efd95edbba96db57fa0800362e55d,2227,utf8_bom_removed
thesis/data/runs/mad_etd_thesis_reviewer_closure_v24/ustc_ten_seed_internal/ustc_multiseed/seed_45/hybrid/grouped_bootstrap.csv,data/runs/mad_etd_thesis_reviewer_closure_v24/ustc_ten_seed_internal/ustc_multiseed/seed_45/hybrid/grouped_bootstrap.csv,aggregate,aa93736ecf5f88d461ad4885a8d590deeda2b5b2f870846be8743c9e80609cf0,73f715f2f3abb55b1806ac1eaf18a2b9d76a4379a420a164f534a99acccd27f2,1692,utf8_bom_removed
thesis/data/runs/mad_etd_thesis_reviewer_closure_v24/ustc_ten_seed_internal/ustc_multiseed/seed_45/hybrid/model_registry.csv,data/runs/mad_etd_thesis_reviewer_closure_v24/ustc_ten_seed_internal/ustc_multiseed/seed_45/hybrid/model_registry.csv,aggregate,b234ed14e59aa7bbcdfc1e9e4b07ef8e08468e88052f467186014d2ec54cbc3a,b47beb751097686a9e9afa2c3eddfeca43cb29b4f91f262b8514cee17aa746eb,16079,utf8_bom_removed
thesis/data/runs/mad_etd_thesis_reviewer_closure_v24/ustc_ten_seed_internal/ustc_multiseed/seed_45/hybrid/protocol.json,data/runs/mad_etd_thesis_reviewer_closure_v24/ustc_ten_seed_internal/ustc_multiseed/seed_45/hybrid/protocol.json,aggregate,3b35201655b273d650c624fb0edf764d1a64f4240262416057f42a10622e3133,3b35201655b273d650c624fb0edf764d1a64f4240262416057f42a10622e3133,1933,byte_identical
thesis/data/runs/mad_etd_thesis_reviewer_closure_v24/ustc_ten_seed_internal/ustc_multiseed/seed_45/hybrid/training_report.json,data/runs/mad_etd_thesis_reviewer_closure_v24/ustc_ten_seed_internal/ustc_multiseed/seed_45/hybrid/training_report.json,aggregate,5b7c452c18423ae14929b8970f12d19a1078e53e1f88244bb2a9f82cb31000b6,5b7c452c18423ae14929b8970f12d19a1078e53e1f88244bb2a9f82cb31000b6,4022,byte_identical
thesis/data/runs/mad_etd_thesis_reviewer_closure_v24/ustc_ten_seed_internal/ustc_multiseed/seed_45/v61/bootstrap_ci_report.json,data/runs/mad_etd_thesis_reviewer_closure_v24/ustc_ten_seed_internal/ustc_multiseed/seed_45/v61/bootstrap_ci_report.json,aggregate,e4ceb3e4c308ab4e91a83b95b295c1f07ff1067084692878febe673c596abea4,e4ceb3e4c308ab4e91a83b95b295c1f07ff1067084692878febe673c596abea4,256,byte_identical
thesis/data/runs/mad_etd_thesis_reviewer_closure_v24/ustc_ten_seed_internal/ustc_multiseed/seed_45/v61/bootstrap_ci_results.csv,data/runs/mad_etd_thesis_reviewer_closure_v24/ustc_ten_seed_internal/ustc_multiseed/seed_45/v61/bootstrap_ci_results.csv,aggregate,83e21473b068287697ec1f4954c62e66b198fd635778cd0c001d3053f1781a67,4fcd24aa7bdab798ae3fdff4dcfcd6f54850da3ac76c334818d94ddf6c2c73fb,12966,utf8_bom_removed
thesis/data/runs/mad_etd_thesis_reviewer_closure_v24/ustc_ten_seed_internal/ustc_multiseed/seed_45/v61/fresh_acceptance_report.json,data/runs/mad_etd_thesis_reviewer_closure_v24/ustc_ten_seed_internal/ustc_multiseed/seed_45/v61/fresh_acceptance_report.json,aggregate,44d5554337c89a50a4427a2d6aaed157cac53a6c6bc3214b4e9a4daa9560d385,44d5554337c89a50a4427a2d6aaed157cac53a6c6bc3214b4e9a4daa9560d385,879,byte_identical
thesis/data/runs/mad_etd_thesis_reviewer_closure_v24/ustc_ten_seed_internal/ustc_multiseed/seed_45/v61/group_results.csv,data/runs/mad_etd_thesis_reviewer_closure_v24/ustc_ten_seed_internal/ustc_multiseed/seed_45/v61/group_results.csv,aggregate,138879852329a6993a6a074cb93aa51dc088c7ebb96713d076015603a6e679b9,a6dc0a2796b113abe648e9abff90ddaf0cf047c25750540296750524a14dbfbe,1266,utf8_bom_removed
thesis/data/runs/mad_etd_thesis_reviewer_closure_v24/ustc_ten_seed_internal/ustc_multiseed/seed_45/v61/meta_policy_cv_folds.csv,data/runs/mad_etd_thesis_reviewer_closure_v24/ustc_ten_seed_internal/ustc_multiseed/seed_45/v61/meta_policy_cv_folds.csv,aggregate,fa0a55710ef09c3b5d301a9d8acc2398deeb5160c0390bd31cfa604e6e08cfaf,eb13d1838e0ebcc79466998db25f481af81d411c85e76c624b3ab501efe77c28,181,utf8_bom_removed
thesis/data/runs/mad_etd_thesis_reviewer_closure_v24/ustc_ten_seed_internal/ustc_multiseed/seed_45/v61/performance_report.json,data/runs/mad_etd_thesis_reviewer_closure_v24/ustc_ten_seed_internal/ustc_multiseed/seed_45/v61/performance_report.json,aggregate,8e5402616322569e8abbb11ed7282bc1d68ce0300731f8185454a2d17fe273a8,8e5402616322569e8abbb11ed7282bc1d68ce0300731f8185454a2d17fe273a8,2368,byte_identical
thesis/data/runs/mad_etd_thesis_reviewer_closure_v24/ustc_ten_seed_internal/ustc_multiseed/seed_45/v61/runtime_comparison.csv,data/runs/mad_etd_thesis_reviewer_closure_v24/ustc_ten_seed_internal/ustc_multiseed/seed_45/v61/runtime_comparison.csv,aggregate,be105bf63806298c7a29d3548e2af380a3ace6579869a9f5c5c70e2a51e28fbd,1d0508f70d73baa616d8b620095e58004799d1e771ce617aa871081ff29ab0ee,627,utf8_bom_removed
thesis/data/runs/mad_etd_thesis_reviewer_closure_v24/ustc_ten_seed_internal/ustc_multiseed/seed_45/v61/security_acceptance.json,data/runs/mad_etd_thesis_reviewer_closure_v24/ustc_ten_seed_internal/ustc_multiseed/seed_45/v61/security_acceptance.json,aggregate,98eb9fe845c6e659620b5b838935162dfdebd37d34cfa62a5d9cf08b925688a6,98eb9fe845c6e659620b5b838935162dfdebd37d34cfa62a5d9cf08b925688a6,378,byte_identical
thesis/data/runs/mad_etd_thesis_reviewer_closure_v24/ustc_ten_seed_internal/ustc_multiseed/seed_45/v61/training_report.json,data/runs/mad_etd_thesis_reviewer_closure_v24/ustc_ten_seed_internal/ustc_multiseed/seed_45/v61/training_report.json,aggregate,13b8e83b572d15c5a4d2b4a2c2f99e8f4d984061f9af4c1d586dd71c13fbc7ec,13b8e83b572d15c5a4d2b4a2c2f99e8f4d984061f9af4c1d586dd71c13fbc7ec,2289,byte_identical
thesis/data/runs/mad_etd_thesis_reviewer_closure_v24/ustc_ten_seed_internal/ustc_multiseed/seed_46/hybrid/factorial_ablation_results.csv,data/runs/mad_etd_thesis_reviewer_closure_v24/ustc_ten_seed_internal/ustc_multiseed/seed_46/hybrid/factorial_ablation_results.csv,aggregate,a5d6ad7a4bb48ad6bc6665306043b3283fab7b6ad244518a080d85ff1bd68503,1d77b42ac605b4d0da761bda4c0b38f639ef2818eca5036a7da69a312cf0cdb6,2171,utf8_bom_removed
thesis/data/runs/mad_etd_thesis_reviewer_closure_v24/ustc_ten_seed_internal/ustc_multiseed/seed_46/hybrid/grouped_bootstrap.csv,data/runs/mad_etd_thesis_reviewer_closure_v24/ustc_ten_seed_internal/ustc_multiseed/seed_46/hybrid/grouped_bootstrap.csv,aggregate,8a7faae011ebe7a25ffd93f697031b58fd36e0c7d3b02138b1a4486ca2c373f0,bc542bf6499a555f45effbe7db54a87eaecb89c2354d365eb86ec08bfdc2fe37,1697,utf8_bom_removed
thesis/data/runs/mad_etd_thesis_reviewer_closure_v24/ustc_ten_seed_internal/ustc_multiseed/seed_46/hybrid/model_registry.csv,data/runs/mad_etd_thesis_reviewer_closure_v24/ustc_ten_seed_internal/ustc_multiseed/seed_46/hybrid/model_registry.csv,aggregate,8178d3bee78cbc8fea138d1b0f3fd7e72308eb6235dd0da78507b954a51eb03e,8fd2fe0130a9cb91fdc98952fa3e0ddcfca3b171c26e944265670a7e30f97069,16109,utf8_bom_removed
thesis/data/runs/mad_etd_thesis_reviewer_closure_v24/ustc_ten_seed_internal/ustc_multiseed/seed_46/hybrid/protocol.json,data/runs/mad_etd_thesis_reviewer_closure_v24/ustc_ten_seed_internal/ustc_multiseed/seed_46/hybrid/protocol.json,aggregate,3b35201655b273d650c624fb0edf764d1a64f4240262416057f42a10622e3133,3b35201655b273d650c624fb0edf764d1a64f4240262416057f42a10622e3133,1933,byte_identical
thesis/data/runs/mad_etd_thesis_reviewer_closure_v24/ustc_ten_seed_internal/ustc_multiseed/seed_46/hybrid/training_report.json,data/runs/mad_etd_thesis_reviewer_closure_v24/ustc_ten_seed_internal/ustc_multiseed/seed_46/hybrid/training_report.json,aggregate,fbc1b610972c0035549d17d104c589ba229bac091872cbe2d3b3e6ed3f9ebd7a,fbc1b610972c0035549d17d104c589ba229bac091872cbe2d3b3e6ed3f9ebd7a,3962,byte_identical
thesis/data/runs/mad_etd_thesis_reviewer_closure_v24/ustc_ten_seed_internal/ustc_multiseed/seed_46/v61/bootstrap_ci_report.json,data/runs/mad_etd_thesis_reviewer_closure_v24/ustc_ten_seed_internal/ustc_multiseed/seed_46/v61/bootstrap_ci_report.json,aggregate,e4ceb3e4c308ab4e91a83b95b295c1f07ff1067084692878febe673c596abea4,e4ceb3e4c308ab4e91a83b95b295c1f07ff1067084692878febe673c596abea4,256,byte_identical
thesis/data/runs/mad_etd_thesis_reviewer_closure_v24/ustc_ten_seed_internal/ustc_multiseed/seed_46/v61/bootstrap_ci_results.csv,data/runs/mad_etd_thesis_reviewer_closure_v24/ustc_ten_seed_internal/ustc_multiseed/seed_46/v61/bootstrap_ci_results.csv,aggregate,83e21473b068287697ec1f4954c62e66b198fd635778cd0c001d3053f1781a67,4fcd24aa7bdab798ae3fdff4dcfcd6f54850da3ac76c334818d94ddf6c2c73fb,12966,utf8_bom_removed
thesis/data/runs/mad_etd_thesis_reviewer_closure_v24/ustc_ten_seed_internal/ustc_multiseed/seed_46/v61/fresh_acceptance_report.json,data/runs/mad_etd_thesis_reviewer_closure_v24/ustc_ten_seed_internal/ustc_multiseed/seed_46/v61/fresh_acceptance_report.json,aggregate,44d5554337c89a50a4427a2d6aaed157cac53a6c6bc3214b4e9a4daa9560d385,44d5554337c89a50a4427a2d6aaed157cac53a6c6bc3214b4e9a4daa9560d385,879,byte_identical
thesis/data/runs/mad_etd_thesis_reviewer_closure_v24/ustc_ten_seed_internal/ustc_multiseed/seed_46/v61/group_results.csv,data/runs/mad_etd_thesis_reviewer_closure_v24/ustc_ten_seed_internal/ustc_multiseed/seed_46/v61/group_results.csv,aggregate,59ab08ae5ccaecba5362dbb0ed3c617593e33f8d114edbd94cd9e780563c5960,d798dc380d9555bab5cd122553f366acfb919752601f330f04c39eeabf623fb8,1263,utf8_bom_removed
thesis/data/runs/mad_etd_thesis_reviewer_closure_v24/ustc_ten_seed_internal/ustc_multiseed/seed_46/v61/meta_policy_cv_folds.csv,data/runs/mad_etd_thesis_reviewer_closure_v24/ustc_ten_seed_internal/ustc_multiseed/seed_46/v61/meta_policy_cv_folds.csv,aggregate,b3b76ddff84a7a7feebbf286c2207230127e7dd65946880576ed81f7d773e377,ddadd8346ea06d1cbfb2944f724ba5473ff80bb909cbefe90542c91479c4c876,181,utf8_bom_removed
thesis/data/runs/mad_etd_thesis_reviewer_closure_v24/ustc_ten_seed_internal/ustc_multiseed/seed_46/v61/performance_report.json,data/runs/mad_etd_thesis_reviewer_closure_v24/ustc_ten_seed_internal/ustc_multiseed/seed_46/v61/performance_report.json,aggregate,0dddcacd39bd73265ee183f84a87f70ccaf1b4efb559224791178baf5ff5c426,0dddcacd39bd73265ee183f84a87f70ccaf1b4efb559224791178baf5ff5c426,2371,byte_identical
thesis/data/runs/mad_etd_thesis_reviewer_closure_v24/ustc_ten_seed_internal/ustc_multiseed/seed_46/v61/runtime_comparison.csv,data/runs/mad_etd_thesis_reviewer_closure_v24/ustc_ten_seed_internal/ustc_multiseed/seed_46/v61/runtime_comparison.csv,aggregate,fd91cdbecfb0108add3ff2ba16996fa30dbe24b4407ed03f1185e216e9ec165c,81228f8723f3b56c0f902f147ae897940626622b13a7e9834f6e92b1bd985214,630,utf8_bom_removed
thesis/data/runs/mad_etd_thesis_reviewer_closure_v24/ustc_ten_seed_internal/ustc_multiseed/seed_46/v61/security_acceptance.json,data/runs/mad_etd_thesis_reviewer_closure_v24/ustc_ten_seed_internal/ustc_multiseed/seed_46/v61/security_acceptance.json,aggregate,98eb9fe845c6e659620b5b838935162dfdebd37d34cfa62a5d9cf08b925688a6,98eb9fe845c6e659620b5b838935162dfdebd37d34cfa62a5d9cf08b925688a6,378,byte_identical
thesis/data/runs/mad_etd_thesis_reviewer_closure_v24/ustc_ten_seed_internal/ustc_multiseed/seed_46/v61/training_report.json,data/runs/mad_etd_thesis_reviewer_closure_v24/ustc_ten_seed_internal/ustc_multiseed/seed_46/v61/training_report.json,aggregate,da8cba34e5d65360d686191eea326fc8eb540684fd71116dacac000f063befef,da8cba34e5d65360d686191eea326fc8eb540684fd71116dacac000f063befef,2282,byte_identical
thesis/data/runs/mad_etd_thesis_reviewer_closure_v24/ustc_ten_seed_internal/ustc_multiseed/seed_47/hybrid/factorial_ablation_results.csv,data/runs/mad_etd_thesis_reviewer_closure_v24/ustc_ten_seed_internal/ustc_multiseed/seed_47/hybrid/factorial_ablation_results.csv,aggregate,eba46bea2ddd46f6a51a3e6b1372b19aa5733a793972c4dfb59dc24cea1969b1,31ccc44792361cc3ed95e966d697d8f5eb99f2370c9de721708af9b60ff33b77,2224,utf8_bom_removed
thesis/data/runs/mad_etd_thesis_reviewer_closure_v24/ustc_ten_seed_internal/ustc_multiseed/seed_47/hybrid/grouped_bootstrap.csv,data/runs/mad_etd_thesis_reviewer_closure_v24/ustc_ten_seed_internal/ustc_multiseed/seed_47/hybrid/grouped_bootstrap.csv,aggregate,bdfd2fb3b3932c70dc98d6ed9bd47bd13a92ca8aa394675f10f492ad184af64c,89ccb96fad4ba50e9d215955f46575e66671155f79573e53982103cd6c2d5c20,1688,utf8_bom_removed
thesis/data/runs/mad_etd_thesis_reviewer_closure_v24/ustc_ten_seed_internal/ustc_multiseed/seed_47/hybrid/model_registry.csv,data/runs/mad_etd_thesis_reviewer_closure_v24/ustc_ten_seed_internal/ustc_multiseed/seed_47/hybrid/model_registry.csv,aggregate,ed08116c7c5788913b681e648dad2a87a1ef3e87a50bf5fbcc9ad1851a969c54,6999bed3cb1358f547ef9c92d8b9f89a787803f877929dc510bd310b9e3cba24,16112,utf8_bom_removed
thesis/data/runs/mad_etd_thesis_reviewer_closure_v24/ustc_ten_seed_internal/ustc_multiseed/seed_47/hybrid/protocol.json,data/runs/mad_etd_thesis_reviewer_closure_v24/ustc_ten_seed_internal/ustc_multiseed/seed_47/hybrid/protocol.json,aggregate,3b35201655b273d650c624fb0edf764d1a64f4240262416057f42a10622e3133,3b35201655b273d650c624fb0edf764d1a64f4240262416057f42a10622e3133,1933,byte_identical
thesis/data/runs/mad_etd_thesis_reviewer_closure_v24/ustc_ten_seed_internal/ustc_multiseed/seed_47/hybrid/training_report.json,data/runs/mad_etd_thesis_reviewer_closure_v24/ustc_ten_seed_internal/ustc_multiseed/seed_47/hybrid/training_report.json,aggregate,35f6f37deadd7dfee1c4e10b3983b4e046a70a479935ae44095eb845f519a532,35f6f37deadd7dfee1c4e10b3983b4e046a70a479935ae44095eb845f519a532,4026,byte_identical
thesis/data/runs/mad_etd_thesis_reviewer_closure_v24/ustc_ten_seed_internal/ustc_multiseed/seed_47/v61/bootstrap_ci_report.json,data/runs/mad_etd_thesis_reviewer_closure_v24/ustc_ten_seed_internal/ustc_multiseed/seed_47/v61/bootstrap_ci_report.json,aggregate,2ae4e8d3b0d06a7b1de0f1cd7fc70c138da2eee7f8bd0e8b62093d4058a9a1ea,2ae4e8d3b0d06a7b1de0f1cd7fc70c138da2eee7f8bd0e8b62093d4058a9a1ea,339,byte_identical
thesis/data/runs/mad_etd_thesis_reviewer_closure_v24/ustc_ten_seed_internal/ustc_multiseed/seed_47/v61/bootstrap_ci_results.csv,data/runs/mad_etd_thesis_reviewer_closure_v24/ustc_ten_seed_internal/ustc_multiseed/seed_47/v61/bootstrap_ci_results.csv,aggregate,bab3ecb414e4be3edddf7fd20f7bb93d7696cbebd83bb5fc4b88a9ebeff36389,d79596b4186c1dfd93671112b11e96155fe7ce42584b4d6a0c214b6ba0031f34,40779,utf8_bom_removed
thesis/data/runs/mad_etd_thesis_reviewer_closure_v24/ustc_ten_seed_internal/ustc_multiseed/seed_47/v61/fresh_acceptance_report.json,data/runs/mad_etd_thesis_reviewer_closure_v24/ustc_ten_seed_internal/ustc_multiseed/seed_47/v61/fresh_acceptance_report.json,aggregate,44d5554337c89a50a4427a2d6aaed157cac53a6c6bc3214b4e9a4daa9560d385,44d5554337c89a50a4427a2d6aaed157cac53a6c6bc3214b4e9a4daa9560d385,879,byte_identical
thesis/data/runs/mad_etd_thesis_reviewer_closure_v24/ustc_ten_seed_internal/ustc_multiseed/seed_47/v61/group_results.csv,data/runs/mad_etd_thesis_reviewer_closure_v24/ustc_ten_seed_internal/ustc_multiseed/seed_47/v61/group_results.csv,aggregate,7c7978b5ddab39a8fa4334b13f7cc7d4933ca611db3c0517764cbbf2175f5087,7832b61d6a7996a01bb0dc87eaba89383b5a989518b157115f65d7fbf7dab15f,1282,utf8_bom_removed
thesis/data/runs/mad_etd_thesis_reviewer_closure_v24/ustc_ten_seed_internal/ustc_multiseed/seed_47/v61/meta_policy_cv_folds.csv,data/runs/mad_etd_thesis_reviewer_closure_v24/ustc_ten_seed_internal/ustc_multiseed/seed_47/v61/meta_policy_cv_folds.csv,aggregate,dbb3658f79425eaab3e2f3c0c83e81805ad97dafc6ddcd377db2ecad5184eedb,06a66eb3fa86f2eb9b6fe5873fefc521e8550cdf2aa8fff1bd3dc17f32e7a01c,184,utf8_bom_removed
thesis/data/runs/mad_etd_thesis_reviewer_closure_v24/ustc_ten_seed_internal/ustc_multiseed/seed_47/v61/performance_report.json,data/runs/mad_etd_thesis_reviewer_closure_v24/ustc_ten_seed_internal/ustc_multiseed/seed_47/v61/performance_report.json,aggregate,8b1299eeff433cc9fa9c609f0cb61595f67e3ba59db7dbd0ace20ea24a54ace6,8b1299eeff433cc9fa9c609f0cb61595f67e3ba59db7dbd0ace20ea24a54ace6,2562,byte_identical
thesis/data/runs/mad_etd_thesis_reviewer_closure_v24/ustc_ten_seed_internal/ustc_multiseed/seed_47/v61/runtime_comparison.csv,data/runs/mad_etd_thesis_reviewer_closure_v24/ustc_ten_seed_internal/ustc_multiseed/seed_47/v61/runtime_comparison.csv,aggregate,e5baa865cb0a475207873972e08d8e49c73b2ad1d2701e765657975ec2a2199b,7d0d49e38d90d257daf6a7930a479b3818a94148cdd9978b297b5f26f9292240,618,utf8_bom_removed
thesis/data/runs/mad_etd_thesis_reviewer_closure_v24/ustc_ten_seed_internal/ustc_multiseed/seed_47/v61/security_acceptance.json,data/runs/mad_etd_thesis_reviewer_closure_v24/ustc_ten_seed_internal/ustc_multiseed/seed_47/v61/security_acceptance.json,aggregate,98eb9fe845c6e659620b5b838935162dfdebd37d34cfa62a5d9cf08b925688a6,98eb9fe845c6e659620b5b838935162dfdebd37d34cfa62a5d9cf08b925688a6,378,byte_identical
thesis/data/runs/mad_etd_thesis_reviewer_closure_v24/ustc_ten_seed_internal/ustc_multiseed/seed_47/v61/training_report.json,data/runs/mad_etd_thesis_reviewer_closure_v24/ustc_ten_seed_internal/ustc_multiseed/seed_47/v61/training_report.json,aggregate,94eaa8e5597cb4fb69a2de423791362a9dcd33170c880e4d9e79be2fc995fac5,94eaa8e5597cb4fb69a2de423791362a9dcd33170c880e4d9e79be2fc995fac5,2291,byte_identical
thesis/data/runs/mad_etd_thesis_reviewer_closure_v24/ustc_ten_seed_internal/ustc_multiseed/seed_48/hybrid/factorial_ablation_results.csv,data/runs/mad_etd_thesis_reviewer_closure_v24/ustc_ten_seed_internal/ustc_multiseed/seed_48/hybrid/factorial_ablation_results.csv,aggregate,cfbb83424d9c5018067285d2f283e4536da5153f64a395933c3caf3784987037,96c994feea4a0df6f2a0e864ea0dd3acb7786a19dc2303aed36585a5e14e44b3,2187,utf8_bom_removed
thesis/data/runs/mad_etd_thesis_reviewer_closure_v24/ustc_ten_seed_internal/ustc_multiseed/seed_48/hybrid/grouped_bootstrap.csv,data/runs/mad_etd_thesis_reviewer_closure_v24/ustc_ten_seed_internal/ustc_multiseed/seed_48/hybrid/grouped_bootstrap.csv,aggregate,5849b93aba7c56413e86163f02a6f74bc7a4bd6380697b1f6dbf02c05e8462fa,cd06a1ebadb70c0605981f6ed7f941e25232b872bb975f81ed0b2aba7b467f69,1697,utf8_bom_removed
thesis/data/runs/mad_etd_thesis_reviewer_closure_v24/ustc_ten_seed_internal/ustc_multiseed/seed_48/hybrid/model_registry.csv,data/runs/mad_etd_thesis_reviewer_closure_v24/ustc_ten_seed_internal/ustc_multiseed/seed_48/hybrid/model_registry.csv,aggregate,396e5b843855fd80a4902a86a8f9bbdaf61372e9036e005b46a38e2dd086710c,6536f6a73d20bc766474b4a60a54db8898ccbe6517795a246173305f6dcde143,16117,utf8_bom_removed
thesis/data/runs/mad_etd_thesis_reviewer_closure_v24/ustc_ten_seed_internal/ustc_multiseed/seed_48/hybrid/protocol.json,data/runs/mad_etd_thesis_reviewer_closure_v24/ustc_ten_seed_internal/ustc_multiseed/seed_48/hybrid/protocol.json,aggregate,3b35201655b273d650c624fb0edf764d1a64f4240262416057f42a10622e3133,3b35201655b273d650c624fb0edf764d1a64f4240262416057f42a10622e3133,1933,byte_identical
thesis/data/runs/mad_etd_thesis_reviewer_closure_v24/ustc_ten_seed_internal/ustc_multiseed/seed_48/hybrid/training_report.json,data/runs/mad_etd_thesis_reviewer_closure_v24/ustc_ten_seed_internal/ustc_multiseed/seed_48/hybrid/training_report.json,aggregate,dd0656bd39d1a9ed7128b81e51bd1d1ef3b4063adf08e05e69a05defc777974e,dd0656bd39d1a9ed7128b81e51bd1d1ef3b4063adf08e05e69a05defc777974e,4013,byte_identical
thesis/data/runs/mad_etd_thesis_reviewer_closure_v24/ustc_ten_seed_internal/ustc_multiseed/seed_48/v61/bootstrap_ci_report.json,data/runs/mad_etd_thesis_reviewer_closure_v24/ustc_ten_seed_internal/ustc_multiseed/seed_48/v61/bootstrap_ci_report.json,aggregate,e4ceb3e4c308ab4e91a83b95b295c1f07ff1067084692878febe673c596abea4,e4ceb3e4c308ab4e91a83b95b295c1f07ff1067084692878febe673c596abea4,256,byte_identical
thesis/data/runs/mad_etd_thesis_reviewer_closure_v24/ustc_ten_seed_internal/ustc_multiseed/seed_48/v61/bootstrap_ci_results.csv,data/runs/mad_etd_thesis_reviewer_closure_v24/ustc_ten_seed_internal/ustc_multiseed/seed_48/v61/bootstrap_ci_results.csv,aggregate,83e21473b068287697ec1f4954c62e66b198fd635778cd0c001d3053f1781a67,4fcd24aa7bdab798ae3fdff4dcfcd6f54850da3ac76c334818d94ddf6c2c73fb,12966,utf8_bom_removed
thesis/data/runs/mad_etd_thesis_reviewer_closure_v24/ustc_ten_seed_internal/ustc_multiseed/seed_48/v61/fresh_acceptance_report.json,data/runs/mad_etd_thesis_reviewer_closure_v24/ustc_ten_seed_internal/ustc_multiseed/seed_48/v61/fresh_acceptance_report.json,aggregate,44d5554337c89a50a4427a2d6aaed157cac53a6c6bc3214b4e9a4daa9560d385,44d5554337c89a50a4427a2d6aaed157cac53a6c6bc3214b4e9a4daa9560d385,879,byte_identical
thesis/data/runs/mad_etd_thesis_reviewer_closure_v24/ustc_ten_seed_internal/ustc_multiseed/seed_48/v61/group_results.csv,data/runs/mad_etd_thesis_reviewer_closure_v24/ustc_ten_seed_internal/ustc_multiseed/seed_48/v61/group_results.csv,aggregate,1dc809b3d0cb55999f7461625460682e59fa692636eb76b2d784228d580b04c1,967fce2e7ae625e1f039aabe5fb8da9a7e34c012e16694b5c7a9159c56b5c592,1265,utf8_bom_removed
thesis/data/runs/mad_etd_thesis_reviewer_closure_v24/ustc_ten_seed_internal/ustc_multiseed/seed_48/v61/meta_policy_cv_folds.csv,data/runs/mad_etd_thesis_reviewer_closure_v24/ustc_ten_seed_internal/ustc_multiseed/seed_48/v61/meta_policy_cv_folds.csv,aggregate,5aa72d32ef0cf73f21b43ecffa7b64e96d9d9a71bfa8b3c73a4b569bdcd1d97c,7b02b9c266a6004d7e696d0361030a4886b886f81f371fed6bb8a0a899d660f0,182,utf8_bom_removed
thesis/data/runs/mad_etd_thesis_reviewer_closure_v24/ustc_ten_seed_internal/ustc_multiseed/seed_48/v61/performance_report.json,data/runs/mad_etd_thesis_reviewer_closure_v24/ustc_ten_seed_internal/ustc_multiseed/seed_48/v61/performance_report.json,aggregate,ffd55f8c6a43720ccf3fc7d332d3d2a36b27e1506d363adb9da0a811326bd804,ffd55f8c6a43720ccf3fc7d332d3d2a36b27e1506d363adb9da0a811326bd804,2369,byte_identical
thesis/data/runs/mad_etd_thesis_reviewer_closure_v24/ustc_ten_seed_internal/ustc_multiseed/seed_48/v61/runtime_comparison.csv,data/runs/mad_etd_thesis_reviewer_closure_v24/ustc_ten_seed_internal/ustc_multiseed/seed_48/v61/runtime_comparison.csv,aggregate,a6fe79c57d5c1628905324b644d2fa46a25cd96f3f284fae1c3d38026709df5f,37a7e8d191587110c8c10d65481d176c4107427da2d3b2f308a69ee247cde263,627,utf8_bom_removed
thesis/data/runs/mad_etd_thesis_reviewer_closure_v24/ustc_ten_seed_internal/ustc_multiseed/seed_48/v61/security_acceptance.json,data/runs/mad_etd_thesis_reviewer_closure_v24/ustc_ten_seed_internal/ustc_multiseed/seed_48/v61/security_acceptance.json,aggregate,98eb9fe845c6e659620b5b838935162dfdebd37d34cfa62a5d9cf08b925688a6,98eb9fe845c6e659620b5b838935162dfdebd37d34cfa62a5d9cf08b925688a6,378,byte_identical
thesis/data/runs/mad_etd_thesis_reviewer_closure_v24/ustc_ten_seed_internal/ustc_multiseed/seed_48/v61/training_report.json,data/runs/mad_etd_thesis_reviewer_closure_v24/ustc_ten_seed_internal/ustc_multiseed/seed_48/v61/training_report.json,aggregate,10e9a3400cd27198e47f5de0ee15ad0d8ab5eb65f5d2dd979b8fc677adec1f68,10e9a3400cd27198e47f5de0ee15ad0d8ab5eb65f5d2dd979b8fc677adec1f68,2292,byte_identical
thesis/data/runs/mad_etd_thesis_reviewer_closure_v24/ustc_ten_seed_internal/ustc_multiseed/seed_49/hybrid/factorial_ablation_results.csv,data/runs/mad_etd_thesis_reviewer_closure_v24/ustc_ten_seed_internal/ustc_multiseed/seed_49/hybrid/factorial_ablation_results.csv,aggregate,76a138ebb3d2f7566be7d4109391303efea8c38e072c59abbc093a69421ed52d,bc83b6860ca3051f0202702a07fc6dc3c3dcc2f0d6f61f9a27bfed90b481ce0c,2206,utf8_bom_removed
thesis/data/runs/mad_etd_thesis_reviewer_closure_v24/ustc_ten_seed_internal/ustc_multiseed/seed_49/hybrid/grouped_bootstrap.csv,data/runs/mad_etd_thesis_reviewer_closure_v24/ustc_ten_seed_internal/ustc_multiseed/seed_49/hybrid/grouped_bootstrap.csv,aggregate,2f222d9fea894e98f6f53b4b3aa7a115e865b5cbb3cb50b9b8413e671f1b4a74,7896f1edd608acea129167cf8b3eaa34a3b87c509dd3b925bb67ba44c1765b9f,1700,utf8_bom_removed
thesis/data/runs/mad_etd_thesis_reviewer_closure_v24/ustc_ten_seed_internal/ustc_multiseed/seed_49/hybrid/model_registry.csv,data/runs/mad_etd_thesis_reviewer_closure_v24/ustc_ten_seed_internal/ustc_multiseed/seed_49/hybrid/model_registry.csv,aggregate,42baf86c6006d3b6a418121ceb1e69edf34226ab631f7f870176028aac2c2815,39925698d9aee57eaffa720912f83d0c17921be0bc9a0300812307420a260b3b,16108,utf8_bom_removed
thesis/data/runs/mad_etd_thesis_reviewer_closure_v24/ustc_ten_seed_internal/ustc_multiseed/seed_49/hybrid/protocol.json,data/runs/mad_etd_thesis_reviewer_closure_v24/ustc_ten_seed_internal/ustc_multiseed/seed_49/hybrid/protocol.json,aggregate,3b35201655b273d650c624fb0edf764d1a64f4240262416057f42a10622e3133,3b35201655b273d650c624fb0edf764d1a64f4240262416057f42a10622e3133,1933,byte_identical
thesis/data/runs/mad_etd_thesis_reviewer_closure_v24/ustc_ten_seed_internal/ustc_multiseed/seed_49/hybrid/training_report.json,data/runs/mad_etd_thesis_reviewer_closure_v24/ustc_ten_seed_internal/ustc_multiseed/seed_49/hybrid/training_report.json,aggregate,795a79da169bf85e94f8b00b5146bb255b884072c722182cf1bd276c83301a78,795a79da169bf85e94f8b00b5146bb255b884072c722182cf1bd276c83301a78,4033,byte_identical
thesis/data/runs/mad_etd_thesis_reviewer_closure_v24/ustc_ten_seed_internal/ustc_multiseed/seed_49/v61/bootstrap_ci_report.json,data/runs/mad_etd_thesis_reviewer_closure_v24/ustc_ten_seed_internal/ustc_multiseed/seed_49/v61/bootstrap_ci_report.json,aggregate,e4ceb3e4c308ab4e91a83b95b295c1f07ff1067084692878febe673c596abea4,e4ceb3e4c308ab4e91a83b95b295c1f07ff1067084692878febe673c596abea4,256,byte_identical
thesis/data/runs/mad_etd_thesis_reviewer_closure_v24/ustc_ten_seed_internal/ustc_multiseed/seed_49/v61/bootstrap_ci_results.csv,data/runs/mad_etd_thesis_reviewer_closure_v24/ustc_ten_seed_internal/ustc_multiseed/seed_49/v61/bootstrap_ci_results.csv,aggregate,83e21473b068287697ec1f4954c62e66b198fd635778cd0c001d3053f1781a67,4fcd24aa7bdab798ae3fdff4dcfcd6f54850da3ac76c334818d94ddf6c2c73fb,12966,utf8_bom_removed
thesis/data/runs/mad_etd_thesis_reviewer_closure_v24/ustc_ten_seed_internal/ustc_multiseed/seed_49/v61/fresh_acceptance_report.json,data/runs/mad_etd_thesis_reviewer_closure_v24/ustc_ten_seed_internal/ustc_multiseed/seed_49/v61/fresh_acceptance_report.json,aggregate,44d5554337c89a50a4427a2d6aaed157cac53a6c6bc3214b4e9a4daa9560d385,44d5554337c89a50a4427a2d6aaed157cac53a6c6bc3214b4e9a4daa9560d385,879,byte_identical
thesis/data/runs/mad_etd_thesis_reviewer_closure_v24/ustc_ten_seed_internal/ustc_multiseed/seed_49/v61/group_results.csv,data/runs/mad_etd_thesis_reviewer_closure_v24/ustc_ten_seed_internal/ustc_multiseed/seed_49/v61/group_results.csv,aggregate,42a7e9c4532e1ddfc3bfeb9ab171e0a07e9dfe0160c3fc2ce64dc339232528d0,44ea6e3f37c362be8622821ad3c0dec439a316d22a3204d6fb03a40567848a58,1241,utf8_bom_removed
thesis/data/runs/mad_etd_thesis_reviewer_closure_v24/ustc_ten_seed_internal/ustc_multiseed/seed_49/v61/meta_policy_cv_folds.csv,data/runs/mad_etd_thesis_reviewer_closure_v24/ustc_ten_seed_internal/ustc_multiseed/seed_49/v61/meta_policy_cv_folds.csv,aggregate,8d67e2c96cf560232517a2a12ffd8775f9c0bd76a0e8a0d6be4ad6ebaf651f0b,7e033970c7f2951a4bc10873d19c73217ae4285074b792439c973b57af1a8e85,181,utf8_bom_removed
thesis/data/runs/mad_etd_thesis_reviewer_closure_v24/ustc_ten_seed_internal/ustc_multiseed/seed_49/v61/performance_report.json,data/runs/mad_etd_thesis_reviewer_closure_v24/ustc_ten_seed_internal/ustc_multiseed/seed_49/v61/performance_report.json,aggregate,20884eb885812b803f64d982782f63f69c60377621946b876e4683d54fd10878,20884eb885812b803f64d982782f63f69c60377621946b876e4683d54fd10878,2370,byte_identical
thesis/data/runs/mad_etd_thesis_reviewer_closure_v24/ustc_ten_seed_internal/ustc_multiseed/seed_49/v61/runtime_comparison.csv,data/runs/mad_etd_thesis_reviewer_closure_v24/ustc_ten_seed_internal/ustc_multiseed/seed_49/v61/runtime_comparison.csv,aggregate,03c7e8649142b53c0a7f5a5aa49c7065375af95726d751c08f0ce8cfc1c49b29,2cabb6409ccfd9a9a1d33c9c7b826dd8df22914195e4cfb430f5297e4c68f04f,628,utf8_bom_removed
thesis/data/runs/mad_etd_thesis_reviewer_closure_v24/ustc_ten_seed_internal/ustc_multiseed/seed_49/v61/security_acceptance.json,data/runs/mad_etd_thesis_reviewer_closure_v24/ustc_ten_seed_internal/ustc_multiseed/seed_49/v61/security_acceptance.json,aggregate,98eb9fe845c6e659620b5b838935162dfdebd37d34cfa62a5d9cf08b925688a6,98eb9fe845c6e659620b5b838935162dfdebd37d34cfa62a5d9cf08b925688a6,378,byte_identical
thesis/data/runs/mad_etd_thesis_reviewer_closure_v24/ustc_ten_seed_internal/ustc_multiseed/seed_49/v61/training_report.json,data/runs/mad_etd_thesis_reviewer_closure_v24/ustc_ten_seed_internal/ustc_multiseed/seed_49/v61/training_report.json,aggregate,f847991899885ee8083b9e755f0dddcb5867207f836f6d3e5d2766cffcb46734,f847991899885ee8083b9e755f0dddcb5867207f836f6d3e5d2766cffcb46734,2329,byte_identical
thesis/data/runs/mad_etd_thesis_reviewer_closure_v24/ustc_ten_seed_internal/ustc_multiseed/seed_50/hybrid/factorial_ablation_results.csv,data/runs/mad_etd_thesis_reviewer_closure_v24/ustc_ten_seed_internal/ustc_multiseed/seed_50/hybrid/factorial_ablation_results.csv,aggregate,b783e4df6d671f322458f6fea4c56e1aa259ff2b4224c6c5f567410166d3648b,44998af2247ba94aeed50aaeb14e86d6ab68ac17d0b7309e614c18e6f8c2ac42,2222,utf8_bom_removed
thesis/data/runs/mad_etd_thesis_reviewer_closure_v24/ustc_ten_seed_internal/ustc_multiseed/seed_50/hybrid/grouped_bootstrap.csv,data/runs/mad_etd_thesis_reviewer_closure_v24/ustc_ten_seed_internal/ustc_multiseed/seed_50/hybrid/grouped_bootstrap.csv,aggregate,97f528f7a22b93936abe4d6aba394c11c5f1547abac68195b2f1b0756cd4fbab,cf46292023962288ae09fdc78fd9a736cf6b5166c3b79be4d7c58a99f7495843,1690,utf8_bom_removed
thesis/data/runs/mad_etd_thesis_reviewer_closure_v24/ustc_ten_seed_internal/ustc_multiseed/seed_50/hybrid/model_registry.csv,data/runs/mad_etd_thesis_reviewer_closure_v24/ustc_ten_seed_internal/ustc_multiseed/seed_50/hybrid/model_registry.csv,aggregate,56f5f30a877d97eea9827770e29414f0ce502c85e83047b3f76c73694078211a,05e25d7ae9f8369f019595e2ff0afb55cea8421fdd59f68563bd2c9cbfea723e,16114,utf8_bom_removed
thesis/data/runs/mad_etd_thesis_reviewer_closure_v24/ustc_ten_seed_internal/ustc_multiseed/seed_50/hybrid/protocol.json,data/runs/mad_etd_thesis_reviewer_closure_v24/ustc_ten_seed_internal/ustc_multiseed/seed_50/hybrid/protocol.json,aggregate,3b35201655b273d650c624fb0edf764d1a64f4240262416057f42a10622e3133,3b35201655b273d650c624fb0edf764d1a64f4240262416057f42a10622e3133,1933,byte_identical
thesis/data/runs/mad_etd_thesis_reviewer_closure_v24/ustc_ten_seed_internal/ustc_multiseed/seed_50/hybrid/training_report.json,data/runs/mad_etd_thesis_reviewer_closure_v24/ustc_ten_seed_internal/ustc_multiseed/seed_50/hybrid/training_report.json,aggregate,c30aaf3442162987e6d2ddfea3c4e9f182fcd8896852f2c8dff21d57c74577e9,c30aaf3442162987e6d2ddfea3c4e9f182fcd8896852f2c8dff21d57c74577e9,3892,byte_identical
thesis/data/runs/mad_etd_thesis_reviewer_closure_v24/ustc_ten_seed_internal/ustc_multiseed/seed_50/v61/bootstrap_ci_report.json,data/runs/mad_etd_thesis_reviewer_closure_v24/ustc_ten_seed_internal/ustc_multiseed/seed_50/v61/bootstrap_ci_report.json,aggregate,99b7b52c6e36d84890bc64fbdf5cc2ce2f9910adc4b69ce09b6fe9b82044a5b8,99b7b52c6e36d84890bc64fbdf5cc2ce2f9910adc4b69ce09b6fe9b82044a5b8,339,byte_identical
thesis/data/runs/mad_etd_thesis_reviewer_closure_v24/ustc_ten_seed_internal/ustc_multiseed/seed_50/v61/bootstrap_ci_results.csv,data/runs/mad_etd_thesis_reviewer_closure_v24/ustc_ten_seed_internal/ustc_multiseed/seed_50/v61/bootstrap_ci_results.csv,aggregate,d6a52be811dd4f6eed8c2cb60f2e3574f6db6f72f2e586e4f0b6d9d301d20a4a,e4b8168ccfe70d28994495faa6074f8f346019625c0e83bbf402ed2fbc082cad,41242,utf8_bom_removed
thesis/data/runs/mad_etd_thesis_reviewer_closure_v24/ustc_ten_seed_internal/ustc_multiseed/seed_50/v61/fresh_acceptance_report.json,data/runs/mad_etd_thesis_reviewer_closure_v24/ustc_ten_seed_internal/ustc_multiseed/seed_50/v61/fresh_acceptance_report.json,aggregate,44d5554337c89a50a4427a2d6aaed157cac53a6c6bc3214b4e9a4daa9560d385,44d5554337c89a50a4427a2d6aaed157cac53a6c6bc3214b4e9a4daa9560d385,879,byte_identical
thesis/data/runs/mad_etd_thesis_reviewer_closure_v24/ustc_ten_seed_internal/ustc_multiseed/seed_50/v61/group_results.csv,data/runs/mad_etd_thesis_reviewer_closure_v24/ustc_ten_seed_internal/ustc_multiseed/seed_50/v61/group_results.csv,aggregate,3a9e4727b489116cc09f4faef4b02c5384d3ab7f8483fc3e1d683182a7cab1f7,b8c8e493425a64471f7298d079cbcd2e7a1d3475e25f7261b2a7a02a2dc2d6e8,1309,utf8_bom_removed
thesis/data/runs/mad_etd_thesis_reviewer_closure_v24/ustc_ten_seed_internal/ustc_multiseed/seed_50/v61/meta_policy_cv_folds.csv,data/runs/mad_etd_thesis_reviewer_closure_v24/ustc_ten_seed_internal/ustc_multiseed/seed_50/v61/meta_policy_cv_folds.csv,aggregate,6a0fb6f6f714e55c899f5ecf760ac41604a6c1b843dcc5bfeed7f7fec8a8514e,9ff810ce6be9d9248b0e09ca50522604a5bd07c7c33bd5f918eea2743699cbca,183,utf8_bom_removed
thesis/data/runs/mad_etd_thesis_reviewer_closure_v24/ustc_ten_seed_internal/ustc_multiseed/seed_50/v61/performance_report.json,data/runs/mad_etd_thesis_reviewer_closure_v24/ustc_ten_seed_internal/ustc_multiseed/seed_50/v61/performance_report.json,aggregate,0df4647ad97dbcda64a1018123b1849af4cc56c44ad8fc66a6e2c0b99ad8d653,0df4647ad97dbcda64a1018123b1849af4cc56c44ad8fc66a6e2c0b99ad8d653,2550,byte_identical
thesis/data/runs/mad_etd_thesis_reviewer_closure_v24/ustc_ten_seed_internal/ustc_multiseed/seed_50/v61/runtime_comparison.csv,data/runs/mad_etd_thesis_reviewer_closure_v24/ustc_ten_seed_internal/ustc_multiseed/seed_50/v61/runtime_comparison.csv,aggregate,764c18616041e393cbfa5f7ef3a70db727185a4559f25cb855af17d6f81a58fb,22dd53253ac251f67dce7172bcc769886a5f15f543b71c79a3affc102541ed60,627,utf8_bom_removed
thesis/data/runs/mad_etd_thesis_reviewer_closure_v24/ustc_ten_seed_internal/ustc_multiseed/seed_50/v61/security_acceptance.json,data/runs/mad_etd_thesis_reviewer_closure_v24/ustc_ten_seed_internal/ustc_multiseed/seed_50/v61/security_acceptance.json,aggregate,98eb9fe845c6e659620b5b838935162dfdebd37d34cfa62a5d9cf08b925688a6,98eb9fe845c6e659620b5b838935162dfdebd37d34cfa62a5d9cf08b925688a6,378,byte_identical
thesis/data/runs/mad_etd_thesis_reviewer_closure_v24/ustc_ten_seed_internal/ustc_multiseed/seed_50/v61/training_report.json,data/runs/mad_etd_thesis_reviewer_closure_v24/ustc_ten_seed_internal/ustc_multiseed/seed_50/v61/training_report.json,aggregate,97d9632af40f592aab3e2ce8630797c3e31607ac043199d7edd0578bb8ada34a,97d9632af40f592aab3e2ce8630797c3e31607ac043199d7edd0578bb8ada34a,2289,byte_identical
thesis/data/runs/mad_etd_thesis_reviewer_closure_v24/ustc_ten_seed_internal/ustc_multiseed/seed_51/hybrid/factorial_ablation_results.csv,data/runs/mad_etd_thesis_reviewer_closure_v24/ustc_ten_seed_internal/ustc_multiseed/seed_51/hybrid/factorial_ablation_results.csv,aggregate,7ba8d79c623acf413813927f3ce287aec1d1106135bcba9d060c57810c7973fb,b90eac8db0c46e052bbba27099323e19103ccacd0c8f2fb32fd677f3ac98fc8e,2243,utf8_bom_removed
thesis/data/runs/mad_etd_thesis_reviewer_closure_v24/ustc_ten_seed_internal/ustc_multiseed/seed_51/hybrid/grouped_bootstrap.csv,data/runs/mad_etd_thesis_reviewer_closure_v24/ustc_ten_seed_internal/ustc_multiseed/seed_51/hybrid/grouped_bootstrap.csv,aggregate,486a6c26048681ace080d7135c8098cafc039440702e5ffa8ad3eb2e49b0cf33,377a05abcf254c1e972d8682ef6ae63dac70932613875a1ed0a012ff680632dd,1689,utf8_bom_removed
thesis/data/runs/mad_etd_thesis_reviewer_closure_v24/ustc_ten_seed_internal/ustc_multiseed/seed_51/hybrid/model_registry.csv,data/runs/mad_etd_thesis_reviewer_closure_v24/ustc_ten_seed_internal/ustc_multiseed/seed_51/hybrid/model_registry.csv,aggregate,fa43cf820e7283ca0d6b8a68e7b3e820a173190a13cd108cf39c6ff74b647f0e,dc894e24a63a185bb4f88beaa985cb72763f4fb3f395b44dc94ab1435d5ea127,16093,utf8_bom_removed
thesis/data/runs/mad_etd_thesis_reviewer_closure_v24/ustc_ten_seed_internal/ustc_multiseed/seed_51/hybrid/protocol.json,data/runs/mad_etd_thesis_reviewer_closure_v24/ustc_ten_seed_internal/ustc_multiseed/seed_51/hybrid/protocol.json,aggregate,3b35201655b273d650c624fb0edf764d1a64f4240262416057f42a10622e3133,3b35201655b273d650c624fb0edf764d1a64f4240262416057f42a10622e3133,1933,byte_identical
thesis/data/runs/mad_etd_thesis_reviewer_closure_v24/ustc_ten_seed_internal/ustc_multiseed/seed_51/hybrid/training_report.json,data/runs/mad_etd_thesis_reviewer_closure_v24/ustc_ten_seed_internal/ustc_multiseed/seed_51/hybrid/training_report.json,aggregate,4220121ca3ea6a2c4e162733445c2f422dab8cbc02c2b8049db80fcb06d65b2f,4220121ca3ea6a2c4e162733445c2f422dab8cbc02c2b8049db80fcb06d65b2f,4011,byte_identical
thesis/data/runs/mad_etd_thesis_reviewer_closure_v24/ustc_ten_seed_internal/ustc_multiseed/seed_51/v61/bootstrap_ci_report.json,data/runs/mad_etd_thesis_reviewer_closure_v24/ustc_ten_seed_internal/ustc_multiseed/seed_51/v61/bootstrap_ci_report.json,aggregate,e1295c9932aa7e100831efc5252567d04a01b837edd4e01a0aea689f848b3b7c,e1295c9932aa7e100831efc5252567d04a01b837edd4e01a0aea689f848b3b7c,356,byte_identical
thesis/data/runs/mad_etd_thesis_reviewer_closure_v24/ustc_ten_seed_internal/ustc_multiseed/seed_51/v61/bootstrap_ci_results.csv,data/runs/mad_etd_thesis_reviewer_closure_v24/ustc_ten_seed_internal/ustc_multiseed/seed_51/v61/bootstrap_ci_results.csv,aggregate,1077410e22c8f78b34acd607566b838119372c987e9bd01d21d400a24a7e5791,9d32cf083401f4bfb602159bb7a24550dd0b5274471f719c1e3310ff4274a653,46037,utf8_bom_removed
thesis/data/runs/mad_etd_thesis_reviewer_closure_v24/ustc_ten_seed_internal/ustc_multiseed/seed_51/v61/fresh_acceptance_report.json,data/runs/mad_etd_thesis_reviewer_closure_v24/ustc_ten_seed_internal/ustc_multiseed/seed_51/v61/fresh_acceptance_report.json,aggregate,44d5554337c89a50a4427a2d6aaed157cac53a6c6bc3214b4e9a4daa9560d385,44d5554337c89a50a4427a2d6aaed157cac53a6c6bc3214b4e9a4daa9560d385,879,byte_identical
thesis/data/runs/mad_etd_thesis_reviewer_closure_v24/ustc_ten_seed_internal/ustc_multiseed/seed_51/v61/group_results.csv,data/runs/mad_etd_thesis_reviewer_closure_v24/ustc_ten_seed_internal/ustc_multiseed/seed_51/v61/group_results.csv,aggregate,6357df93aafc3d3a010d921c38e8ca96e35860d1966f306646ef6ff5227c308a,1df16d83a0bdeb797df59a28de5a2f4964cc569fd53fb696a4ffc9dc31f0dd6b,1376,utf8_bom_removed
thesis/data/runs/mad_etd_thesis_reviewer_closure_v24/ustc_ten_seed_internal/ustc_multiseed/seed_51/v61/meta_policy_cv_folds.csv,data/runs/mad_etd_thesis_reviewer_closure_v24/ustc_ten_seed_internal/ustc_multiseed/seed_51/v61/meta_policy_cv_folds.csv,aggregate,869a4d8f2abe37d08740b953c396b8fed0aed9365c2155f9a5e5bd2776a0d53a,d0580667cbc91438dc79810684bf42e06979eb56e6ae41351050ae672d315743,185,utf8_bom_removed
thesis/data/runs/mad_etd_thesis_reviewer_closure_v24/ustc_ten_seed_internal/ustc_multiseed/seed_51/v61/performance_report.json,data/runs/mad_etd_thesis_reviewer_closure_v24/ustc_ten_seed_internal/ustc_multiseed/seed_51/v61/performance_report.json,aggregate,90a342e383d105a12256f5980eb7c0a358ccbb7b2593f0614488c3a6fd1e5b89,90a342e383d105a12256f5980eb7c0a358ccbb7b2593f0614488c3a6fd1e5b89,2583,byte_identical
thesis/data/runs/mad_etd_thesis_reviewer_closure_v24/ustc_ten_seed_internal/ustc_multiseed/seed_51/v61/runtime_comparison.csv,data/runs/mad_etd_thesis_reviewer_closure_v24/ustc_ten_seed_internal/ustc_multiseed/seed_51/v61/runtime_comparison.csv,aggregate,e150d336700e07fe3bce31e30f59d179d93ddfb1c1d490a9b2b5ab88e2f9b39d,a3adcb4a0bfe7e7c48d2abe0f4df7ced442bd157f6df56a96502aed727997da7,630,utf8_bom_removed
thesis/data/runs/mad_etd_thesis_reviewer_closure_v24/ustc_ten_seed_internal/ustc_multiseed/seed_51/v61/security_acceptance.json,data/runs/mad_etd_thesis_reviewer_closure_v24/ustc_ten_seed_internal/ustc_multiseed/seed_51/v61/security_acceptance.json,aggregate,98eb9fe845c6e659620b5b838935162dfdebd37d34cfa62a5d9cf08b925688a6,98eb9fe845c6e659620b5b838935162dfdebd37d34cfa62a5d9cf08b925688a6,378,byte_identical
thesis/data/runs/mad_etd_thesis_reviewer_closure_v24/ustc_ten_seed_internal/ustc_multiseed/seed_51/v61/training_report.json,data/runs/mad_etd_thesis_reviewer_closure_v24/ustc_ten_seed_internal/ustc_multiseed/seed_51/v61/training_report.json,aggregate,c25d0a0a5c7d5144cca306ec5fed115ee65f8b117ecdbe8a2f132a6c3cfb2970,c25d0a0a5c7d5144cca306ec5fed115ee65f8b117ecdbe8a2f132a6c3cfb2970,2354,byte_identical
thesis/data/runs/mad_etd_thesis_reviewer_closure_v24/ustc_ten_seed_internal/ustc_multiseed_report.json,data/runs/mad_etd_thesis_reviewer_closure_v24/ustc_ten_seed_internal/ustc_multiseed_report.json,aggregate,8c5a53c703569df5bc8377737a22694d0ee94e891907f38edbab87f23236b152,8c5a53c703569df5bc8377737a22694d0ee94e891907f38edbab87f23236b152,8105,byte_identical
thesis/data/runs/mad_etd_thesis_reviewer_closure_v24/ustc_ten_seed_internal/ustc_multiseed_results.csv,data/runs/mad_etd_thesis_reviewer_closure_v24/ustc_ten_seed_internal/ustc_multiseed_results.csv,aggregate,038f9647186e5c320d34d220ec089b031eb3afbb0ffe16e220e1c5bbb7ded435,e3d7c368e13a63517a0f9226185a9836ae383b77cd85be319986a147308de8c5,1768,utf8_bom_removed
thesis/data/runs/mad_etd_thesis_reviewer_closure_v24/ustc_ten_seed_report.json,data/runs/mad_etd_thesis_reviewer_closure_v24/ustc_ten_seed_report.json,aggregate,ba53ab9eb74ffe7053859edbfa4a8eaa55e82045aa199d62221309a5c0e5a914,ba53ab9eb74ffe7053859edbfa4a8eaa55e82045aa199d62221309a5c0e5a914,848,byte_identical
thesis/data/runs/mad_etd_thesis_reviewer_closure_v24/ustc_ten_seed_results.csv,data/runs/mad_etd_thesis_reviewer_closure_v24/ustc_ten_seed_results.csv,aggregate,038f9647186e5c320d34d220ec089b031eb3afbb0ffe16e220e1c5bbb7ded435,e3d7c368e13a63517a0f9226185a9836ae383b77cd85be319986a147308de8c5,1768,utf8_bom_removed
thesis/data/runs/mad_etd_thesis_reviewer_closure_v24/ustc_ten_seed_runs/seed_45/audit_report.json,data/runs/mad_etd_thesis_reviewer_closure_v24/ustc_ten_seed_runs/seed_45/audit_report.json,aggregate,0fca748125f526c652d3f1866d702c80d844d5226332b489fc9153f2f01e372e,0fca748125f526c652d3f1866d702c80d844d5226332b489fc9153f2f01e372e,1001,byte_identical
thesis/data/runs/mad_etd_thesis_reviewer_closure_v24/ustc_ten_seed_runs/seed_45/ustc_multiseed/seed_45/hybrid/factorial_ablation_results.csv,data/runs/mad_etd_thesis_reviewer_closure_v24/ustc_ten_seed_runs/seed_45/ustc_multiseed/seed_45/hybrid/factorial_ablation_results.csv,aggregate,b56c3f0753d3482d933e5f94de7181b0b5ee7372d9f85108c77416502347a2cc,65eb097dc8d58d96248b9ff77e566be187e9c4f1ddf1c072916389c27bba1cb7,2226,utf8_bom_removed
thesis/data/runs/mad_etd_thesis_reviewer_closure_v24/ustc_ten_seed_runs/seed_45/ustc_multiseed/seed_45/hybrid/grouped_bootstrap.csv,data/runs/mad_etd_thesis_reviewer_closure_v24/ustc_ten_seed_runs/seed_45/ustc_multiseed/seed_45/hybrid/grouped_bootstrap.csv,aggregate,aa93736ecf5f88d461ad4885a8d590deeda2b5b2f870846be8743c9e80609cf0,73f715f2f3abb55b1806ac1eaf18a2b9d76a4379a420a164f534a99acccd27f2,1692,utf8_bom_removed
thesis/data/runs/mad_etd_thesis_reviewer_closure_v24/ustc_ten_seed_runs/seed_45/ustc_multiseed/seed_45/hybrid/model_registry.csv,data/runs/mad_etd_thesis_reviewer_closure_v24/ustc_ten_seed_runs/seed_45/ustc_multiseed/seed_45/hybrid/model_registry.csv,aggregate,67e48292f89529666a85d08e93f953744f932fce18551b06bdfe5301db8173f6,528c8da10e2182c9238af1d95a23fa64c847f3af669ca5bdc304f4a9fdb52820,16314,utf8_bom_removed
thesis/data/runs/mad_etd_thesis_reviewer_closure_v24/ustc_ten_seed_runs/seed_45/ustc_multiseed/seed_45/hybrid/protocol.json,data/runs/mad_etd_thesis_reviewer_closure_v24/ustc_ten_seed_runs/seed_45/ustc_multiseed/seed_45/hybrid/protocol.json,aggregate,3b35201655b273d650c624fb0edf764d1a64f4240262416057f42a10622e3133,3b35201655b273d650c624fb0edf764d1a64f4240262416057f42a10622e3133,1933,byte_identical
thesis/data/runs/mad_etd_thesis_reviewer_closure_v24/ustc_ten_seed_runs/seed_45/ustc_multiseed/seed_45/hybrid/training_report.json,data/runs/mad_etd_thesis_reviewer_closure_v24/ustc_ten_seed_runs/seed_45/ustc_multiseed/seed_45/hybrid/training_report.json,aggregate,f33629cdd031b95380afbc79997a8406283b6801485cae89365a1769081a2b03,f33629cdd031b95380afbc79997a8406283b6801485cae89365a1769081a2b03,4021,byte_identical
thesis/data/runs/mad_etd_thesis_reviewer_closure_v24/ustc_ten_seed_runs/seed_45/ustc_multiseed/seed_45/v61/bootstrap_ci_report.json,data/runs/mad_etd_thesis_reviewer_closure_v24/ustc_ten_seed_runs/seed_45/ustc_multiseed/seed_45/v61/bootstrap_ci_report.json,aggregate,e4ceb3e4c308ab4e91a83b95b295c1f07ff1067084692878febe673c596abea4,e4ceb3e4c308ab4e91a83b95b295c1f07ff1067084692878febe673c596abea4,256,byte_identical
thesis/data/runs/mad_etd_thesis_reviewer_closure_v24/ustc_ten_seed_runs/seed_45/ustc_multiseed/seed_45/v61/bootstrap_ci_results.csv,data/runs/mad_etd_thesis_reviewer_closure_v24/ustc_ten_seed_runs/seed_45/ustc_multiseed/seed_45/v61/bootstrap_ci_results.csv,aggregate,83e21473b068287697ec1f4954c62e66b198fd635778cd0c001d3053f1781a67,4fcd24aa7bdab798ae3fdff4dcfcd6f54850da3ac76c334818d94ddf6c2c73fb,12966,utf8_bom_removed
thesis/data/runs/mad_etd_thesis_reviewer_closure_v24/ustc_ten_seed_runs/seed_45/ustc_multiseed/seed_45/v61/fresh_acceptance_report.json,data/runs/mad_etd_thesis_reviewer_closure_v24/ustc_ten_seed_runs/seed_45/ustc_multiseed/seed_45/v61/fresh_acceptance_report.json,aggregate,44d5554337c89a50a4427a2d6aaed157cac53a6c6bc3214b4e9a4daa9560d385,44d5554337c89a50a4427a2d6aaed157cac53a6c6bc3214b4e9a4daa9560d385,879,byte_identical
thesis/data/runs/mad_etd_thesis_reviewer_closure_v24/ustc_ten_seed_runs/seed_45/ustc_multiseed/seed_45/v61/group_results.csv,data/runs/mad_etd_thesis_reviewer_closure_v24/ustc_ten_seed_runs/seed_45/ustc_multiseed/seed_45/v61/group_results.csv,aggregate,138879852329a6993a6a074cb93aa51dc088c7ebb96713d076015603a6e679b9,a6dc0a2796b113abe648e9abff90ddaf0cf047c25750540296750524a14dbfbe,1266,utf8_bom_removed
thesis/data/runs/mad_etd_thesis_reviewer_closure_v24/ustc_ten_seed_runs/seed_45/ustc_multiseed/seed_45/v61/meta_policy_cv_folds.csv,data/runs/mad_etd_thesis_reviewer_closure_v24/ustc_ten_seed_runs/seed_45/ustc_multiseed/seed_45/v61/meta_policy_cv_folds.csv,aggregate,fa0a55710ef09c3b5d301a9d8acc2398deeb5160c0390bd31cfa604e6e08cfaf,eb13d1838e0ebcc79466998db25f481af81d411c85e76c624b3ab501efe77c28,181,utf8_bom_removed
thesis/data/runs/mad_etd_thesis_reviewer_closure_v24/ustc_ten_seed_runs/seed_45/ustc_multiseed/seed_45/v61/performance_report.json,data/runs/mad_etd_thesis_reviewer_closure_v24/ustc_ten_seed_runs/seed_45/ustc_multiseed/seed_45/v61/performance_report.json,aggregate,8e5402616322569e8abbb11ed7282bc1d68ce0300731f8185454a2d17fe273a8,8e5402616322569e8abbb11ed7282bc1d68ce0300731f8185454a2d17fe273a8,2368,byte_identical
thesis/data/runs/mad_etd_thesis_reviewer_closure_v24/ustc_ten_seed_runs/seed_45/ustc_multiseed/seed_45/v61/runtime_comparison.csv,data/runs/mad_etd_thesis_reviewer_closure_v24/ustc_ten_seed_runs/seed_45/ustc_multiseed/seed_45/v61/runtime_comparison.csv,aggregate,be105bf63806298c7a29d3548e2af380a3ace6579869a9f5c5c70e2a51e28fbd,1d0508f70d73baa616d8b620095e58004799d1e771ce617aa871081ff29ab0ee,627,utf8_bom_removed
thesis/data/runs/mad_etd_thesis_reviewer_closure_v24/ustc_ten_seed_runs/seed_45/ustc_multiseed/seed_45/v61/security_acceptance.json,data/runs/mad_etd_thesis_reviewer_closure_v24/ustc_ten_seed_runs/seed_45/ustc_multiseed/seed_45/v61/security_acceptance.json,aggregate,98eb9fe845c6e659620b5b838935162dfdebd37d34cfa62a5d9cf08b925688a6,98eb9fe845c6e659620b5b838935162dfdebd37d34cfa62a5d9cf08b925688a6,378,byte_identical
thesis/data/runs/mad_etd_thesis_reviewer_closure_v24/ustc_ten_seed_runs/seed_45/ustc_multiseed/seed_45/v61/training_report.json,data/runs/mad_etd_thesis_reviewer_closure_v24/ustc_ten_seed_runs/seed_45/ustc_multiseed/seed_45/v61/training_report.json,aggregate,b3b80a6e25cc6f870565953a2ffae0af3ccb369744cdfd53f79286e08d73ac38,b3b80a6e25cc6f870565953a2ffae0af3ccb369744cdfd53f79286e08d73ac38,2298,byte_identical
thesis/data/runs/mad_etd_thesis_reviewer_closure_v24/ustc_ten_seed_runs/seed_45/ustc_multiseed_report.json,data/runs/mad_etd_thesis_reviewer_closure_v24/ustc_ten_seed_runs/seed_45/ustc_multiseed_report.json,aggregate,1f2ade6209978fcc05a44b0eff23ffc1bd58505c4f5c7a213461f12a81a50e3f,1f2ade6209978fcc05a44b0eff23ffc1bd58505c4f5c7a213461f12a81a50e3f,1621,byte_identical
thesis/data/runs/mad_etd_thesis_reviewer_closure_v24/ustc_ten_seed_runs/seed_45/ustc_multiseed_results.csv,data/runs/mad_etd_thesis_reviewer_closure_v24/ustc_ten_seed_runs/seed_45/ustc_multiseed_results.csv,aggregate,ccce55515c496392121608529778faa6f56b008ff210346ffca3397b37de25ed,b6dddda24ec897134011f57175dea8146590d170dcb55933e1e695c9e26d73c6,462,utf8_bom_removed
thesis/data/runs/mad_etd_thesis_reviewer_closure_v24/ustc_ten_seed_runs/seed_46/audit_report.json,data/runs/mad_etd_thesis_reviewer_closure_v24/ustc_ten_seed_runs/seed_46/audit_report.json,aggregate,0fca748125f526c652d3f1866d702c80d844d5226332b489fc9153f2f01e372e,0fca748125f526c652d3f1866d702c80d844d5226332b489fc9153f2f01e372e,1001,byte_identical
thesis/data/runs/mad_etd_thesis_reviewer_closure_v24/ustc_ten_seed_runs/seed_46/ustc_multiseed/seed_46/hybrid/factorial_ablation_results.csv,data/runs/mad_etd_thesis_reviewer_closure_v24/ustc_ten_seed_runs/seed_46/ustc_multiseed/seed_46/hybrid/factorial_ablation_results.csv,aggregate,929e8fbcebdc47c30f50c04a3143990fb0234f4d2700a6ce383f8d4f435299c4,e6bca87115e4763b5fbebf3a35ab66b4b7337718aa9f88e029ac16e742260c5b,2172,utf8_bom_removed
thesis/data/runs/mad_etd_thesis_reviewer_closure_v24/ustc_ten_seed_runs/seed_46/ustc_multiseed/seed_46/hybrid/grouped_bootstrap.csv,data/runs/mad_etd_thesis_reviewer_closure_v24/ustc_ten_seed_runs/seed_46/ustc_multiseed/seed_46/hybrid/grouped_bootstrap.csv,aggregate,8a7faae011ebe7a25ffd93f697031b58fd36e0c7d3b02138b1a4486ca2c373f0,bc542bf6499a555f45effbe7db54a87eaecb89c2354d365eb86ec08bfdc2fe37,1697,utf8_bom_removed
thesis/data/runs/mad_etd_thesis_reviewer_closure_v24/ustc_ten_seed_runs/seed_46/ustc_multiseed/seed_46/hybrid/model_registry.csv,data/runs/mad_etd_thesis_reviewer_closure_v24/ustc_ten_seed_runs/seed_46/ustc_multiseed/seed_46/hybrid/model_registry.csv,aggregate,fb31b9215a6f279c885419a222bc29698627ef03adaca02388bbd874063a4c57,531f2f74673e3e37f98ec2cb139ebbf8e18e6f5212c30f771b1b51d3ec3ec0ce,16307,utf8_bom_removed
thesis/data/runs/mad_etd_thesis_reviewer_closure_v24/ustc_ten_seed_runs/seed_46/ustc_multiseed/seed_46/hybrid/protocol.json,data/runs/mad_etd_thesis_reviewer_closure_v24/ustc_ten_seed_runs/seed_46/ustc_multiseed/seed_46/hybrid/protocol.json,aggregate,3b35201655b273d650c624fb0edf764d1a64f4240262416057f42a10622e3133,3b35201655b273d650c624fb0edf764d1a64f4240262416057f42a10622e3133,1933,byte_identical
thesis/data/runs/mad_etd_thesis_reviewer_closure_v24/ustc_ten_seed_runs/seed_46/ustc_multiseed/seed_46/hybrid/training_report.json,data/runs/mad_etd_thesis_reviewer_closure_v24/ustc_ten_seed_runs/seed_46/ustc_multiseed/seed_46/hybrid/training_report.json,aggregate,fbc1b610972c0035549d17d104c589ba229bac091872cbe2d3b3e6ed3f9ebd7a,fbc1b610972c0035549d17d104c589ba229bac091872cbe2d3b3e6ed3f9ebd7a,3962,byte_identical
thesis/data/runs/mad_etd_thesis_reviewer_closure_v24/ustc_ten_seed_runs/seed_46/ustc_multiseed/seed_46/v61/bootstrap_ci_report.json,data/runs/mad_etd_thesis_reviewer_closure_v24/ustc_ten_seed_runs/seed_46/ustc_multiseed/seed_46/v61/bootstrap_ci_report.json,aggregate,e4ceb3e4c308ab4e91a83b95b295c1f07ff1067084692878febe673c596abea4,e4ceb3e4c308ab4e91a83b95b295c1f07ff1067084692878febe673c596abea4,256,byte_identical
thesis/data/runs/mad_etd_thesis_reviewer_closure_v24/ustc_ten_seed_runs/seed_46/ustc_multiseed/seed_46/v61/bootstrap_ci_results.csv,data/runs/mad_etd_thesis_reviewer_closure_v24/ustc_ten_seed_runs/seed_46/ustc_multiseed/seed_46/v61/bootstrap_ci_results.csv,aggregate,83e21473b068287697ec1f4954c62e66b198fd635778cd0c001d3053f1781a67,4fcd24aa7bdab798ae3fdff4dcfcd6f54850da3ac76c334818d94ddf6c2c73fb,12966,utf8_bom_removed
thesis/data/runs/mad_etd_thesis_reviewer_closure_v24/ustc_ten_seed_runs/seed_46/ustc_multiseed/seed_46/v61/fresh_acceptance_report.json,data/runs/mad_etd_thesis_reviewer_closure_v24/ustc_ten_seed_runs/seed_46/ustc_multiseed/seed_46/v61/fresh_acceptance_report.json,aggregate,44d5554337c89a50a4427a2d6aaed157cac53a6c6bc3214b4e9a4daa9560d385,44d5554337c89a50a4427a2d6aaed157cac53a6c6bc3214b4e9a4daa9560d385,879,byte_identical
thesis/data/runs/mad_etd_thesis_reviewer_closure_v24/ustc_ten_seed_runs/seed_46/ustc_multiseed/seed_46/v61/group_results.csv,data/runs/mad_etd_thesis_reviewer_closure_v24/ustc_ten_seed_runs/seed_46/ustc_multiseed/seed_46/v61/group_results.csv,aggregate,59ab08ae5ccaecba5362dbb0ed3c617593e33f8d114edbd94cd9e780563c5960,d798dc380d9555bab5cd122553f366acfb919752601f330f04c39eeabf623fb8,1263,utf8_bom_removed
thesis/data/runs/mad_etd_thesis_reviewer_closure_v24/ustc_ten_seed_runs/seed_46/ustc_multiseed/seed_46/v61/meta_policy_cv_folds.csv,data/runs/mad_etd_thesis_reviewer_closure_v24/ustc_ten_seed_runs/seed_46/ustc_multiseed/seed_46/v61/meta_policy_cv_folds.csv,aggregate,b3b76ddff84a7a7feebbf286c2207230127e7dd65946880576ed81f7d773e377,ddadd8346ea06d1cbfb2944f724ba5473ff80bb909cbefe90542c91479c4c876,181,utf8_bom_removed
thesis/data/runs/mad_etd_thesis_reviewer_closure_v24/ustc_ten_seed_runs/seed_46/ustc_multiseed/seed_46/v61/performance_report.json,data/runs/mad_etd_thesis_reviewer_closure_v24/ustc_ten_seed_runs/seed_46/ustc_multiseed/seed_46/v61/performance_report.json,aggregate,0dddcacd39bd73265ee183f84a87f70ccaf1b4efb559224791178baf5ff5c426,0dddcacd39bd73265ee183f84a87f70ccaf1b4efb559224791178baf5ff5c426,2371,byte_identical
thesis/data/runs/mad_etd_thesis_reviewer_closure_v24/ustc_ten_seed_runs/seed_46/ustc_multiseed/seed_46/v61/runtime_comparison.csv,data/runs/mad_etd_thesis_reviewer_closure_v24/ustc_ten_seed_runs/seed_46/ustc_multiseed/seed_46/v61/runtime_comparison.csv,aggregate,fd91cdbecfb0108add3ff2ba16996fa30dbe24b4407ed03f1185e216e9ec165c,81228f8723f3b56c0f902f147ae897940626622b13a7e9834f6e92b1bd985214,630,utf8_bom_removed
thesis/data/runs/mad_etd_thesis_reviewer_closure_v24/ustc_ten_seed_runs/seed_46/ustc_multiseed/seed_46/v61/security_acceptance.json,data/runs/mad_etd_thesis_reviewer_closure_v24/ustc_ten_seed_runs/seed_46/ustc_multiseed/seed_46/v61/security_acceptance.json,aggregate,98eb9fe845c6e659620b5b838935162dfdebd37d34cfa62a5d9cf08b925688a6,98eb9fe845c6e659620b5b838935162dfdebd37d34cfa62a5d9cf08b925688a6,378,byte_identical
thesis/data/runs/mad_etd_thesis_reviewer_closure_v24/ustc_ten_seed_runs/seed_46/ustc_multiseed/seed_46/v61/training_report.json,data/runs/mad_etd_thesis_reviewer_closure_v24/ustc_ten_seed_runs/seed_46/ustc_multiseed/seed_46/v61/training_report.json,aggregate,db084525f1883951fe10c84a97329a8308a411c71684a09978ed6d3232de937f,db084525f1883951fe10c84a97329a8308a411c71684a09978ed6d3232de937f,2291,byte_identical
thesis/data/runs/mad_etd_thesis_reviewer_closure_v24/ustc_ten_seed_runs/seed_46/ustc_multiseed_report.json,data/runs/mad_etd_thesis_reviewer_closure_v24/ustc_ten_seed_runs/seed_46/ustc_multiseed_report.json,aggregate,e05f2396bf487afc846c97d8488da7dc87f9937905d676a4889c5fba918d7864,e05f2396bf487afc846c97d8488da7dc87f9937905d676a4889c5fba918d7864,1626,byte_identical
thesis/data/runs/mad_etd_thesis_reviewer_closure_v24/ustc_ten_seed_runs/seed_46/ustc_multiseed_results.csv,data/runs/mad_etd_thesis_reviewer_closure_v24/ustc_ten_seed_runs/seed_46/ustc_multiseed_results.csv,aggregate,1500beb644e401acc9b9d15d4b315341854e6bc9f5a7eee59788f026f283227c,c99133c2a5df6f710fa25d9c4c947829d9dd04ea761804b0d65e89d3d5027b6f,467,utf8_bom_removed
thesis/data/runs/mad_etd_thesis_reviewer_closure_v24/ustc_ten_seed_runs/seed_47/audit_report.json,data/runs/mad_etd_thesis_reviewer_closure_v24/ustc_ten_seed_runs/seed_47/audit_report.json,aggregate,0fca748125f526c652d3f1866d702c80d844d5226332b489fc9153f2f01e372e,0fca748125f526c652d3f1866d702c80d844d5226332b489fc9153f2f01e372e,1001,byte_identical
thesis/data/runs/mad_etd_thesis_reviewer_closure_v24/ustc_ten_seed_runs/seed_47/ustc_multiseed/seed_47/hybrid/factorial_ablation_results.csv,data/runs/mad_etd_thesis_reviewer_closure_v24/ustc_ten_seed_runs/seed_47/ustc_multiseed/seed_47/hybrid/factorial_ablation_results.csv,aggregate,65aecc6d6ea2daf726c8a172fa20e7ed8b9c3d198837a8cf6215254a6a00f4c4,be958f9386c6804204ce5412dafe6bad4a9715b1f342b48500c22b246bdc3dc5,2225,utf8_bom_removed
thesis/data/runs/mad_etd_thesis_reviewer_closure_v24/ustc_ten_seed_runs/seed_47/ustc_multiseed/seed_47/hybrid/grouped_bootstrap.csv,data/runs/mad_etd_thesis_reviewer_closure_v24/ustc_ten_seed_runs/seed_47/ustc_multiseed/seed_47/hybrid/grouped_bootstrap.csv,aggregate,bdfd2fb3b3932c70dc98d6ed9bd47bd13a92ca8aa394675f10f492ad184af64c,89ccb96fad4ba50e9d215955f46575e66671155f79573e53982103cd6c2d5c20,1688,utf8_bom_removed
thesis/data/runs/mad_etd_thesis_reviewer_closure_v24/ustc_ten_seed_runs/seed_47/ustc_multiseed/seed_47/hybrid/model_registry.csv,data/runs/mad_etd_thesis_reviewer_closure_v24/ustc_ten_seed_runs/seed_47/ustc_multiseed/seed_47/hybrid/model_registry.csv,aggregate,0e5e87fe938ad1b14285f55f1e1516f3428a838a5fc74f3c95774280e14f97cb,e1a82ffb9ce7093bd806a62371561b65afc20d1934267d34f65f3a0c50b0d091,16316,utf8_bom_removed
thesis/data/runs/mad_etd_thesis_reviewer_closure_v24/ustc_ten_seed_runs/seed_47/ustc_multiseed/seed_47/hybrid/protocol.json,data/runs/mad_etd_thesis_reviewer_closure_v24/ustc_ten_seed_runs/seed_47/ustc_multiseed/seed_47/hybrid/protocol.json,aggregate,3b35201655b273d650c624fb0edf764d1a64f4240262416057f42a10622e3133,3b35201655b273d650c624fb0edf764d1a64f4240262416057f42a10622e3133,1933,byte_identical
thesis/data/runs/mad_etd_thesis_reviewer_closure_v24/ustc_ten_seed_runs/seed_47/ustc_multiseed/seed_47/hybrid/training_report.json,data/runs/mad_etd_thesis_reviewer_closure_v24/ustc_ten_seed_runs/seed_47/ustc_multiseed/seed_47/hybrid/training_report.json,aggregate,497b1d5364b60ecf5f55e9c3848808d2132950816e23b9b21231c476b8e9eb38,497b1d5364b60ecf5f55e9c3848808d2132950816e23b9b21231c476b8e9eb38,4027,byte_identical
thesis/data/runs/mad_etd_thesis_reviewer_closure_v24/ustc_ten_seed_runs/seed_47/ustc_multiseed/seed_47/v61/bootstrap_ci_report.json,data/runs/mad_etd_thesis_reviewer_closure_v24/ustc_ten_seed_runs/seed_47/ustc_multiseed/seed_47/v61/bootstrap_ci_report.json,aggregate,2ae4e8d3b0d06a7b1de0f1cd7fc70c138da2eee7f8bd0e8b62093d4058a9a1ea,2ae4e8d3b0d06a7b1de0f1cd7fc70c138da2eee7f8bd0e8b62093d4058a9a1ea,339,byte_identical
thesis/data/runs/mad_etd_thesis_reviewer_closure_v24/ustc_ten_seed_runs/seed_47/ustc_multiseed/seed_47/v61/bootstrap_ci_results.csv,data/runs/mad_etd_thesis_reviewer_closure_v24/ustc_ten_seed_runs/seed_47/ustc_multiseed/seed_47/v61/bootstrap_ci_results.csv,aggregate,bab3ecb414e4be3edddf7fd20f7bb93d7696cbebd83bb5fc4b88a9ebeff36389,d79596b4186c1dfd93671112b11e96155fe7ce42584b4d6a0c214b6ba0031f34,40779,utf8_bom_removed
thesis/data/runs/mad_etd_thesis_reviewer_closure_v24/ustc_ten_seed_runs/seed_47/ustc_multiseed/seed_47/v61/fresh_acceptance_report.json,data/runs/mad_etd_thesis_reviewer_closure_v24/ustc_ten_seed_runs/seed_47/ustc_multiseed/seed_47/v61/fresh_acceptance_report.json,aggregate,44d5554337c89a50a4427a2d6aaed157cac53a6c6bc3214b4e9a4daa9560d385,44d5554337c89a50a4427a2d6aaed157cac53a6c6bc3214b4e9a4daa9560d385,879,byte_identical
thesis/data/runs/mad_etd_thesis_reviewer_closure_v24/ustc_ten_seed_runs/seed_47/ustc_multiseed/seed_47/v61/group_results.csv,data/runs/mad_etd_thesis_reviewer_closure_v24/ustc_ten_seed_runs/seed_47/ustc_multiseed/seed_47/v61/group_results.csv,aggregate,7c7978b5ddab39a8fa4334b13f7cc7d4933ca611db3c0517764cbbf2175f5087,7832b61d6a7996a01bb0dc87eaba89383b5a989518b157115f65d7fbf7dab15f,1282,utf8_bom_removed
thesis/data/runs/mad_etd_thesis_reviewer_closure_v24/ustc_ten_seed_runs/seed_47/ustc_multiseed/seed_47/v61/meta_policy_cv_folds.csv,data/runs/mad_etd_thesis_reviewer_closure_v24/ustc_ten_seed_runs/seed_47/ustc_multiseed/seed_47/v61/meta_policy_cv_folds.csv,aggregate,dbb3658f79425eaab3e2f3c0c83e81805ad97dafc6ddcd377db2ecad5184eedb,06a66eb3fa86f2eb9b6fe5873fefc521e8550cdf2aa8fff1bd3dc17f32e7a01c,184,utf8_bom_removed
thesis/data/runs/mad_etd_thesis_reviewer_closure_v24/ustc_ten_seed_runs/seed_47/ustc_multiseed/seed_47/v61/performance_report.json,data/runs/mad_etd_thesis_reviewer_closure_v24/ustc_ten_seed_runs/seed_47/ustc_multiseed/seed_47/v61/performance_report.json,aggregate,8b1299eeff433cc9fa9c609f0cb61595f67e3ba59db7dbd0ace20ea24a54ace6,8b1299eeff433cc9fa9c609f0cb61595f67e3ba59db7dbd0ace20ea24a54ace6,2562,byte_identical
thesis/data/runs/mad_etd_thesis_reviewer_closure_v24/ustc_ten_seed_runs/seed_47/ustc_multiseed/seed_47/v61/runtime_comparison.csv,data/runs/mad_etd_thesis_reviewer_closure_v24/ustc_ten_seed_runs/seed_47/ustc_multiseed/seed_47/v61/runtime_comparison.csv,aggregate,e5baa865cb0a475207873972e08d8e49c73b2ad1d2701e765657975ec2a2199b,7d0d49e38d90d257daf6a7930a479b3818a94148cdd9978b297b5f26f9292240,618,utf8_bom_removed
thesis/data/runs/mad_etd_thesis_reviewer_closure_v24/ustc_ten_seed_runs/seed_47/ustc_multiseed/seed_47/v61/security_acceptance.json,data/runs/mad_etd_thesis_reviewer_closure_v24/ustc_ten_seed_runs/seed_47/ustc_multiseed/seed_47/v61/security_acceptance.json,aggregate,98eb9fe845c6e659620b5b838935162dfdebd37d34cfa62a5d9cf08b925688a6,98eb9fe845c6e659620b5b838935162dfdebd37d34cfa62a5d9cf08b925688a6,378,byte_identical
thesis/data/runs/mad_etd_thesis_reviewer_closure_v24/ustc_ten_seed_runs/seed_47/ustc_multiseed/seed_47/v61/training_report.json,data/runs/mad_etd_thesis_reviewer_closure_v24/ustc_ten_seed_runs/seed_47/ustc_multiseed/seed_47/v61/training_report.json,aggregate,9ade1b0a0004bf40ef66ad5a29c8bca9fd2ece46abafc737f1e6dcf03b557956,9ade1b0a0004bf40ef66ad5a29c8bca9fd2ece46abafc737f1e6dcf03b557956,2300,byte_identical
thesis/data/runs/mad_etd_thesis_reviewer_closure_v24/ustc_ten_seed_runs/seed_47/ustc_multiseed_report.json,data/runs/mad_etd_thesis_reviewer_closure_v24/ustc_ten_seed_runs/seed_47/ustc_multiseed_report.json,aggregate,79dc2196e3be48a1bc1ae20135618c9ad802acf836e9f41f34b691360e56c94d,79dc2196e3be48a1bc1ae20135618c9ad802acf836e9f41f34b691360e56c94d,1790,byte_identical
thesis/data/runs/mad_etd_thesis_reviewer_closure_v24/ustc_ten_seed_runs/seed_47/ustc_multiseed_results.csv,data/runs/mad_etd_thesis_reviewer_closure_v24/ustc_ten_seed_runs/seed_47/ustc_multiseed_results.csv,aggregate,392831e3a30b1f34a976eaf4f7ab89864ebe579ccb3202e17cf8ae43c680daae,0d8e1c0430ab2551147d7eceb365ff4a3e350554fe06e839d815e6d4b4c638ec,529,utf8_bom_removed
thesis/data/runs/mad_etd_thesis_reviewer_closure_v24/ustc_ten_seed_runs/seed_48/audit_report.json,data/runs/mad_etd_thesis_reviewer_closure_v24/ustc_ten_seed_runs/seed_48/audit_report.json,aggregate,0fca748125f526c652d3f1866d702c80d844d5226332b489fc9153f2f01e372e,0fca748125f526c652d3f1866d702c80d844d5226332b489fc9153f2f01e372e,1001,byte_identical
thesis/data/runs/mad_etd_thesis_reviewer_closure_v24/ustc_ten_seed_runs/seed_48/ustc_multiseed/seed_48/hybrid/factorial_ablation_results.csv,data/runs/mad_etd_thesis_reviewer_closure_v24/ustc_ten_seed_runs/seed_48/ustc_multiseed/seed_48/hybrid/factorial_ablation_results.csv,aggregate,cfbb83424d9c5018067285d2f283e4536da5153f64a395933c3caf3784987037,96c994feea4a0df6f2a0e864ea0dd3acb7786a19dc2303aed36585a5e14e44b3,2187,utf8_bom_removed
thesis/data/runs/mad_etd_thesis_reviewer_closure_v24/ustc_ten_seed_runs/seed_48/ustc_multiseed/seed_48/hybrid/grouped_bootstrap.csv,data/runs/mad_etd_thesis_reviewer_closure_v24/ustc_ten_seed_runs/seed_48/ustc_multiseed/seed_48/hybrid/grouped_bootstrap.csv,aggregate,5849b93aba7c56413e86163f02a6f74bc7a4bd6380697b1f6dbf02c05e8462fa,cd06a1ebadb70c0605981f6ed7f941e25232b872bb975f81ed0b2aba7b467f69,1697,utf8_bom_removed
thesis/data/runs/mad_etd_thesis_reviewer_closure_v24/ustc_ten_seed_runs/seed_48/ustc_multiseed/seed_48/hybrid/model_registry.csv,data/runs/mad_etd_thesis_reviewer_closure_v24/ustc_ten_seed_runs/seed_48/ustc_multiseed/seed_48/hybrid/model_registry.csv,aggregate,2efefe2dad5d7ce8edebdcd42f5719bf189448ae2320a7ffa2b5f733eb5424ae,2f2ccd6a0d5f7a62809e9caf5a75e762ee7ecded1972b6c76dc5a79d7ce3edff,16319,utf8_bom_removed
thesis/data/runs/mad_etd_thesis_reviewer_closure_v24/ustc_ten_seed_runs/seed_48/ustc_multiseed/seed_48/hybrid/protocol.json,data/runs/mad_etd_thesis_reviewer_closure_v24/ustc_ten_seed_runs/seed_48/ustc_multiseed/seed_48/hybrid/protocol.json,aggregate,3b35201655b273d650c624fb0edf764d1a64f4240262416057f42a10622e3133,3b35201655b273d650c624fb0edf764d1a64f4240262416057f42a10622e3133,1933,byte_identical
thesis/data/runs/mad_etd_thesis_reviewer_closure_v24/ustc_ten_seed_runs/seed_48/ustc_multiseed/seed_48/hybrid/training_report.json,data/runs/mad_etd_thesis_reviewer_closure_v24/ustc_ten_seed_runs/seed_48/ustc_multiseed/seed_48/hybrid/training_report.json,aggregate,dd0656bd39d1a9ed7128b81e51bd1d1ef3b4063adf08e05e69a05defc777974e,dd0656bd39d1a9ed7128b81e51bd1d1ef3b4063adf08e05e69a05defc777974e,4013,byte_identical
thesis/data/runs/mad_etd_thesis_reviewer_closure_v24/ustc_ten_seed_runs/seed_48/ustc_multiseed/seed_48/v61/bootstrap_ci_report.json,data/runs/mad_etd_thesis_reviewer_closure_v24/ustc_ten_seed_runs/seed_48/ustc_multiseed/seed_48/v61/bootstrap_ci_report.json,aggregate,e4ceb3e4c308ab4e91a83b95b295c1f07ff1067084692878febe673c596abea4,e4ceb3e4c308ab4e91a83b95b295c1f07ff1067084692878febe673c596abea4,256,byte_identical
thesis/data/runs/mad_etd_thesis_reviewer_closure_v24/ustc_ten_seed_runs/seed_48/ustc_multiseed/seed_48/v61/bootstrap_ci_results.csv,data/runs/mad_etd_thesis_reviewer_closure_v24/ustc_ten_seed_runs/seed_48/ustc_multiseed/seed_48/v61/bootstrap_ci_results.csv,aggregate,83e21473b068287697ec1f4954c62e66b198fd635778cd0c001d3053f1781a67,4fcd24aa7bdab798ae3fdff4dcfcd6f54850da3ac76c334818d94ddf6c2c73fb,12966,utf8_bom_removed
thesis/data/runs/mad_etd_thesis_reviewer_closure_v24/ustc_ten_seed_runs/seed_48/ustc_multiseed/seed_48/v61/fresh_acceptance_report.json,data/runs/mad_etd_thesis_reviewer_closure_v24/ustc_ten_seed_runs/seed_48/ustc_multiseed/seed_48/v61/fresh_acceptance_report.json,aggregate,44d5554337c89a50a4427a2d6aaed157cac53a6c6bc3214b4e9a4daa9560d385,44d5554337c89a50a4427a2d6aaed157cac53a6c6bc3214b4e9a4daa9560d385,879,byte_identical
thesis/data/runs/mad_etd_thesis_reviewer_closure_v24/ustc_ten_seed_runs/seed_48/ustc_multiseed/seed_48/v61/group_results.csv,data/runs/mad_etd_thesis_reviewer_closure_v24/ustc_ten_seed_runs/seed_48/ustc_multiseed/seed_48/v61/group_results.csv,aggregate,1dc809b3d0cb55999f7461625460682e59fa692636eb76b2d784228d580b04c1,967fce2e7ae625e1f039aabe5fb8da9a7e34c012e16694b5c7a9159c56b5c592,1265,utf8_bom_removed
thesis/data/runs/mad_etd_thesis_reviewer_closure_v24/ustc_ten_seed_runs/seed_48/ustc_multiseed/seed_48/v61/meta_policy_cv_folds.csv,data/runs/mad_etd_thesis_reviewer_closure_v24/ustc_ten_seed_runs/seed_48/ustc_multiseed/seed_48/v61/meta_policy_cv_folds.csv,aggregate,5aa72d32ef0cf73f21b43ecffa7b64e96d9d9a71bfa8b3c73a4b569bdcd1d97c,7b02b9c266a6004d7e696d0361030a4886b886f81f371fed6bb8a0a899d660f0,182,utf8_bom_removed
thesis/data/runs/mad_etd_thesis_reviewer_closure_v24/ustc_ten_seed_runs/seed_48/ustc_multiseed/seed_48/v61/performance_report.json,data/runs/mad_etd_thesis_reviewer_closure_v24/ustc_ten_seed_runs/seed_48/ustc_multiseed/seed_48/v61/performance_report.json,aggregate,ffd55f8c6a43720ccf3fc7d332d3d2a36b27e1506d363adb9da0a811326bd804,ffd55f8c6a43720ccf3fc7d332d3d2a36b27e1506d363adb9da0a811326bd804,2369,byte_identical
thesis/data/runs/mad_etd_thesis_reviewer_closure_v24/ustc_ten_seed_runs/seed_48/ustc_multiseed/seed_48/v61/runtime_comparison.csv,data/runs/mad_etd_thesis_reviewer_closure_v24/ustc_ten_seed_runs/seed_48/ustc_multiseed/seed_48/v61/runtime_comparison.csv,aggregate,a6fe79c57d5c1628905324b644d2fa46a25cd96f3f284fae1c3d38026709df5f,37a7e8d191587110c8c10d65481d176c4107427da2d3b2f308a69ee247cde263,627,utf8_bom_removed
thesis/data/runs/mad_etd_thesis_reviewer_closure_v24/ustc_ten_seed_runs/seed_48/ustc_multiseed/seed_48/v61/security_acceptance.json,data/runs/mad_etd_thesis_reviewer_closure_v24/ustc_ten_seed_runs/seed_48/ustc_multiseed/seed_48/v61/security_acceptance.json,aggregate,98eb9fe845c6e659620b5b838935162dfdebd37d34cfa62a5d9cf08b925688a6,98eb9fe845c6e659620b5b838935162dfdebd37d34cfa62a5d9cf08b925688a6,378,byte_identical
thesis/data/runs/mad_etd_thesis_reviewer_closure_v24/ustc_ten_seed_runs/seed_48/ustc_multiseed/seed_48/v61/training_report.json,data/runs/mad_etd_thesis_reviewer_closure_v24/ustc_ten_seed_runs/seed_48/ustc_multiseed/seed_48/v61/training_report.json,aggregate,021be4e1b94c538b27f730eb740090cfa2dcbe4ef15e7c8e3d2f90e79e945938,021be4e1b94c538b27f730eb740090cfa2dcbe4ef15e7c8e3d2f90e79e945938,2301,byte_identical
thesis/data/runs/mad_etd_thesis_reviewer_closure_v24/ustc_ten_seed_runs/seed_48/ustc_multiseed_report.json,data/runs/mad_etd_thesis_reviewer_closure_v24/ustc_ten_seed_runs/seed_48/ustc_multiseed_report.json,aggregate,8d13149d8f9b35ba1f50ab78ad39873cb722f574c92a8fc65875bbf8c7154d3b,8d13149d8f9b35ba1f50ab78ad39873cb722f574c92a8fc65875bbf8c7154d3b,1626,byte_identical
thesis/data/runs/mad_etd_thesis_reviewer_closure_v24/ustc_ten_seed_runs/seed_48/ustc_multiseed_results.csv,data/runs/mad_etd_thesis_reviewer_closure_v24/ustc_ten_seed_runs/seed_48/ustc_multiseed_results.csv,aggregate,6905253dc8dd7b2c36ed876c4d91f7d35480e6f1c0fd6a14526a4e61a4c04cbd,43a80bcb944c81ed37f484eeebeeb5844fe6f5ce48b18c919930f880082318d6,467,utf8_bom_removed
thesis/data/runs/mad_etd_thesis_reviewer_closure_v24/ustc_ten_seed_runs/seed_49/audit_report.json,data/runs/mad_etd_thesis_reviewer_closure_v24/ustc_ten_seed_runs/seed_49/audit_report.json,aggregate,0fca748125f526c652d3f1866d702c80d844d5226332b489fc9153f2f01e372e,0fca748125f526c652d3f1866d702c80d844d5226332b489fc9153f2f01e372e,1001,byte_identical
thesis/data/runs/mad_etd_thesis_reviewer_closure_v24/ustc_ten_seed_runs/seed_49/ustc_multiseed/seed_49/hybrid/factorial_ablation_results.csv,data/runs/mad_etd_thesis_reviewer_closure_v24/ustc_ten_seed_runs/seed_49/ustc_multiseed/seed_49/hybrid/factorial_ablation_results.csv,aggregate,63ab6e88df963599b0289653f53a5cc7f9d50685f3b3ce31a4b8511c77cfd510,093955fc795a513054a77201497492bd65a7480e4766ea8077c8e9c64276c957,2206,utf8_bom_removed
thesis/data/runs/mad_etd_thesis_reviewer_closure_v24/ustc_ten_seed_runs/seed_49/ustc_multiseed/seed_49/hybrid/grouped_bootstrap.csv,data/runs/mad_etd_thesis_reviewer_closure_v24/ustc_ten_seed_runs/seed_49/ustc_multiseed/seed_49/hybrid/grouped_bootstrap.csv,aggregate,2f222d9fea894e98f6f53b4b3aa7a115e865b5cbb3cb50b9b8413e671f1b4a74,7896f1edd608acea129167cf8b3eaa34a3b87c509dd3b925bb67ba44c1765b9f,1700,utf8_bom_removed
thesis/data/runs/mad_etd_thesis_reviewer_closure_v24/ustc_ten_seed_runs/seed_49/ustc_multiseed/seed_49/hybrid/model_registry.csv,data/runs/mad_etd_thesis_reviewer_closure_v24/ustc_ten_seed_runs/seed_49/ustc_multiseed/seed_49/hybrid/model_registry.csv,aggregate,5173f108a57e48b9dc5d483eed3bf28c44997588a97f3339b1f3da52b7603cea,08771eeb0d1c83c1f095a61703a38354007f7daa990f028807f285164e4b775b,16312,utf8_bom_removed
thesis/data/runs/mad_etd_thesis_reviewer_closure_v24/ustc_ten_seed_runs/seed_49/ustc_multiseed/seed_49/hybrid/protocol.json,data/runs/mad_etd_thesis_reviewer_closure_v24/ustc_ten_seed_runs/seed_49/ustc_multiseed/seed_49/hybrid/protocol.json,aggregate,3b35201655b273d650c624fb0edf764d1a64f4240262416057f42a10622e3133,3b35201655b273d650c624fb0edf764d1a64f4240262416057f42a10622e3133,1933,byte_identical
thesis/data/runs/mad_etd_thesis_reviewer_closure_v24/ustc_ten_seed_runs/seed_49/ustc_multiseed/seed_49/hybrid/training_report.json,data/runs/mad_etd_thesis_reviewer_closure_v24/ustc_ten_seed_runs/seed_49/ustc_multiseed/seed_49/hybrid/training_report.json,aggregate,795a79da169bf85e94f8b00b5146bb255b884072c722182cf1bd276c83301a78,795a79da169bf85e94f8b00b5146bb255b884072c722182cf1bd276c83301a78,4033,byte_identical
thesis/data/runs/mad_etd_thesis_reviewer_closure_v24/ustc_ten_seed_runs/seed_49/ustc_multiseed/seed_49/v61/bootstrap_ci_report.json,data/runs/mad_etd_thesis_reviewer_closure_v24/ustc_ten_seed_runs/seed_49/ustc_multiseed/seed_49/v61/bootstrap_ci_report.json,aggregate,e4ceb3e4c308ab4e91a83b95b295c1f07ff1067084692878febe673c596abea4,e4ceb3e4c308ab4e91a83b95b295c1f07ff1067084692878febe673c596abea4,256,byte_identical
thesis/data/runs/mad_etd_thesis_reviewer_closure_v24/ustc_ten_seed_runs/seed_49/ustc_multiseed/seed_49/v61/bootstrap_ci_results.csv,data/runs/mad_etd_thesis_reviewer_closure_v24/ustc_ten_seed_runs/seed_49/ustc_multiseed/seed_49/v61/bootstrap_ci_results.csv,aggregate,83e21473b068287697ec1f4954c62e66b198fd635778cd0c001d3053f1781a67,4fcd24aa7bdab798ae3fdff4dcfcd6f54850da3ac76c334818d94ddf6c2c73fb,12966,utf8_bom_removed
thesis/data/runs/mad_etd_thesis_reviewer_closure_v24/ustc_ten_seed_runs/seed_49/ustc_multiseed/seed_49/v61/fresh_acceptance_report.json,data/runs/mad_etd_thesis_reviewer_closure_v24/ustc_ten_seed_runs/seed_49/ustc_multiseed/seed_49/v61/fresh_acceptance_report.json,aggregate,44d5554337c89a50a4427a2d6aaed157cac53a6c6bc3214b4e9a4daa9560d385,44d5554337c89a50a4427a2d6aaed157cac53a6c6bc3214b4e9a4daa9560d385,879,byte_identical
thesis/data/runs/mad_etd_thesis_reviewer_closure_v24/ustc_ten_seed_runs/seed_49/ustc_multiseed/seed_49/v61/group_results.csv,data/runs/mad_etd_thesis_reviewer_closure_v24/ustc_ten_seed_runs/seed_49/ustc_multiseed/seed_49/v61/group_results.csv,aggregate,42a7e9c4532e1ddfc3bfeb9ab171e0a07e9dfe0160c3fc2ce64dc339232528d0,44ea6e3f37c362be8622821ad3c0dec439a316d22a3204d6fb03a40567848a58,1241,utf8_bom_removed
thesis/data/runs/mad_etd_thesis_reviewer_closure_v24/ustc_ten_seed_runs/seed_49/ustc_multiseed/seed_49/v61/meta_policy_cv_folds.csv,data/runs/mad_etd_thesis_reviewer_closure_v24/ustc_ten_seed_runs/seed_49/ustc_multiseed/seed_49/v61/meta_policy_cv_folds.csv,aggregate,8d67e2c96cf560232517a2a12ffd8775f9c0bd76a0e8a0d6be4ad6ebaf651f0b,7e033970c7f2951a4bc10873d19c73217ae4285074b792439c973b57af1a8e85,181,utf8_bom_removed
thesis/data/runs/mad_etd_thesis_reviewer_closure_v24/ustc_ten_seed_runs/seed_49/ustc_multiseed/seed_49/v61/performance_report.json,data/runs/mad_etd_thesis_reviewer_closure_v24/ustc_ten_seed_runs/seed_49/ustc_multiseed/seed_49/v61/performance_report.json,aggregate,20884eb885812b803f64d982782f63f69c60377621946b876e4683d54fd10878,20884eb885812b803f64d982782f63f69c60377621946b876e4683d54fd10878,2370,byte_identical
thesis/data/runs/mad_etd_thesis_reviewer_closure_v24/ustc_ten_seed_runs/seed_49/ustc_multiseed/seed_49/v61/runtime_comparison.csv,data/runs/mad_etd_thesis_reviewer_closure_v24/ustc_ten_seed_runs/seed_49/ustc_multiseed/seed_49/v61/runtime_comparison.csv,aggregate,03c7e8649142b53c0a7f5a5aa49c7065375af95726d751c08f0ce8cfc1c49b29,2cabb6409ccfd9a9a1d33c9c7b826dd8df22914195e4cfb430f5297e4c68f04f,628,utf8_bom_removed
thesis/data/runs/mad_etd_thesis_reviewer_closure_v24/ustc_ten_seed_runs/seed_49/ustc_multiseed/seed_49/v61/security_acceptance.json,data/runs/mad_etd_thesis_reviewer_closure_v24/ustc_ten_seed_runs/seed_49/ustc_multiseed/seed_49/v61/security_acceptance.json,aggregate,98eb9fe845c6e659620b5b838935162dfdebd37d34cfa62a5d9cf08b925688a6,98eb9fe845c6e659620b5b838935162dfdebd37d34cfa62a5d9cf08b925688a6,378,byte_identical
thesis/data/runs/mad_etd_thesis_reviewer_closure_v24/ustc_ten_seed_runs/seed_49/ustc_multiseed/seed_49/v61/training_report.json,data/runs/mad_etd_thesis_reviewer_closure_v24/ustc_ten_seed_runs/seed_49/ustc_multiseed/seed_49/v61/training_report.json,aggregate,24851758cec1a7909e526a7f3d92b1fd4cf7a5121bde656c4fabcaaa283ab9fd,24851758cec1a7909e526a7f3d92b1fd4cf7a5121bde656c4fabcaaa283ab9fd,2338,byte_identical
thesis/data/runs/mad_etd_thesis_reviewer_closure_v24/ustc_ten_seed_runs/seed_49/ustc_multiseed_report.json,data/runs/mad_etd_thesis_reviewer_closure_v24/ustc_ten_seed_runs/seed_49/ustc_multiseed_report.json,aggregate,2f79ad16ddacea82c40d0fa5a91ca085cabb61491ce6c741ca5af93606914e89,2f79ad16ddacea82c40d0fa5a91ca085cabb61491ce6c741ca5af93606914e89,1625,byte_identical
thesis/data/runs/mad_etd_thesis_reviewer_closure_v24/ustc_ten_seed_runs/seed_49/ustc_multiseed_results.csv,data/runs/mad_etd_thesis_reviewer_closure_v24/ustc_ten_seed_runs/seed_49/ustc_multiseed_results.csv,aggregate,bd199547124427ac9c2a9a3cec6838c54979ea98eb6d109ff18ffc3929dee50f,7f97bb68239254d17762cfcf25e31cecc54c3ed43c56a2339de9fd9b616e1251,466,utf8_bom_removed
thesis/data/runs/mad_etd_thesis_reviewer_closure_v24/ustc_ten_seed_runs/seed_50/audit_report.json,data/runs/mad_etd_thesis_reviewer_closure_v24/ustc_ten_seed_runs/seed_50/audit_report.json,aggregate,0fca748125f526c652d3f1866d702c80d844d5226332b489fc9153f2f01e372e,0fca748125f526c652d3f1866d702c80d844d5226332b489fc9153f2f01e372e,1001,byte_identical
thesis/data/runs/mad_etd_thesis_reviewer_closure_v24/ustc_ten_seed_runs/seed_50/ustc_multiseed/seed_50/hybrid/factorial_ablation_results.csv,data/runs/mad_etd_thesis_reviewer_closure_v24/ustc_ten_seed_runs/seed_50/ustc_multiseed/seed_50/hybrid/factorial_ablation_results.csv,aggregate,4487a67e64204e518cf3e11fa80f4f8f13811c1ddc0002bc4f1fa50ba90b6fc6,2e4bb91ed915de877b0890280807bf2e72abcd4558b6eae88ba0e1f599a59a71,2222,utf8_bom_removed
thesis/data/runs/mad_etd_thesis_reviewer_closure_v24/ustc_ten_seed_runs/seed_50/ustc_multiseed/seed_50/hybrid/grouped_bootstrap.csv,data/runs/mad_etd_thesis_reviewer_closure_v24/ustc_ten_seed_runs/seed_50/ustc_multiseed/seed_50/hybrid/grouped_bootstrap.csv,aggregate,97f528f7a22b93936abe4d6aba394c11c5f1547abac68195b2f1b0756cd4fbab,cf46292023962288ae09fdc78fd9a736cf6b5166c3b79be4d7c58a99f7495843,1690,utf8_bom_removed
thesis/data/runs/mad_etd_thesis_reviewer_closure_v24/ustc_ten_seed_runs/seed_50/ustc_multiseed/seed_50/hybrid/model_registry.csv,data/runs/mad_etd_thesis_reviewer_closure_v24/ustc_ten_seed_runs/seed_50/ustc_multiseed/seed_50/hybrid/model_registry.csv,aggregate,0d640132879e2903ac9e36b129096baa5cc66db76549bc4c184582a116e4bbc2,b7a70224400a0dfd5988ae4ea5acaaab2da110219122dd1cdd5b25c55a5fc0ce,16320,utf8_bom_removed
thesis/data/runs/mad_etd_thesis_reviewer_closure_v24/ustc_ten_seed_runs/seed_50/ustc_multiseed/seed_50/hybrid/protocol.json,data/runs/mad_etd_thesis_reviewer_closure_v24/ustc_ten_seed_runs/seed_50/ustc_multiseed/seed_50/hybrid/protocol.json,aggregate,3b35201655b273d650c624fb0edf764d1a64f4240262416057f42a10622e3133,3b35201655b273d650c624fb0edf764d1a64f4240262416057f42a10622e3133,1933,byte_identical
thesis/data/runs/mad_etd_thesis_reviewer_closure_v24/ustc_ten_seed_runs/seed_50/ustc_multiseed/seed_50/hybrid/training_report.json,data/runs/mad_etd_thesis_reviewer_closure_v24/ustc_ten_seed_runs/seed_50/ustc_multiseed/seed_50/hybrid/training_report.json,aggregate,c30aaf3442162987e6d2ddfea3c4e9f182fcd8896852f2c8dff21d57c74577e9,c30aaf3442162987e6d2ddfea3c4e9f182fcd8896852f2c8dff21d57c74577e9,3892,byte_identical
thesis/data/runs/mad_etd_thesis_reviewer_closure_v24/ustc_ten_seed_runs/seed_50/ustc_multiseed/seed_50/v61/bootstrap_ci_report.json,data/runs/mad_etd_thesis_reviewer_closure_v24/ustc_ten_seed_runs/seed_50/ustc_multiseed/seed_50/v61/bootstrap_ci_report.json,aggregate,99b7b52c6e36d84890bc64fbdf5cc2ce2f9910adc4b69ce09b6fe9b82044a5b8,99b7b52c6e36d84890bc64fbdf5cc2ce2f9910adc4b69ce09b6fe9b82044a5b8,339,byte_identical
thesis/data/runs/mad_etd_thesis_reviewer_closure_v24/ustc_ten_seed_runs/seed_50/ustc_multiseed/seed_50/v61/bootstrap_ci_results.csv,data/runs/mad_etd_thesis_reviewer_closure_v24/ustc_ten_seed_runs/seed_50/ustc_multiseed/seed_50/v61/bootstrap_ci_results.csv,aggregate,d6a52be811dd4f6eed8c2cb60f2e3574f6db6f72f2e586e4f0b6d9d301d20a4a,e4b8168ccfe70d28994495faa6074f8f346019625c0e83bbf402ed2fbc082cad,41242,utf8_bom_removed
thesis/data/runs/mad_etd_thesis_reviewer_closure_v24/ustc_ten_seed_runs/seed_50/ustc_multiseed/seed_50/v61/fresh_acceptance_report.json,data/runs/mad_etd_thesis_reviewer_closure_v24/ustc_ten_seed_runs/seed_50/ustc_multiseed/seed_50/v61/fresh_acceptance_report.json,aggregate,44d5554337c89a50a4427a2d6aaed157cac53a6c6bc3214b4e9a4daa9560d385,44d5554337c89a50a4427a2d6aaed157cac53a6c6bc3214b4e9a4daa9560d385,879,byte_identical
thesis/data/runs/mad_etd_thesis_reviewer_closure_v24/ustc_ten_seed_runs/seed_50/ustc_multiseed/seed_50/v61/group_results.csv,data/runs/mad_etd_thesis_reviewer_closure_v24/ustc_ten_seed_runs/seed_50/ustc_multiseed/seed_50/v61/group_results.csv,aggregate,3a9e4727b489116cc09f4faef4b02c5384d3ab7f8483fc3e1d683182a7cab1f7,b8c8e493425a64471f7298d079cbcd2e7a1d3475e25f7261b2a7a02a2dc2d6e8,1309,utf8_bom_removed
thesis/data/runs/mad_etd_thesis_reviewer_closure_v24/ustc_ten_seed_runs/seed_50/ustc_multiseed/seed_50/v61/meta_policy_cv_folds.csv,data/runs/mad_etd_thesis_reviewer_closure_v24/ustc_ten_seed_runs/seed_50/ustc_multiseed/seed_50/v61/meta_policy_cv_folds.csv,aggregate,6a0fb6f6f714e55c899f5ecf760ac41604a6c1b843dcc5bfeed7f7fec8a8514e,9ff810ce6be9d9248b0e09ca50522604a5bd07c7c33bd5f918eea2743699cbca,183,utf8_bom_removed
thesis/data/runs/mad_etd_thesis_reviewer_closure_v24/ustc_ten_seed_runs/seed_50/ustc_multiseed/seed_50/v61/performance_report.json,data/runs/mad_etd_thesis_reviewer_closure_v24/ustc_ten_seed_runs/seed_50/ustc_multiseed/seed_50/v61/performance_report.json,aggregate,0df4647ad97dbcda64a1018123b1849af4cc56c44ad8fc66a6e2c0b99ad8d653,0df4647ad97dbcda64a1018123b1849af4cc56c44ad8fc66a6e2c0b99ad8d653,2550,byte_identical
thesis/data/runs/mad_etd_thesis_reviewer_closure_v24/ustc_ten_seed_runs/seed_50/ustc_multiseed/seed_50/v61/runtime_comparison.csv,data/runs/mad_etd_thesis_reviewer_closure_v24/ustc_ten_seed_runs/seed_50/ustc_multiseed/seed_50/v61/runtime_comparison.csv,aggregate,764c18616041e393cbfa5f7ef3a70db727185a4559f25cb855af17d6f81a58fb,22dd53253ac251f67dce7172bcc769886a5f15f543b71c79a3affc102541ed60,627,utf8_bom_removed
thesis/data/runs/mad_etd_thesis_reviewer_closure_v24/ustc_ten_seed_runs/seed_50/ustc_multiseed/seed_50/v61/security_acceptance.json,data/runs/mad_etd_thesis_reviewer_closure_v24/ustc_ten_seed_runs/seed_50/ustc_multiseed/seed_50/v61/security_acceptance.json,aggregate,98eb9fe845c6e659620b5b838935162dfdebd37d34cfa62a5d9cf08b925688a6,98eb9fe845c6e659620b5b838935162dfdebd37d34cfa62a5d9cf08b925688a6,378,byte_identical
thesis/data/runs/mad_etd_thesis_reviewer_closure_v24/ustc_ten_seed_runs/seed_50/ustc_multiseed/seed_50/v61/training_report.json,data/runs/mad_etd_thesis_reviewer_closure_v24/ustc_ten_seed_runs/seed_50/ustc_multiseed/seed_50/v61/training_report.json,aggregate,f5e5291a0243dee9ef2103aeb77ac666914e362208ea8da566fb30d35aa2919c,f5e5291a0243dee9ef2103aeb77ac666914e362208ea8da566fb30d35aa2919c,2298,byte_identical
thesis/data/runs/mad_etd_thesis_reviewer_closure_v24/ustc_ten_seed_runs/seed_50/ustc_multiseed_report.json,data/runs/mad_etd_thesis_reviewer_closure_v24/ustc_ten_seed_runs/seed_50/ustc_multiseed_report.json,aggregate,b479371cfd8febf4b415cdbefa0c78dfa007f10a6982e94bbbbab7656c1503c0,b479371cfd8febf4b415cdbefa0c78dfa007f10a6982e94bbbbab7656c1503c0,1782,byte_identical
thesis/data/runs/mad_etd_thesis_reviewer_closure_v24/ustc_ten_seed_runs/seed_50/ustc_multiseed_results.csv,data/runs/mad_etd_thesis_reviewer_closure_v24/ustc_ten_seed_runs/seed_50/ustc_multiseed_results.csv,aggregate,371df5a8f86a585723c820bc49dd351d5133236682d93c8d9189cf6c9860f963,b6be342ec492dcbf86403a5c308446a955592c3fb2ee0057395a0b59a86ffde5,518,utf8_bom_removed
thesis/data/runs/mad_etd_thesis_reviewer_closure_v24/ustc_ten_seed_runs/seed_51/audit_report.json,data/runs/mad_etd_thesis_reviewer_closure_v24/ustc_ten_seed_runs/seed_51/audit_report.json,aggregate,0fca748125f526c652d3f1866d702c80d844d5226332b489fc9153f2f01e372e,0fca748125f526c652d3f1866d702c80d844d5226332b489fc9153f2f01e372e,1001,byte_identical
thesis/data/runs/mad_etd_thesis_reviewer_closure_v24/ustc_ten_seed_runs/seed_51/ustc_multiseed/seed_51/hybrid/factorial_ablation_results.csv,data/runs/mad_etd_thesis_reviewer_closure_v24/ustc_ten_seed_runs/seed_51/ustc_multiseed/seed_51/hybrid/factorial_ablation_results.csv,aggregate,7ba8d79c623acf413813927f3ce287aec1d1106135bcba9d060c57810c7973fb,b90eac8db0c46e052bbba27099323e19103ccacd0c8f2fb32fd677f3ac98fc8e,2243,utf8_bom_removed
thesis/data/runs/mad_etd_thesis_reviewer_closure_v24/ustc_ten_seed_runs/seed_51/ustc_multiseed/seed_51/hybrid/grouped_bootstrap.csv,data/runs/mad_etd_thesis_reviewer_closure_v24/ustc_ten_seed_runs/seed_51/ustc_multiseed/seed_51/hybrid/grouped_bootstrap.csv,aggregate,486a6c26048681ace080d7135c8098cafc039440702e5ffa8ad3eb2e49b0cf33,377a05abcf254c1e972d8682ef6ae63dac70932613875a1ed0a012ff680632dd,1689,utf8_bom_removed
thesis/data/runs/mad_etd_thesis_reviewer_closure_v24/ustc_ten_seed_runs/seed_51/ustc_multiseed/seed_51/hybrid/model_registry.csv,data/runs/mad_etd_thesis_reviewer_closure_v24/ustc_ten_seed_runs/seed_51/ustc_multiseed/seed_51/hybrid/model_registry.csv,aggregate,bb03f17bb806bcfcd0cd769e441723d1be5084147cabb170eb0e32ec904e4259,009a52c75e7c1636c62926de0eabbff81187df00013c9131cf7d314e1ff95b0a,16355,utf8_bom_removed
thesis/data/runs/mad_etd_thesis_reviewer_closure_v24/ustc_ten_seed_runs/seed_51/ustc_multiseed/seed_51/hybrid/protocol.json,data/runs/mad_etd_thesis_reviewer_closure_v24/ustc_ten_seed_runs/seed_51/ustc_multiseed/seed_51/hybrid/protocol.json,aggregate,3b35201655b273d650c624fb0edf764d1a64f4240262416057f42a10622e3133,3b35201655b273d650c624fb0edf764d1a64f4240262416057f42a10622e3133,1933,byte_identical
thesis/data/runs/mad_etd_thesis_reviewer_closure_v24/ustc_ten_seed_runs/seed_51/ustc_multiseed/seed_51/hybrid/training_report.json,data/runs/mad_etd_thesis_reviewer_closure_v24/ustc_ten_seed_runs/seed_51/ustc_multiseed/seed_51/hybrid/training_report.json,aggregate,4220121ca3ea6a2c4e162733445c2f422dab8cbc02c2b8049db80fcb06d65b2f,4220121ca3ea6a2c4e162733445c2f422dab8cbc02c2b8049db80fcb06d65b2f,4011,byte_identical
thesis/data/runs/mad_etd_thesis_reviewer_closure_v24/ustc_ten_seed_runs/seed_51/ustc_multiseed/seed_51/v61/bootstrap_ci_report.json,data/runs/mad_etd_thesis_reviewer_closure_v24/ustc_ten_seed_runs/seed_51/ustc_multiseed/seed_51/v61/bootstrap_ci_report.json,aggregate,e1295c9932aa7e100831efc5252567d04a01b837edd4e01a0aea689f848b3b7c,e1295c9932aa7e100831efc5252567d04a01b837edd4e01a0aea689f848b3b7c,356,byte_identical
thesis/data/runs/mad_etd_thesis_reviewer_closure_v24/ustc_ten_seed_runs/seed_51/ustc_multiseed/seed_51/v61/bootstrap_ci_results.csv,data/runs/mad_etd_thesis_reviewer_closure_v24/ustc_ten_seed_runs/seed_51/ustc_multiseed/seed_51/v61/bootstrap_ci_results.csv,aggregate,1077410e22c8f78b34acd607566b838119372c987e9bd01d21d400a24a7e5791,9d32cf083401f4bfb602159bb7a24550dd0b5274471f719c1e3310ff4274a653,46037,utf8_bom_removed
thesis/data/runs/mad_etd_thesis_reviewer_closure_v24/ustc_ten_seed_runs/seed_51/ustc_multiseed/seed_51/v61/fresh_acceptance_report.json,data/runs/mad_etd_thesis_reviewer_closure_v24/ustc_ten_seed_runs/seed_51/ustc_multiseed/seed_51/v61/fresh_acceptance_report.json,aggregate,44d5554337c89a50a4427a2d6aaed157cac53a6c6bc3214b4e9a4daa9560d385,44d5554337c89a50a4427a2d6aaed157cac53a6c6bc3214b4e9a4daa9560d385,879,byte_identical
thesis/data/runs/mad_etd_thesis_reviewer_closure_v24/ustc_ten_seed_runs/seed_51/ustc_multiseed/seed_51/v61/group_results.csv,data/runs/mad_etd_thesis_reviewer_closure_v24/ustc_ten_seed_runs/seed_51/ustc_multiseed/seed_51/v61/group_results.csv,aggregate,6357df93aafc3d3a010d921c38e8ca96e35860d1966f306646ef6ff5227c308a,1df16d83a0bdeb797df59a28de5a2f4964cc569fd53fb696a4ffc9dc31f0dd6b,1376,utf8_bom_removed
thesis/data/runs/mad_etd_thesis_reviewer_closure_v24/ustc_ten_seed_runs/seed_51/ustc_multiseed/seed_51/v61/meta_policy_cv_folds.csv,data/runs/mad_etd_thesis_reviewer_closure_v24/ustc_ten_seed_runs/seed_51/ustc_multiseed/seed_51/v61/meta_policy_cv_folds.csv,aggregate,869a4d8f2abe37d08740b953c396b8fed0aed9365c2155f9a5e5bd2776a0d53a,d0580667cbc91438dc79810684bf42e06979eb56e6ae41351050ae672d315743,185,utf8_bom_removed
thesis/data/runs/mad_etd_thesis_reviewer_closure_v24/ustc_ten_seed_runs/seed_51/ustc_multiseed/seed_51/v61/performance_report.json,data/runs/mad_etd_thesis_reviewer_closure_v24/ustc_ten_seed_runs/seed_51/ustc_multiseed/seed_51/v61/performance_report.json,aggregate,90a342e383d105a12256f5980eb7c0a358ccbb7b2593f0614488c3a6fd1e5b89,90a342e383d105a12256f5980eb7c0a358ccbb7b2593f0614488c3a6fd1e5b89,2583,byte_identical
thesis/data/runs/mad_etd_thesis_reviewer_closure_v24/ustc_ten_seed_runs/seed_51/ustc_multiseed/seed_51/v61/runtime_comparison.csv,data/runs/mad_etd_thesis_reviewer_closure_v24/ustc_ten_seed_runs/seed_51/ustc_multiseed/seed_51/v61/runtime_comparison.csv,aggregate,e150d336700e07fe3bce31e30f59d179d93ddfb1c1d490a9b2b5ab88e2f9b39d,a3adcb4a0bfe7e7c48d2abe0f4df7ced442bd157f6df56a96502aed727997da7,630,utf8_bom_removed
thesis/data/runs/mad_etd_thesis_reviewer_closure_v24/ustc_ten_seed_runs/seed_51/ustc_multiseed/seed_51/v61/security_acceptance.json,data/runs/mad_etd_thesis_reviewer_closure_v24/ustc_ten_seed_runs/seed_51/ustc_multiseed/seed_51/v61/security_acceptance.json,aggregate,98eb9fe845c6e659620b5b838935162dfdebd37d34cfa62a5d9cf08b925688a6,98eb9fe845c6e659620b5b838935162dfdebd37d34cfa62a5d9cf08b925688a6,378,byte_identical
thesis/data/runs/mad_etd_thesis_reviewer_closure_v24/ustc_ten_seed_runs/seed_51/ustc_multiseed/seed_51/v61/training_report.json,data/runs/mad_etd_thesis_reviewer_closure_v24/ustc_ten_seed_runs/seed_51/ustc_multiseed/seed_51/v61/training_report.json,aggregate,0a326126b463eed93fd3e1524afd3bae5ac8511f973c8737758b846612c6e8e2,0a326126b463eed93fd3e1524afd3bae5ac8511f973c8737758b846612c6e8e2,2363,byte_identical
thesis/data/runs/mad_etd_thesis_reviewer_closure_v24/ustc_ten_seed_runs/seed_51/ustc_multiseed_report.json,data/runs/mad_etd_thesis_reviewer_closure_v24/ustc_ten_seed_runs/seed_51/ustc_multiseed_report.json,aggregate,b8c6fd49b8b5fff5ed3ba1990e735db532ca8e118420af966825b2f47f6eaec6,b8c6fd49b8b5fff5ed3ba1990e735db532ca8e118420af966825b2f47f6eaec6,1810,byte_identical
thesis/data/runs/mad_etd_thesis_reviewer_closure_v24/ustc_ten_seed_runs/seed_51/ustc_multiseed_results.csv,data/runs/mad_etd_thesis_reviewer_closure_v24/ustc_ten_seed_runs/seed_51/ustc_multiseed_results.csv,aggregate,27a323361b1c7a190c3970d3bcce89dae9ea7bc15b9bcae92279239293d6d642,de6c17f844f7b174e7c85b16675af5f7646303700d2ade78a529fd130630150f,552,utf8_bom_removed
thesis/data/runs/mad_etd_thesis_routing_branch_coverage_v1/acceptance_report.json,data/runs/mad_etd_thesis_routing_branch_coverage_v1/acceptance_report.json,aggregate,7b88c66840e28147b08dedc302b78b0851e1e6e0ce9efca6251afd0356ad24be,7b88c66840e28147b08dedc302b78b0851e1e6e0ce9efca6251afd0356ad24be,235,byte_identical
thesis/data/runs/mad_etd_thesis_routing_branch_coverage_v1/protocol.json,data/runs/mad_etd_thesis_routing_branch_coverage_v1/protocol.json,aggregate,5e2346039dadd2cebe3e09634ba92ae482bccf1d4bcfb4b6233367fdeeb8a097,5e2346039dadd2cebe3e09634ba92ae482bccf1d4bcfb4b6233367fdeeb8a097,381,byte_identical
thesis/data/runs/mad_etd_thesis_routing_branch_coverage_v1/routing_branch_coverage.csv,data/runs/mad_etd_thesis_routing_branch_coverage_v1/routing_branch_coverage.csv,aggregate,933c0420df6431d6eb9c3f55be01b113597755c8f65101dba5ca499d653b0b99,933c0420df6431d6eb9c3f55be01b113597755c8f65101dba5ca499d653b0b99,1586,byte_identical
thesis/data/runs/mad_etd_thesis_routing_closure_v2/acceptance_report.json,data/runs/mad_etd_thesis_routing_closure_v2/acceptance_report.json,aggregate,5983daadb42b62d90cb1e8baa96502413a75d79505a641fd270073569e40d180,5983daadb42b62d90cb1e8baa96502413a75d79505a641fd270073569e40d180,322,byte_identical
thesis/data/runs/mad_etd_thesis_routing_closure_v2/protocol.json,data/runs/mad_etd_thesis_routing_closure_v2/protocol.json,aggregate,8e88c9afeb06d7b7be418b3f00b4bd909276def0d4b40e56ac835375648cd4fb,af4d6c715194b7b7ce34b2c1e985d3b6be66eba044a3bebea99dfabb9410f320,871,absolute_workspace_path_to_relative
thesis/data/runs/mad_etd_thesis_routing_closure_v2/unified_four_mode_latency.csv,data/runs/mad_etd_thesis_routing_closure_v2/unified_four_mode_latency.csv,aggregate,ca5d04b7a50f2a71aee07faf0b0d2c0deef7f273110044e2831143c77a9e6479,ca5d04b7a50f2a71aee07faf0b0d2c0deef7f273110044e2831143c77a9e6479,1560,byte_identical
thesis/data/runs/mad_etd_thesis_routing_closure_v2/unified_pairwise_bootstrap.csv,data/runs/mad_etd_thesis_routing_closure_v2/unified_pairwise_bootstrap.csv,aggregate,874f7a56f3ff16850f60081abf2e746b24440a43c39b6d47c92733902a5984fb,874f7a56f3ff16850f60081abf2e746b24440a43c39b6d47c92733902a5984fb,2127,byte_identical
thesis/data/runs/mad_etd_thesis_routing_reason_replay_v1/acceptance_report.json,data/runs/mad_etd_thesis_routing_reason_replay_v1/acceptance_report.json,aggregate,5634a64b125eae61e5f9b578737462fc94988f4b97e4fe1fde068299d056d1bc,5634a64b125eae61e5f9b578737462fc94988f4b97e4fe1fde068299d056d1bc,592,byte_identical
thesis/data/runs/mad_etd_thesis_routing_reason_replay_v1/reason_code_distribution.csv,data/runs/mad_etd_thesis_routing_reason_replay_v1/reason_code_distribution.csv,aggregate,3ae528f19f8340625aa491c4f6db4230c4330ab0dab30bf1225695aeaf1b61b7,1dea34bea4f5b5e121549e58bdb5ee6faa66216e5a1dce0665424e2a24fdbd5a,194,utf8_bom_removed
thesis/data/runs/mad_etd_thesis_ustc_statistical_closure_v1/bootstrap_seed_sensitivity.csv,data/runs/mad_etd_thesis_ustc_statistical_closure_v1/bootstrap_seed_sensitivity.csv,aggregate,89b8d27273caf6449725f602ebd332c1e255349a94c3b77e772d75e82c74d8fd,0bf61b4318fdbfe7493c87938257fc49f45c2a7d3cbb71acea43f9a991c6c11d,365,utf8_bom_removed
thesis/data/runs/mad_etd_thesis_ustc_statistical_closure_v1/leave_one_group_out.csv,data/runs/mad_etd_thesis_ustc_statistical_closure_v1/leave_one_group_out.csv,aggregate,69f8f53fe5e0bf4f018bfd045fe92874200f3d39940dfc792000a83f7f2f4d89,2557e3b3c7af4a0ade064ba791e3c1c072f5ac06301223c231ade57966696494,1949,utf8_bom_removed
thesis/data/runs/mad_etd_thesis_ustc_statistical_closure_v1/model_selection_counts.csv,data/runs/mad_etd_thesis_ustc_statistical_closure_v1/model_selection_counts.csv,aggregate,8960fa93cc93e1c26099c961237ffc8e28502ff69207ea9e6313a88d0dd2b8c6,30cece11568b904bda821c68dadf2681d19680d80fe747b4d531ea74cf5a9fe3,76,utf8_bom_removed
thesis/data/runs/mad_etd_thesis_ustc_statistical_closure_v1/threshold_selection_distribution.csv,data/runs/mad_etd_thesis_ustc_statistical_closure_v1/threshold_selection_distribution.csv,aggregate,3364f963bc0b6a3e1b6550093512ba09779c372852530294b44150216d362dd0,1bdee4a9c4bad82c59ea7ba84bb21e5668f9c7883294154685a0129ebad4ef75,264,utf8_bom_removed
thesis/data/runs/mad_etd_thesis_ustc_statistical_closure_v1/ustc_stratified_bootstrap_report.json,data/runs/mad_etd_thesis_ustc_statistical_closure_v1/ustc_stratified_bootstrap_report.json,aggregate,b7f0a3141198948c67231185ffaf6a2abb3dcbf963f2d417433c2f532137b74d,b7f0a3141198948c67231185ffaf6a2abb3dcbf963f2d417433c2f532137b74d,2354,byte_identical
thesis/data/runs/mad_etd_v8_external_faithful_reproduction/acceptance_report.json,data/runs/mad_etd_v8_external_faithful_reproduction/acceptance_report.json,aggregate,ced0cd4a5217947bfbf6241b731ef52168b84c0ec17ce46930307c62a5008d05,ced0cd4a5217947bfbf6241b731ef52168b84c0ec17ce46930307c62a5008d05,1421,byte_identical
thesis/data/runs/mad_etd_v8_external_faithful_reproduction/blocked_reproduction_ledger.csv,data/runs/mad_etd_v8_external_faithful_reproduction/blocked_reproduction_ledger.csv,aggregate,eb7c8f7a0b114faecdfeadad98a22887cc73ca22123d062a6c0f6279ccfc376c,1a3ac4c40a89044c84ae859bc471a8482d3c5dd222b5ccf00412b2bc6aca487b,468,utf8_bom_removed
thesis/data/runs/mad_etd_v8_external_faithful_reproduction/dependency_probe_report.json,data/runs/mad_etd_v8_external_faithful_reproduction/dependency_probe_report.json,aggregate,f0553215855d41b7b1a394e517e475c058905305d8355a6b3f7914fc1d2ca945,f0553215855d41b7b1a394e517e475c058905305d8355a6b3f7914fc1d2ca945,455,byte_identical
thesis/data/runs/mad_etd_v8_external_faithful_reproduction/dependency_probe_results.csv,data/runs/mad_etd_v8_external_faithful_reproduction/dependency_probe_results.csv,aggregate,12248c248d1d07f51dfc7b0dd214e0ced48bdafddec354d0f57b99b564692731,195edd7ab51c8d97448379eba29be00be8e8033f9deb79ad00257833732ab3dc,622,utf8_bom_removed
thesis/data/runs/mad_etd_v8_external_faithful_reproduction/entrypoint_probe_results.csv,data/runs/mad_etd_v8_external_faithful_reproduction/entrypoint_probe_results.csv,aggregate,61a5bb928fc45dfc5309e8deafa5e67a1d92369eee4d102b2e412671ef6164fa,03f191bf2ae9dde17d2f4170dcd440184ecfdb262fe5cef7c1528f5dcbf50bc3,2840,utf8_bom_removed
thesis/data/runs/mad_etd_v8_external_faithful_reproduction/faithful_reproduction_status.csv,data/runs/mad_etd_v8_external_faithful_reproduction/faithful_reproduction_status.csv,aggregate,106fb95ce4e3ef141422c59dc53899d722c180e98c057b6741512351687f9679,ced49e66b9e371a4ad6859fd55d9d61bd44a6fe694bd67c34dd564b768065dd0,522,utf8_bom_removed
thesis/data/runs/mad_etd_v8_external_faithful_reproduction/prepare_report.json,data/runs/mad_etd_v8_external_faithful_reproduction/prepare_report.json,aggregate,eb6635e7cc662f68ebc4adfc00224b711ef43c0ce0b1dbd26b3f2f6ef3516cd2,eb6635e7cc662f68ebc4adfc00224b711ef43c0ce0b1dbd26b3f2f6ef3516cd2,390,byte_identical
thesis/data/runs/mad_etd_v8_external_faithful_reproduction/safe_input_compatibility_report.json,data/runs/mad_etd_v8_external_faithful_reproduction/safe_input_compatibility_report.json,aggregate,7cb59ebeafcfc69c1f8271acb9a0d137398d0ab2539df1f8d2a4c05bd05eb926,7cb59ebeafcfc69c1f8271acb9a0d137398d0ab2539df1f8d2a4c05bd05eb926,750,byte_identical
thesis/data/runs/mad_etd_v8_external_faithful_reproduction/same_split_compatibility_report.json,data/runs/mad_etd_v8_external_faithful_reproduction/same_split_compatibility_report.json,aggregate,9869b56526c05a8c3aaedb3dd70ae4d53c854e815f8fc11dba3bf8b36f94237b,9869b56526c05a8c3aaedb3dd70ae4d53c854e815f8fc11dba3bf8b36f94237b,542,byte_identical
thesis/data/runs/mad_etd_v8_external_faithful_reproduction/scan_report.json,data/runs/mad_etd_v8_external_faithful_reproduction/scan_report.json,aggregate,10d3f90145ed9da052d4593669aec291948ec5af293cb9fa38df962118073fd3,10d3f90145ed9da052d4593669aec291948ec5af293cb9fa38df962118073fd3,330,byte_identical
thesis/data/runs/mad_etd_v8_external_faithful_reproduction/smoke_run_report.json,data/runs/mad_etd_v8_external_faithful_reproduction/smoke_run_report.json,aggregate,4cf8b0a7dc02aff8f9f1d3a73bab3b4c05c31caa828cdce9f9d599ef0a09216f,4cf8b0a7dc02aff8f9f1d3a73bab3b4c05c31caa828cdce9f9d599ef0a09216f,280,byte_identical
thesis/data/runs/mad_etd_v8_external_faithful_reproduction/smoke_run_results.csv,data/runs/mad_etd_v8_external_faithful_reproduction/smoke_run_results.csv,aggregate,6711d8ef3dce3e9dca444cb38b2b1a5dfc9bfaa037ce76eb8929c6adc5ee3785,449ee6d5edfbff9f860b16b111db35730d138dc29e62533e7e4abcf96e51bc49,578,utf8_bom_removed
thesis/data/runs/ustc_tfc2016/domain_holdout_v1/aggregate/aggregate_metrics.json,data/runs/ustc_tfc2016/domain_holdout_v1/aggregate/aggregate_metrics.json,aggregate,80997559aa9de528c1abb3f69a2bcaa82d4663c14ddcda49f424163344aa86a2,80997559aa9de528c1abb3f69a2bcaa82d4663c14ddcda49f424163344aa86a2,60711,byte_identical
thesis/data/runs/ustc_tfc2016/domain_holdout_v1/aggregate/audit_summary.json,data/runs/ustc_tfc2016/domain_holdout_v1/aggregate/audit_summary.json,aggregate,d3f619d86fcec4879d2a311f53d321a2320c57ff180cfa7cea5ac3e2a053f5ea,d3f619d86fcec4879d2a311f53d321a2320c57ff180cfa7cea5ac3e2a053f5ea,930,byte_identical
thesis/data/runs/ustc_tfc2016/domain_holdout_v1/aggregate/cesnet_application_metrics.csv,data/runs/ustc_tfc2016/domain_holdout_v1/aggregate/cesnet_application_metrics.csv,aggregate,cfb0d6246cac731c326638bb5a8c6046351b246f86c6d8d5b5dbe7ac5176c79a,2858ebe599598019e6cdfe23ece6cc8002c3ab1f3e68ba1daa6ba95b43bee315,26684,utf8_bom_removed
thesis/data/runs/ustc_tfc2016/domain_holdout_v1/aggregate/cesnet_category_metrics.csv,data/runs/ustc_tfc2016/domain_holdout_v1/aggregate/cesnet_category_metrics.csv,aggregate,add532c75746494befc0cbed854c54746a2ed168c56c213c3d18740e543b224f,92bfc4fb0eb5659aba3eeea298a038713195e639d216eafb100039d0577d42fe,3478,utf8_bom_removed
thesis/data/runs/ustc_tfc2016/domain_holdout_v1/aggregate/cesnet_metrics.json,data/runs/ustc_tfc2016/domain_holdout_v1/aggregate/cesnet_metrics.json,aggregate,6947a349abd6641f3af37ca52ab3a194f8bb544af3c1e347f28a7b3cb6e6d468,6947a349abd6641f3af37ca52ab3a194f8bb544af3c1e347f28a7b3cb6e6d468,9769,byte_identical
thesis/data/runs/ustc_tfc2016/domain_holdout_v1/aggregate/cost_summary.json,data/runs/ustc_tfc2016/domain_holdout_v1/aggregate/cost_summary.json,aggregate,e01c4ca2cb9e028fed1b54b0549721a8166360f2cc09f5a92fecb7a653526764,e01c4ca2cb9e028fed1b54b0549721a8166360f2cc09f5a92fecb7a653526764,222,byte_identical
thesis/data/runs/ustc_tfc2016/domain_holdout_v1/aggregate/per_domain_metrics.csv,data/runs/ustc_tfc2016/domain_holdout_v1/aggregate/per_domain_metrics.csv,aggregate,719b388c3f22d364d6c8344149aee6705d8842d5765f8c3958d0cd83d31583ac,ee0adefd0589d702d4880dc5bac8e8120cb4ff2dd3c80f09bb2fb988e07b320c,16575,utf8_bom_removed
thesis/data/runs/ustc_tfc2016/domain_holdout_v1/folds/fold-00/metrics.json,data/runs/ustc_tfc2016/domain_holdout_v1/folds/fold-00/metrics.json,aggregate,b40ecc3cad788a0ba9ce71ccf1b9ae39cdaaf78028aa4c7a61db04d0feb24702,b40ecc3cad788a0ba9ce71ccf1b9ae39cdaaf78028aa4c7a61db04d0feb24702,4968,byte_identical
thesis/data/runs/ustc_tfc2016/domain_holdout_v1/folds/fold-00/models/stats/calibration_report.json,data/runs/ustc_tfc2016/domain_holdout_v1/folds/fold-00/models/stats/calibration_report.json,aggregate,2f6de9fde4be94df8e114c859933216cce7a177c2eb1aa843d7a846b1d834f01,2f6de9fde4be94df8e114c859933216cce7a177c2eb1aa843d7a846b1d834f01,4274,byte_identical
thesis/data/runs/ustc_tfc2016/domain_holdout_v1/folds/fold-00/models/temporal/calibration_report.json,data/runs/ustc_tfc2016/domain_holdout_v1/folds/fold-00/models/temporal/calibration_report.json,aggregate,fdeac01ed9ac4e009ae6e0704072ac9a4a4d9b14c10aa950a96afb6a2abaa8aa,fdeac01ed9ac4e009ae6e0704072ac9a4a4d9b14c10aa950a96afb6a2abaa8aa,4074,byte_identical
thesis/data/runs/ustc_tfc2016/domain_holdout_v1/folds/fold-01/metrics.json,data/runs/ustc_tfc2016/domain_holdout_v1/folds/fold-01/metrics.json,aggregate,1db008afd09f82b2b6f348542d964e7d3772ec3a1065bb5c6914837f05a4eb59,1db008afd09f82b2b6f348542d964e7d3772ec3a1065bb5c6914837f05a4eb59,4181,byte_identical
thesis/data/runs/ustc_tfc2016/domain_holdout_v1/folds/fold-01/models/stats/calibration_report.json,data/runs/ustc_tfc2016/domain_holdout_v1/folds/fold-01/models/stats/calibration_report.json,aggregate,99d77072049ca01fe8a94a9fd3298c03ff9d5bd09b1b773dbe1361eee27f8874,99d77072049ca01fe8a94a9fd3298c03ff9d5bd09b1b773dbe1361eee27f8874,4327,byte_identical
thesis/data/runs/ustc_tfc2016/domain_holdout_v1/folds/fold-01/models/temporal/calibration_report.json,data/runs/ustc_tfc2016/domain_holdout_v1/folds/fold-01/models/temporal/calibration_report.json,aggregate,cb56c8e3e8b3ba35d530e0ec8ea22074709ce47620c623bc9d2e545777f594d2,cb56c8e3e8b3ba35d530e0ec8ea22074709ce47620c623bc9d2e545777f594d2,4095,byte_identical
thesis/data/runs/ustc_tfc2016/domain_holdout_v1/folds/fold-02/metrics.json,data/runs/ustc_tfc2016/domain_holdout_v1/folds/fold-02/metrics.json,aggregate,e0b877a69a49578a8a9027b1f7128ac34f10a27826a8f4df1aee0baaaf3cf695,e0b877a69a49578a8a9027b1f7128ac34f10a27826a8f4df1aee0baaaf3cf695,4186,byte_identical
thesis/data/runs/ustc_tfc2016/domain_holdout_v1/folds/fold-02/models/stats/calibration_report.json,data/runs/ustc_tfc2016/domain_holdout_v1/folds/fold-02/models/stats/calibration_report.json,aggregate,9a0d5a43a2e0a3c6cbdfd11ab3316a8a050731f22976c96b79313adac819912f,9a0d5a43a2e0a3c6cbdfd11ab3316a8a050731f22976c96b79313adac819912f,4210,byte_identical
thesis/data/runs/ustc_tfc2016/domain_holdout_v1/folds/fold-02/models/temporal/calibration_report.json,data/runs/ustc_tfc2016/domain_holdout_v1/folds/fold-02/models/temporal/calibration_report.json,aggregate,58034195faa94fed381d3baf57ce3e621cbe4b7d2cc5961ccf44c199b7a8a1d4,58034195faa94fed381d3baf57ce3e621cbe4b7d2cc5961ccf44c199b7a8a1d4,4049,byte_identical
thesis/data/runs/ustc_tfc2016/domain_holdout_v1/folds/fold-03/metrics.json,data/runs/ustc_tfc2016/domain_holdout_v1/folds/fold-03/metrics.json,aggregate,4c63cdb166bcdc91cfcf351c010d074e5732702167b1d64d45aedcb471b8b3c0,4c63cdb166bcdc91cfcf351c010d074e5732702167b1d64d45aedcb471b8b3c0,4322,byte_identical
thesis/data/runs/ustc_tfc2016/domain_holdout_v1/folds/fold-03/models/stats/calibration_report.json,data/runs/ustc_tfc2016/domain_holdout_v1/folds/fold-03/models/stats/calibration_report.json,aggregate,31ae6fde9e52026828cfc2f0d83887483dd8c8e5bc70de391ef25ede2d62d59e,31ae6fde9e52026828cfc2f0d83887483dd8c8e5bc70de391ef25ede2d62d59e,4218,byte_identical
thesis/data/runs/ustc_tfc2016/domain_holdout_v1/folds/fold-03/models/temporal/calibration_report.json,data/runs/ustc_tfc2016/domain_holdout_v1/folds/fold-03/models/temporal/calibration_report.json,aggregate,95d7a438755726a2a0be5dc9ba012144eade2aff0e1c868be8a495b7d8b6a54a,95d7a438755726a2a0be5dc9ba012144eade2aff0e1c868be8a495b7d8b6a54a,4043,byte_identical
thesis/data/runs/ustc_tfc2016/domain_holdout_v1/folds/fold-04/metrics.json,data/runs/ustc_tfc2016/domain_holdout_v1/folds/fold-04/metrics.json,aggregate,53e5a12ee185706fb29da769492220ccca25ac5f18b261f4a2907a886fa87cfe,53e5a12ee185706fb29da769492220ccca25ac5f18b261f4a2907a886fa87cfe,4169,byte_identical
thesis/data/runs/ustc_tfc2016/domain_holdout_v1/folds/fold-04/models/stats/calibration_report.json,data/runs/ustc_tfc2016/domain_holdout_v1/folds/fold-04/models/stats/calibration_report.json,aggregate,2cbf9c883d6016e4783db431bf305e5972147465159c5afd6f9eab9f6544242e,2cbf9c883d6016e4783db431bf305e5972147465159c5afd6f9eab9f6544242e,4276,byte_identical
thesis/data/runs/ustc_tfc2016/domain_holdout_v1/folds/fold-04/models/temporal/calibration_report.json,data/runs/ustc_tfc2016/domain_holdout_v1/folds/fold-04/models/temporal/calibration_report.json,aggregate,dc01df77b963564cd53a688b08e35d7b12890e3bc30a3c468627e09d717c711a,dc01df77b963564cd53a688b08e35d7b12890e3bc30a3c468627e09d717c711a,4123,byte_identical
thesis/data/runs/ustc_tfc2016/domain_holdout_v1/folds/fold-05/metrics.json,data/runs/ustc_tfc2016/domain_holdout_v1/folds/fold-05/metrics.json,aggregate,89f695e84000eca77c99255d06075712f01f5a325d149fd7209d6902d5a36bff,89f695e84000eca77c99255d06075712f01f5a325d149fd7209d6902d5a36bff,4190,byte_identical
thesis/data/runs/ustc_tfc2016/domain_holdout_v1/folds/fold-05/models/stats/calibration_report.json,data/runs/ustc_tfc2016/domain_holdout_v1/folds/fold-05/models/stats/calibration_report.json,aggregate,652776497dd71c210f52aff85c2d3793af99f2c9c421aa30c106952a9e9475c0,652776497dd71c210f52aff85c2d3793af99f2c9c421aa30c106952a9e9475c0,4229,byte_identical
thesis/data/runs/ustc_tfc2016/domain_holdout_v1/folds/fold-05/models/temporal/calibration_report.json,data/runs/ustc_tfc2016/domain_holdout_v1/folds/fold-05/models/temporal/calibration_report.json,aggregate,651520ef3e675fc994c67e872f810d9d5097631763cea23d2dd08fc283b4fb45,651520ef3e675fc994c67e872f810d9d5097631763cea23d2dd08fc283b4fb45,4127,byte_identical
thesis/data/runs/ustc_tfc2016/domain_holdout_v1/folds/fold-06/metrics.json,data/runs/ustc_tfc2016/domain_holdout_v1/folds/fold-06/metrics.json,aggregate,7091b8491ec67dd00269971aa00887b34dbd75bd26ecdcd9f209904b3af88b02,7091b8491ec67dd00269971aa00887b34dbd75bd26ecdcd9f209904b3af88b02,4267,byte_identical
thesis/data/runs/ustc_tfc2016/domain_holdout_v1/folds/fold-06/models/stats/calibration_report.json,data/runs/ustc_tfc2016/domain_holdout_v1/folds/fold-06/models/stats/calibration_report.json,aggregate,e3294c0d51223d26e232f46cee0123cc31140d0020a8ae1017933e767524bb44,e3294c0d51223d26e232f46cee0123cc31140d0020a8ae1017933e767524bb44,4296,byte_identical
thesis/data/runs/ustc_tfc2016/domain_holdout_v1/folds/fold-06/models/temporal/calibration_report.json,data/runs/ustc_tfc2016/domain_holdout_v1/folds/fold-06/models/temporal/calibration_report.json,aggregate,1119cd7166d5c63a707754ed89a76c886f2c84b22af5becba4429b369751c1b7,1119cd7166d5c63a707754ed89a76c886f2c84b22af5becba4429b369751c1b7,4091,byte_identical
thesis/data/runs/ustc_tfc2016/domain_holdout_v1/folds/fold-07/metrics.json,data/runs/ustc_tfc2016/domain_holdout_v1/folds/fold-07/metrics.json,aggregate,84b5f80c7b7805f56620320f339450f9c5d5bc0aa5687451dd11ada9965ed182,84b5f80c7b7805f56620320f339450f9c5d5bc0aa5687451dd11ada9965ed182,4178,byte_identical
thesis/data/runs/ustc_tfc2016/domain_holdout_v1/folds/fold-07/models/stats/calibration_report.json,data/runs/ustc_tfc2016/domain_holdout_v1/folds/fold-07/models/stats/calibration_report.json,aggregate,9c60be518d3b83a6f7ac2c87de8779a386da985a7d5c45034ca0149100cb579d,9c60be518d3b83a6f7ac2c87de8779a386da985a7d5c45034ca0149100cb579d,4269,byte_identical
thesis/data/runs/ustc_tfc2016/domain_holdout_v1/folds/fold-07/models/temporal/calibration_report.json,data/runs/ustc_tfc2016/domain_holdout_v1/folds/fold-07/models/temporal/calibration_report.json,aggregate,1c7ed04395be7257855084dcf94ccbf6a411ade6bea2dade88ce360a8230f125,1c7ed04395be7257855084dcf94ccbf6a411ade6bea2dade88ce360a8230f125,4068,byte_identical
thesis/data/runs/ustc_tfc2016/domain_holdout_v1/folds/fold-08/metrics.json,data/runs/ustc_tfc2016/domain_holdout_v1/folds/fold-08/metrics.json,aggregate,81e98a3e3cec4ff80f570870ffb4b16e585eefcf08fb5251d6f4d598d6438012,81e98a3e3cec4ff80f570870ffb4b16e585eefcf08fb5251d6f4d598d6438012,4220,byte_identical
thesis/data/runs/ustc_tfc2016/domain_holdout_v1/folds/fold-08/models/stats/calibration_report.json,data/runs/ustc_tfc2016/domain_holdout_v1/folds/fold-08/models/stats/calibration_report.json,aggregate,1496b761d9a1060cd59594af16ba1d9f41b0eeb597f06a1b6621bcfd9f75f434,1496b761d9a1060cd59594af16ba1d9f41b0eeb597f06a1b6621bcfd9f75f434,4296,byte_identical
thesis/data/runs/ustc_tfc2016/domain_holdout_v1/folds/fold-08/models/temporal/calibration_report.json,data/runs/ustc_tfc2016/domain_holdout_v1/folds/fold-08/models/temporal/calibration_report.json,aggregate,7173e8ed5111876329db841ca2f7e14d3002b8a1387aeb65a84fc7a8b2a1c07b,7173e8ed5111876329db841ca2f7e14d3002b8a1387aeb65a84fc7a8b2a1c07b,4093,byte_identical
thesis/data/runs/ustc_tfc2016/domain_holdout_v1/folds/fold-09/metrics.json,data/runs/ustc_tfc2016/domain_holdout_v1/folds/fold-09/metrics.json,aggregate,5aad8da8a2b690cd3654d379a737a54a68600c5505b8f0e1c4691fa8dac15853,5aad8da8a2b690cd3654d379a737a54a68600c5505b8f0e1c4691fa8dac15853,4260,byte_identical
thesis/data/runs/ustc_tfc2016/domain_holdout_v1/folds/fold-09/models/stats/calibration_report.json,data/runs/ustc_tfc2016/domain_holdout_v1/folds/fold-09/models/stats/calibration_report.json,aggregate,5b5e644835639fe825b296d3c16bf51ce8d7c926f2c53df17e61da336e6cfa64,5b5e644835639fe825b296d3c16bf51ce8d7c926f2c53df17e61da336e6cfa64,4273,byte_identical
thesis/data/runs/ustc_tfc2016/domain_holdout_v1/folds/fold-09/models/temporal/calibration_report.json,data/runs/ustc_tfc2016/domain_holdout_v1/folds/fold-09/models/temporal/calibration_report.json,aggregate,97581f11a21c4aafe2f3066a44d58b9614b5a08523b7b6cf197e717d540dcc4c,97581f11a21c4aafe2f3066a44d58b9614b5a08523b7b6cf197e717d540dcc4c,4182,byte_identical
thesis/data/runs/ustc_tfc2016/domain_holdout_v1/validation_summary.json,data/runs/ustc_tfc2016/domain_holdout_v1/validation_summary.json,aggregate,9c3b5a6342168953a0ca55a4bf0f4c02c4ac48e8a7602ad47ed135102f46d8d3,37c54af7af9c15fa66694d5ce943454169be8cb430b8e1f46cf068b189f522b4,75286,absolute_workspace_path_to_relative
thesis/data/runs/ustc_tfc2016/domain_ood_v1/cesnet/application_metrics.csv,data/runs/ustc_tfc2016/domain_ood_v1/cesnet/application_metrics.csv,aggregate,602cd7a3449d2742133b9240c08bd1bf4494a271e653b4d0099263557b6a12f8,2c669956b040562a7b3d51d4262ef433e1170df56cb648beb998ea13e716eb97,137372,utf8_bom_removed
thesis/data/runs/ustc_tfc2016/domain_ood_v1/cesnet/category_metrics.csv,data/runs/ustc_tfc2016/domain_ood_v1/cesnet/category_metrics.csv,aggregate,2cc8449e9fe9abb38986b0afbf6b3726ada2c8571cba9d4bffd7acb2bd4ebbb2,7e5e106d21da28d55bdf6cf4822091e647af5087939cb94fdafba179e79d6d95,17079,utf8_bom_removed
thesis/data/runs/ustc_tfc2016/domain_ood_v1/cesnet/metrics.json,data/runs/ustc_tfc2016/domain_ood_v1/cesnet/metrics.json,aggregate,ebcd12d27ee010f8835d13412952780a96cfbdf72699c5d7aae28aad3cc6c8ad,ebcd12d27ee010f8835d13412952780a96cfbdf72699c5d7aae28aad3cc6c8ad,5816,byte_identical
thesis/data/runs/ustc_tfc2016/domain_ood_v1/domain_holdout/aggregate/metrics.json,data/runs/ustc_tfc2016/domain_ood_v1/domain_holdout/aggregate/metrics.json,aggregate,a9eeb41a7b63bd14c2ec7c986e9052f03571e2411baa3ca15edd657d4874e1dd,a9eeb41a7b63bd14c2ec7c986e9052f03571e2411baa3ca15edd657d4874e1dd,61449,byte_identical
thesis/data/runs/ustc_tfc2016/domain_ood_v1/domain_holdout/folds/fold-00/gates/stats/calibration_report.json,data/runs/ustc_tfc2016/domain_ood_v1/domain_holdout/folds/fold-00/gates/stats/calibration_report.json,aggregate,56c5a0b14712b5d446937e72f0c132d90d90e4adfb991a1ed34d7257d843863d,56c5a0b14712b5d446937e72f0c132d90d90e4adfb991a1ed34d7257d843863d,445,byte_identical
thesis/data/runs/ustc_tfc2016/domain_ood_v1/domain_holdout/folds/fold-00/gates/temporal/calibration_report.json,data/runs/ustc_tfc2016/domain_ood_v1/domain_holdout/folds/fold-00/gates/temporal/calibration_report.json,aggregate,e6b357046e8ad4e2a9eba42cf428af53d4d2d535f549fb04a84bc33e1378ded9,e6b357046e8ad4e2a9eba42cf428af53d4d2d535f549fb04a84bc33e1378ded9,448,byte_identical
thesis/data/runs/ustc_tfc2016/domain_ood_v1/domain_holdout/folds/fold-00/metrics.json,data/runs/ustc_tfc2016/domain_ood_v1/domain_holdout/folds/fold-00/metrics.json,aggregate,22ff46602c5f8d73276267830e1fe05fd0fa0415a6543effb1ead311d6e9cd26,22ff46602c5f8d73276267830e1fe05fd0fa0415a6543effb1ead311d6e9cd26,6551,byte_identical
thesis/data/runs/ustc_tfc2016/domain_ood_v1/domain_holdout/folds/fold-01/gates/stats/calibration_report.json,data/runs/ustc_tfc2016/domain_ood_v1/domain_holdout/folds/fold-01/gates/stats/calibration_report.json,aggregate,466242970933c516d7959827650d58f748eb445ab42bf3a7fbdecef43712cc93,466242970933c516d7959827650d58f748eb445ab42bf3a7fbdecef43712cc93,442,byte_identical
thesis/data/runs/ustc_tfc2016/domain_ood_v1/domain_holdout/folds/fold-01/gates/temporal/calibration_report.json,data/runs/ustc_tfc2016/domain_ood_v1/domain_holdout/folds/fold-01/gates/temporal/calibration_report.json,aggregate,da05fc1f9d378a6f6b6ae23f4b9dff6fd24d715b446271dd8aac3ee0b97bef12,da05fc1f9d378a6f6b6ae23f4b9dff6fd24d715b446271dd8aac3ee0b97bef12,446,byte_identical
thesis/data/runs/ustc_tfc2016/domain_ood_v1/domain_holdout/folds/fold-01/metrics.json,data/runs/ustc_tfc2016/domain_ood_v1/domain_holdout/folds/fold-01/metrics.json,aggregate,c60211fbde937b4f05b0ec1ba4747efb9a669b560abeff956a57c91192d9fca6,c60211fbde937b4f05b0ec1ba4747efb9a669b560abeff956a57c91192d9fca6,6105,byte_identical
thesis/data/runs/ustc_tfc2016/domain_ood_v1/domain_holdout/folds/fold-02/gates/stats/calibration_report.json,data/runs/ustc_tfc2016/domain_ood_v1/domain_holdout/folds/fold-02/gates/stats/calibration_report.json,aggregate,c26d459e82bfa8ebeb644fad40f28d98f459bea60c5906d47e6fec7d828f83d6,c26d459e82bfa8ebeb644fad40f28d98f459bea60c5906d47e6fec7d828f83d6,445,byte_identical
thesis/data/runs/ustc_tfc2016/domain_ood_v1/domain_holdout/folds/fold-02/gates/temporal/calibration_report.json,data/runs/ustc_tfc2016/domain_ood_v1/domain_holdout/folds/fold-02/gates/temporal/calibration_report.json,aggregate,378fa55cac1a57e9eccf3452c3e6aad640a7e8732ea770735e09312525ca5780,378fa55cac1a57e9eccf3452c3e6aad640a7e8732ea770735e09312525ca5780,446,byte_identical
thesis/data/runs/ustc_tfc2016/domain_ood_v1/domain_holdout/folds/fold-02/metrics.json,data/runs/ustc_tfc2016/domain_ood_v1/domain_holdout/folds/fold-02/metrics.json,aggregate,f32e54e53a1cb7dceffcb57f119e8953565c7ba46a7053289f707528a92f3023,f32e54e53a1cb7dceffcb57f119e8953565c7ba46a7053289f707528a92f3023,6204,byte_identical
thesis/data/runs/ustc_tfc2016/domain_ood_v1/domain_holdout/folds/fold-03/gates/stats/calibration_report.json,data/runs/ustc_tfc2016/domain_ood_v1/domain_holdout/folds/fold-03/gates/stats/calibration_report.json,aggregate,16ee2929686cbc171006e75811150a104a35494f9ba0fdbf90be1a02d4a7aa52,16ee2929686cbc171006e75811150a104a35494f9ba0fdbf90be1a02d4a7aa52,443,byte_identical
thesis/data/runs/ustc_tfc2016/domain_ood_v1/domain_holdout/folds/fold-03/gates/temporal/calibration_report.json,data/runs/ustc_tfc2016/domain_ood_v1/domain_holdout/folds/fold-03/gates/temporal/calibration_report.json,aggregate,bc7fa2e418f71ac92e45130f331e7e2932de0c550cf6050af8e4efe6674d7473,bc7fa2e418f71ac92e45130f331e7e2932de0c550cf6050af8e4efe6674d7473,447,byte_identical
thesis/data/runs/ustc_tfc2016/domain_ood_v1/domain_holdout/folds/fold-03/metrics.json,data/runs/ustc_tfc2016/domain_ood_v1/domain_holdout/folds/fold-03/metrics.json,aggregate,e6785ea8ec58836ac47198d981b4518de441b32d2fc96447971edbc7f57713b1,e6785ea8ec58836ac47198d981b4518de441b32d2fc96447971edbc7f57713b1,6526,byte_identical
thesis/data/runs/ustc_tfc2016/domain_ood_v1/domain_holdout/folds/fold-04/gates/stats/calibration_report.json,data/runs/ustc_tfc2016/domain_ood_v1/domain_holdout/folds/fold-04/gates/stats/calibration_report.json,aggregate,0effc7f1a98e1f2817e8829f788ddde2123aa1be378ce896404dbbab17050def,0effc7f1a98e1f2817e8829f788ddde2123aa1be378ce896404dbbab17050def,445,byte_identical
thesis/data/runs/ustc_tfc2016/domain_ood_v1/domain_holdout/folds/fold-04/gates/temporal/calibration_report.json,data/runs/ustc_tfc2016/domain_ood_v1/domain_holdout/folds/fold-04/gates/temporal/calibration_report.json,aggregate,6bae6e3a47f343c09e122de48f2b6b929a0fe736ff75947ddd5e38f60c78645b,6bae6e3a47f343c09e122de48f2b6b929a0fe736ff75947ddd5e38f60c78645b,447,byte_identical
thesis/data/runs/ustc_tfc2016/domain_ood_v1/domain_holdout/folds/fold-04/metrics.json,data/runs/ustc_tfc2016/domain_ood_v1/domain_holdout/folds/fold-04/metrics.json,aggregate,51d7db2dc4e7ff859fd945d8e851de26ffd4ee4a599d89d5f4bb796e320725c9,51d7db2dc4e7ff859fd945d8e851de26ffd4ee4a599d89d5f4bb796e320725c9,6180,byte_identical
thesis/data/runs/ustc_tfc2016/domain_ood_v1/domain_holdout/folds/fold-05/gates/stats/calibration_report.json,data/runs/ustc_tfc2016/domain_ood_v1/domain_holdout/folds/fold-05/gates/stats/calibration_report.json,aggregate,3545c2debabba9100847d125a94cf9386e7ec219d0b64f54490a18748a8a68b1,3545c2debabba9100847d125a94cf9386e7ec219d0b64f54490a18748a8a68b1,443,byte_identical
thesis/data/runs/ustc_tfc2016/domain_ood_v1/domain_holdout/folds/fold-05/gates/temporal/calibration_report.json,data/runs/ustc_tfc2016/domain_ood_v1/domain_holdout/folds/fold-05/gates/temporal/calibration_report.json,aggregate,3835361dd9eb8ac857e797813cf237b178d649ce20510d8a76935ecc8612963b,3835361dd9eb8ac857e797813cf237b178d649ce20510d8a76935ecc8612963b,450,byte_identical
thesis/data/runs/ustc_tfc2016/domain_ood_v1/domain_holdout/folds/fold-05/metrics.json,data/runs/ustc_tfc2016/domain_ood_v1/domain_holdout/folds/fold-05/metrics.json,aggregate,ca3e976b3527d1a84b4c7344e86f7586d79ac34af65a380a5b15ceca0b3ba9e6,ca3e976b3527d1a84b4c7344e86f7586d79ac34af65a380a5b15ceca0b3ba9e6,6157,byte_identical
thesis/data/runs/ustc_tfc2016/domain_ood_v1/domain_holdout/folds/fold-06/gates/stats/calibration_report.json,data/runs/ustc_tfc2016/domain_ood_v1/domain_holdout/folds/fold-06/gates/stats/calibration_report.json,aggregate,d86ad451ff02b528540e3dcb45a32922d3b095ecddc57f8720fd58e0bf7886cb,d86ad451ff02b528540e3dcb45a32922d3b095ecddc57f8720fd58e0bf7886cb,442,byte_identical
thesis/data/runs/ustc_tfc2016/domain_ood_v1/domain_holdout/folds/fold-06/gates/temporal/calibration_report.json,data/runs/ustc_tfc2016/domain_ood_v1/domain_holdout/folds/fold-06/gates/temporal/calibration_report.json,aggregate,150f66df1d0c81750c3f74af0807651545ad230e4423835d4e764ae27ea9f004,150f66df1d0c81750c3f74af0807651545ad230e4423835d4e764ae27ea9f004,447,byte_identical
thesis/data/runs/ustc_tfc2016/domain_ood_v1/domain_holdout/folds/fold-06/metrics.json,data/runs/ustc_tfc2016/domain_ood_v1/domain_holdout/folds/fold-06/metrics.json,aggregate,44357db3b8b84a6c8cb6520fc3e4c63878ef6860cc01c75f26577c853e2d5375,44357db3b8b84a6c8cb6520fc3e4c63878ef6860cc01c75f26577c853e2d5375,6369,byte_identical
thesis/data/runs/ustc_tfc2016/domain_ood_v1/domain_holdout/folds/fold-07/gates/stats/calibration_report.json,data/runs/ustc_tfc2016/domain_ood_v1/domain_holdout/folds/fold-07/gates/stats/calibration_report.json,aggregate,2ceac1601f2cb7375a0349cfd09b082c007e3c5980f9dcbee7618f04dda72174,2ceac1601f2cb7375a0349cfd09b082c007e3c5980f9dcbee7618f04dda72174,445,byte_identical
thesis/data/runs/ustc_tfc2016/domain_ood_v1/domain_holdout/folds/fold-07/gates/temporal/calibration_report.json,data/runs/ustc_tfc2016/domain_ood_v1/domain_holdout/folds/fold-07/gates/temporal/calibration_report.json,aggregate,e0cf0672f5a4a44152aa03ec2534634f1c867e752b5734283742a2aecd4e8c5f,e0cf0672f5a4a44152aa03ec2534634f1c867e752b5734283742a2aecd4e8c5f,449,byte_identical
thesis/data/runs/ustc_tfc2016/domain_ood_v1/domain_holdout/folds/fold-07/metrics.json,data/runs/ustc_tfc2016/domain_ood_v1/domain_holdout/folds/fold-07/metrics.json,aggregate,3c99fef47318f32a16b8b8308598c1b847c56d50207ac46c70489e874acbdfb0,3c99fef47318f32a16b8b8308598c1b847c56d50207ac46c70489e874acbdfb0,6174,byte_identical
thesis/data/runs/ustc_tfc2016/domain_ood_v1/domain_holdout/folds/fold-08/gates/stats/calibration_report.json,data/runs/ustc_tfc2016/domain_ood_v1/domain_holdout/folds/fold-08/gates/stats/calibration_report.json,aggregate,0fb526be1e77c19c25bc6f5ff6124ab8c61b2c826b849ba91aa1fcc4998d8e71,0fb526be1e77c19c25bc6f5ff6124ab8c61b2c826b849ba91aa1fcc4998d8e71,443,byte_identical
thesis/data/runs/ustc_tfc2016/domain_ood_v1/domain_holdout/folds/fold-08/gates/temporal/calibration_report.json,data/runs/ustc_tfc2016/domain_ood_v1/domain_holdout/folds/fold-08/gates/temporal/calibration_report.json,aggregate,bf63a3d34fa837b43f8d7a5a6ccd4599a8d23049c758fed0da7314927f6aab54,bf63a3d34fa837b43f8d7a5a6ccd4599a8d23049c758fed0da7314927f6aab54,446,byte_identical
thesis/data/runs/ustc_tfc2016/domain_ood_v1/domain_holdout/folds/fold-08/metrics.json,data/runs/ustc_tfc2016/domain_ood_v1/domain_holdout/folds/fold-08/metrics.json,aggregate,0bfeb2cff479cceb92026a12a460d59e973c49a7e58feb2460ffb2e547b41c6e,0bfeb2cff479cceb92026a12a460d59e973c49a7e58feb2460ffb2e547b41c6e,6238,byte_identical
thesis/data/runs/ustc_tfc2016/domain_ood_v1/domain_holdout/folds/fold-09/gates/stats/calibration_report.json,data/runs/ustc_tfc2016/domain_ood_v1/domain_holdout/folds/fold-09/gates/stats/calibration_report.json,aggregate,6199335853dafbf1aac54ca73fbba416ad1f797a737b85f699861c3b272e8692,6199335853dafbf1aac54ca73fbba416ad1f797a737b85f699861c3b272e8692,445,byte_identical
thesis/data/runs/ustc_tfc2016/domain_ood_v1/domain_holdout/folds/fold-09/gates/temporal/calibration_report.json,data/runs/ustc_tfc2016/domain_ood_v1/domain_holdout/folds/fold-09/gates/temporal/calibration_report.json,aggregate,1570ebfed48e35f407e4c3d0315a19369f405638a206993b86960a60c2cd914e,1570ebfed48e35f407e4c3d0315a19369f405638a206993b86960a60c2cd914e,447,byte_identical
thesis/data/runs/ustc_tfc2016/domain_ood_v1/domain_holdout/folds/fold-09/metrics.json,data/runs/ustc_tfc2016/domain_ood_v1/domain_holdout/folds/fold-09/metrics.json,aggregate,7ba2dfe1364ea779a5046aef9d51f36473e2c36088c3101d78faeec268f32d5b,7ba2dfe1364ea779a5046aef9d51f36473e2c36088c3101d78faeec268f32d5b,6288,byte_identical
thesis/data/runs/ustc_tfc2016/domain_ood_v1/time_block/metrics.json,data/runs/ustc_tfc2016/domain_ood_v1/time_block/metrics.json,aggregate,ecb73e08bd28d3355a29fcec0163d70f8c80af9230739b9088361f00f1c351c9,ecb73e08bd28d3355a29fcec0163d70f8c80af9230739b9088361f00f1c351c9,6215,byte_identical
thesis/data/runs/ustc_tfc2016/domain_ood_v1/validation_summary.json,data/runs/ustc_tfc2016/domain_ood_v1/validation_summary.json,aggregate,fa524e5af25a7aa30ec19aa2f7295ce30f6cd113c948f16f188bea45d4bd30a4,fa524e5af25a7aa30ec19aa2f7295ce30f6cd113c948f16f188bea45d4bd30a4,16900,byte_identical
thesis/data/runs/ustc_tfc2016/domain_ood_v1_smoke/cesnet/metrics.json,data/runs/ustc_tfc2016/domain_ood_v1_smoke/cesnet/metrics.json,aggregate,b0e82e814d9b536cfdf012cea4d18249ad2bf3a22e08a7b0aebdcdf19cd8c881,b0e82e814d9b536cfdf012cea4d18249ad2bf3a22e08a7b0aebdcdf19cd8c881,5480,byte_identical
thesis/data/runs/ustc_tfc2016/fixed_all_agents/audit_summary.json,data/runs/ustc_tfc2016/fixed_all_agents/audit_summary.json,aggregate,75fd800f80dce961075c913a51bd38f079a0b6d8b232198c8ad197be5c4c63ec,75fd800f80dce961075c913a51bd38f079a0b6d8b232198c8ad197be5c4c63ec,1224,byte_identical
thesis/data/runs/ustc_tfc2016/fixed_all_agents/cost_summary.json,data/runs/ustc_tfc2016/fixed_all_agents/cost_summary.json,aggregate,ceb3204f43f80a005ad6fa292377abc5c0b0a4fd0a9c0e8e506249ea509b31b7,ceb3204f43f80a005ad6fa292377abc5c0b0a4fd0a9c0e8e506249ea509b31b7,317,byte_identical
thesis/data/runs/ustc_tfc2016/fixed_all_agents/metrics.json,data/runs/ustc_tfc2016/fixed_all_agents/metrics.json,aggregate,b925d5b78fd80175155d6a8e9123207169ebe9fafdaa4e49e043a26c697fce73,b925d5b78fd80175155d6a8e9123207169ebe9fafdaa4e49e043a26c697fce73,737,byte_identical
thesis/data/runs/ustc_tfc2016/fixed_all_agents/run_config.json,data/runs/ustc_tfc2016/fixed_all_agents/run_config.json,aggregate,33fb5a5f839c62879651fd4e74bfedc03f3a222ab6e260bfaeea5e71cc3ff423,c9cfa14eca22c93ce43f662ea10bc769c1bcf7a5ce275e541680d9e939e76164,534,absolute_workspace_path_to_relative
thesis/data/runs/ustc_tfc2016/full_pipeline/audit_summary.json,data/runs/ustc_tfc2016/full_pipeline/audit_summary.json,aggregate,91c435fd0aa5f4c980610a0101f303005093a7cc5489e06dee7582d8c0f7d3c7,91c435fd0aa5f4c980610a0101f303005093a7cc5489e06dee7582d8c0f7d3c7,1120,byte_identical
thesis/data/runs/ustc_tfc2016/full_pipeline/cost_summary.json,data/runs/ustc_tfc2016/full_pipeline/cost_summary.json,aggregate,4de385096a52d1904179e92b317daec87b7ffef51fd7743d5fb4edd2bbb13cc6,4de385096a52d1904179e92b317daec87b7ffef51fd7743d5fb4edd2bbb13cc6,328,byte_identical
thesis/data/runs/ustc_tfc2016/full_pipeline/metrics.json,data/runs/ustc_tfc2016/full_pipeline/metrics.json,aggregate,c541fc337f6c8cbd7d9a876cbfc2b8985949a65e267a30788f8f5ac0cf36bdb5,c541fc337f6c8cbd7d9a876cbfc2b8985949a65e267a30788f8f5ac0cf36bdb5,748,byte_identical
thesis/data/runs/ustc_tfc2016/full_pipeline/run_config.json,data/runs/ustc_tfc2016/full_pipeline/run_config.json,aggregate,f700227c245883cbfa03f029ecfc6f2ae8783d28dcc59914d6f69e5627f78507,6aa8c83994f58f8c8df251704d9ddb601a6e9a0a82eb547e8b8ea8d329b63a60,550,absolute_workspace_path_to_relative
thesis/data/runs/ustc_tfc2016/learned_no_reject/audit_summary.json,data/runs/ustc_tfc2016/learned_no_reject/audit_summary.json,aggregate,854b11c1055ca3f672d75187c8daec4a18f81e87f5c2d58a8ccd0ac163f3e717,854b11c1055ca3f672d75187c8daec4a18f81e87f5c2d58a8ccd0ac163f3e717,1155,byte_identical
thesis/data/runs/ustc_tfc2016/learned_no_reject/cost_summary.json,data/runs/ustc_tfc2016/learned_no_reject/cost_summary.json,aggregate,539229c4e4dbe6518e080f47db7d9179e8770ff02936170aea148c7944d5561a,539229c4e4dbe6518e080f47db7d9179e8770ff02936170aea148c7944d5561a,323,byte_identical
thesis/data/runs/ustc_tfc2016/learned_no_reject/metrics.json,data/runs/ustc_tfc2016/learned_no_reject/metrics.json,aggregate,8656af2b0a1ef92997826b739f19b49b3dbd18993c5d8b5a5537798d70c49f17,8656af2b0a1ef92997826b739f19b49b3dbd18993c5d8b5a5537798d70c49f17,786,byte_identical
thesis/data/runs/ustc_tfc2016/learned_no_reject/run_config.json,data/runs/ustc_tfc2016/learned_no_reject/run_config.json,aggregate,afd689801e9bf4c9f8c9d23b9568aa095debfa44f7bf1caeaaac4b669d18a3e7,ab1dc44254dab97a98c0e9192e60278eb26c2eec0f05fd3e915851b1047961a7,1446,absolute_workspace_path_to_relative
thesis/data/runs/ustc_tfc2016/learned_rule_coordinator/audit_summary.json,data/runs/ustc_tfc2016/learned_rule_coordinator/audit_summary.json,aggregate,80b051f5b0a791609a0bd296ce06f50f19ec0bfdfb2d4e020c49da86217d9460,80b051f5b0a791609a0bd296ce06f50f19ec0bfdfb2d4e020c49da86217d9460,1157,byte_identical
thesis/data/runs/ustc_tfc2016/learned_rule_coordinator/cost_summary.json,data/runs/ustc_tfc2016/learned_rule_coordinator/cost_summary.json,aggregate,e3a6d397ae59c9a032fb187c7801bbc3a70288a73e4bdb1fafd74eb578d4993a,e3a6d397ae59c9a032fb187c7801bbc3a70288a73e4bdb1fafd74eb578d4993a,331,byte_identical
thesis/data/runs/ustc_tfc2016/learned_rule_coordinator/metrics.json,data/runs/ustc_tfc2016/learned_rule_coordinator/metrics.json,aggregate,38bbca767a8cfc86ae264dac1b07618afbf60bbf620deec06b418d0aaf38f813,38bbca767a8cfc86ae264dac1b07618afbf60bbf620deec06b418d0aaf38f813,825,byte_identical
thesis/data/runs/ustc_tfc2016/learned_rule_coordinator/run_config.json,data/runs/ustc_tfc2016/learned_rule_coordinator/run_config.json,aggregate,5a782fe5cd6a2808d2b4abf7357465334ec93dffd6a42e18383c5e1e33734150,ad4780f89164f5220186689762d961e7c6dbbf907da5b2d725db0a2110db97f8,1431,absolute_workspace_path_to_relative
thesis/data/runs/ustc_tfc2016/learned_smoke_no_reject/audit_summary.json,data/runs/ustc_tfc2016/learned_smoke_no_reject/audit_summary.json,aggregate,0c1cd15c363a639915abe15a37655de54fbd621e51e67ab2fb07251230209210,0c1cd15c363a639915abe15a37655de54fbd621e51e67ab2fb07251230209210,1059,byte_identical
thesis/data/runs/ustc_tfc2016/learned_smoke_no_reject/cost_summary.json,data/runs/ustc_tfc2016/learned_smoke_no_reject/cost_summary.json,aggregate,f1afa0cfde3fbd22aca75a61ec24982a4122a650a2be11dbaa19b306edfb9649,f1afa0cfde3fbd22aca75a61ec24982a4122a650a2be11dbaa19b306edfb9649,305,byte_identical
thesis/data/runs/ustc_tfc2016/learned_smoke_no_reject/metrics.json,data/runs/ustc_tfc2016/learned_smoke_no_reject/metrics.json,aggregate,6761fb1b6f37b8464b8116d31469dd3a81fa8201c4265e2c86199f7ef8a160f8,6761fb1b6f37b8464b8116d31469dd3a81fa8201c4265e2c86199f7ef8a160f8,692,byte_identical
thesis/data/runs/ustc_tfc2016/learned_smoke_no_reject/run_config.json,data/runs/ustc_tfc2016/learned_smoke_no_reject/run_config.json,aggregate,9f596999590ee0a5dedb2d0db5bb5881559b6fb7dd5283042ed7aa9e7f89ca66,c906dfb01e798940a00a96a27469451847d42d8246d195461a29f523041e3964,1445,absolute_workspace_path_to_relative
thesis/data/runs/ustc_tfc2016/learned_smoke_rule/audit_summary.json,data/runs/ustc_tfc2016/learned_smoke_rule/audit_summary.json,aggregate,caf8e350309fb79069cd5a787360afab2e3421b14568d04b8ca6f14e37a67289,caf8e350309fb79069cd5a787360afab2e3421b14568d04b8ca6f14e37a67289,1063,byte_identical
thesis/data/runs/ustc_tfc2016/learned_smoke_rule/cost_summary.json,data/runs/ustc_tfc2016/learned_smoke_rule/cost_summary.json,aggregate,8249a50146b5dea6d6a67db2c1a3357ea873d35a6f545aa0896b8f1a2b901629,8249a50146b5dea6d6a67db2c1a3357ea873d35a6f545aa0896b8f1a2b901629,314,byte_identical
thesis/data/runs/ustc_tfc2016/learned_smoke_rule/metrics.json,data/runs/ustc_tfc2016/learned_smoke_rule/metrics.json,aggregate,3b637b5aabf150fe279f09fa53585fa4dd3940e08c72ce440522c12ecfb03e5e,3b637b5aabf150fe279f09fa53585fa4dd3940e08c72ce440522c12ecfb03e5e,700,byte_identical
thesis/data/runs/ustc_tfc2016/learned_smoke_rule/run_config.json,data/runs/ustc_tfc2016/learned_smoke_rule/run_config.json,aggregate,3c3790e7b1c1680fa16bda5c167feba593c93f7fceeff56f77a11886c41fb649,670a50c0d76d1bda331a9184c984257b713e2d2d83ea7041a2fd43cfbc474985,1430,absolute_workspace_path_to_relative
thesis/data/runs/ustc_tfc2016/no_field_audit/audit_summary.json,data/runs/ustc_tfc2016/no_field_audit/audit_summary.json,aggregate,186e9a366a59c3e09ae42c2fa8c6c177a1ee9405023338fc76bf1dc9df1def84,186e9a366a59c3e09ae42c2fa8c6c177a1ee9405023338fc76bf1dc9df1def84,1122,byte_identical
thesis/data/runs/ustc_tfc2016/no_field_audit/cost_summary.json,data/runs/ustc_tfc2016/no_field_audit/cost_summary.json,aggregate,b60d37dcdacccc460dd85461a1a2c6ef4b108504843be79d42a1b35aee5a2c01,b60d37dcdacccc460dd85461a1a2c6ef4b108504843be79d42a1b35aee5a2c01,329,byte_identical
thesis/data/runs/ustc_tfc2016/no_field_audit/metrics.json,data/runs/ustc_tfc2016/no_field_audit/metrics.json,aggregate,c8db728d7f8aafe411ed478f17bea4fa394223f946b4decb6d9764eb67e67889,c8db728d7f8aafe411ed478f17bea4fa394223f946b4decb6d9764eb67e67889,749,byte_identical
thesis/data/runs/ustc_tfc2016/no_field_audit/run_config.json,data/runs/ustc_tfc2016/no_field_audit/run_config.json,aggregate,ea6636e92d321320c128d60c872bb89f874db71be5cbb6b3b284e8aa00f88fd5,f989106f4a0ed0828dfef33c898ca7dd8d598b372bad78256593100444120815,552,absolute_workspace_path_to_relative
thesis/data/runs/ustc_tfc2016/no_pseudo_guard/audit_summary.json,data/runs/ustc_tfc2016/no_pseudo_guard/audit_summary.json,aggregate,808ed5d2f7a7b61ea8d0c8ae1b9c6c354026fa6f2513e4e66ea2aa40fa67fad3,808ed5d2f7a7b61ea8d0c8ae1b9c6c354026fa6f2513e4e66ea2aa40fa67fad3,1122,byte_identical
thesis/data/runs/ustc_tfc2016/no_pseudo_guard/cost_summary.json,data/runs/ustc_tfc2016/no_pseudo_guard/cost_summary.json,aggregate,3df19f88f095a5e57923dbb2b3c195f55420384adab9e4e1c36fdc5062acb07b,3df19f88f095a5e57923dbb2b3c195f55420384adab9e4e1c36fdc5062acb07b,330,byte_identical
thesis/data/runs/ustc_tfc2016/no_pseudo_guard/metrics.json,data/runs/ustc_tfc2016/no_pseudo_guard/metrics.json,aggregate,8e4a18464dec0bc041e5b1f6b1f41927ce3f872ae85913c2293087835064da63,8e4a18464dec0bc041e5b1f6b1f41927ce3f872ae85913c2293087835064da63,750,byte_identical
thesis/data/runs/ustc_tfc2016/no_pseudo_guard/run_config.json,data/runs/ustc_tfc2016/no_pseudo_guard/run_config.json,aggregate,2e02d459254352f72aeec49bd62717a83c34ad15d85a28e258301e528c3576e0,9fc9071d0488bbff1e9be8862d5b3e0bbf1026d4c7bdce9f47836766662d6659,553,absolute_workspace_path_to_relative
thesis/data/runs/ustc_tfc2016/no_reject/audit_summary.json,data/runs/ustc_tfc2016/no_reject/audit_summary.json,aggregate,72146e961afbb83f56a4588fc63fbd5b8905121fe2992d672dbd102e88216108,72146e961afbb83f56a4588fc63fbd5b8905121fe2992d672dbd102e88216108,1116,byte_identical
thesis/data/runs/ustc_tfc2016/no_reject/cost_summary.json,data/runs/ustc_tfc2016/no_reject/cost_summary.json,aggregate,0af1ba6279f013595007733422523a7f76a6208450ccbe4fa0d58a4d80696c8f,0af1ba6279f013595007733422523a7f76a6208450ccbe4fa0d58a4d80696c8f,324,byte_identical
thesis/data/runs/ustc_tfc2016/no_reject/metrics.json,data/runs/ustc_tfc2016/no_reject/metrics.json,aggregate,407a15c33b43da81dff1c7af2108590d3c0fdfa060374a4d7373eb0c049abb3e,407a15c33b43da81dff1c7af2108590d3c0fdfa060374a4d7373eb0c049abb3e,790,byte_identical
thesis/data/runs/ustc_tfc2016/no_reject/run_config.json,data/runs/ustc_tfc2016/no_reject/run_config.json,aggregate,f4db6f2b7dfb2d440a471dc580faaf1b37da4d8998582d5f868af0021a9aa06b,04fdddd071467a8182d1213b5b4c2fb0d657b8a0900258e3bb9d3c4c19cbf182,547,absolute_workspace_path_to_relative
thesis/data/runs/ustc_tfc2016/no_reliability_discount/audit_summary.json,data/runs/ustc_tfc2016/no_reliability_discount/audit_summary.json,aggregate,8768a640e4abf382ae4a747a009187e00919490d48e940d01646d6fc6cc7d367,8768a640e4abf382ae4a747a009187e00919490d48e940d01646d6fc6cc7d367,1130,byte_identical
thesis/data/runs/ustc_tfc2016/no_reliability_discount/cost_summary.json,data/runs/ustc_tfc2016/no_reliability_discount/cost_summary.json,aggregate,307fc0225c3ecacdc6076412bc8b77239cb441429457686b864fbaa0f8f75827,307fc0225c3ecacdc6076412bc8b77239cb441429457686b864fbaa0f8f75827,338,byte_identical
thesis/data/runs/ustc_tfc2016/no_reliability_discount/metrics.json,data/runs/ustc_tfc2016/no_reliability_discount/metrics.json,aggregate,f592a4b21a8337f9f1dbc965eb736707a74e1f3358a55e8c75b6247d80a852cc,f592a4b21a8337f9f1dbc965eb736707a74e1f3358a55e8c75b6247d80a852cc,758,byte_identical
thesis/data/runs/ustc_tfc2016/no_reliability_discount/run_config.json,data/runs/ustc_tfc2016/no_reliability_discount/run_config.json,aggregate,de3fc366a5389b04b1a170bedfce2486c526f4c4395960bf48d82f2a68451a9f,18cc338ad2736e124cb5a43ff8cc76598f76096282a724ff75439ebe21f3aeec,561,absolute_workspace_path_to_relative
thesis/data/runs/ustc_tfc2016/nvidia_coordinator_fallback_500/audit_summary.json,data/runs/ustc_tfc2016/nvidia_coordinator_fallback_500/audit_summary.json,aggregate,fc1374a3646c344a6c39793b80d5a819d61fc00066304e66c2e8369e6a4a2cd9,fc1374a3646c344a6c39793b80d5a819d61fc00066304e66c2e8369e6a4a2cd9,1054,byte_identical
thesis/data/runs/ustc_tfc2016/nvidia_coordinator_fallback_500/cost_summary.json,data/runs/ustc_tfc2016/nvidia_coordinator_fallback_500/cost_summary.json,aggregate,c271d571c2fec35c729f8ffdb560ead300aed0844ce411ccd555ca598a3eb8db,c271d571c2fec35c729f8ffdb560ead300aed0844ce411ccd555ca598a3eb8db,314,byte_identical
thesis/data/runs/ustc_tfc2016/nvidia_coordinator_fallback_500/metrics.json,data/runs/ustc_tfc2016/nvidia_coordinator_fallback_500/metrics.json,aggregate,8cb69c0b4f2aa73ea32d47bfe17a15d6e574d337656b145a6e7e15b67de28c1f,8cb69c0b4f2aa73ea32d47bfe17a15d6e574d337656b145a6e7e15b67de28c1f,696,byte_identical
thesis/data/runs/ustc_tfc2016/nvidia_coordinator_fallback_500/run_config.json,data/runs/ustc_tfc2016/nvidia_coordinator_fallback_500/run_config.json,aggregate,e19b3ead529ae2ba2f24fd01ba432a555499de082d1852081297d8352d234f0d,716ca8002a5515d1fabbaaac0e3e6a5b713da3689d28e9263bc94f4c905931a1,553,absolute_workspace_path_to_relative
thesis/data/runs/ustc_tfc2016/ood_policy_v2/acceptance_report.json,data/runs/ustc_tfc2016/ood_policy_v2/acceptance_report.json,aggregate,b33a72726ab7d4c209d9eff51a9231da6b4de5a1c85fc0e7ead2420b699e9c6a,b33a72726ab7d4c209d9eff51a9231da6b4de5a1c85fc0e7ead2420b699e9c6a,1721,byte_identical
thesis/data/runs/ustc_tfc2016/ood_policy_v2/audit_summary.json,data/runs/ustc_tfc2016/ood_policy_v2/audit_summary.json,aggregate,dcaa30a28c572c756d4652cd08d0b15bd1697543808806036cf6cedb9016dde4,dcaa30a28c572c756d4652cd08d0b15bd1697543808806036cf6cedb9016dde4,1062,byte_identical
thesis/data/runs/ustc_tfc2016/ood_policy_v2/coverage_risk_curve.csv,data/runs/ustc_tfc2016/ood_policy_v2/coverage_risk_curve.csv,aggregate,ff22473189fc35a31969186dcea85bedb3177b15acf8ad1a6ced39961fed590b,085b4a52b4230350b538ffde0c5b4287c677e407635168af7035677fabf8caf7,13046,utf8_bom_removed
thesis/data/runs/ustc_tfc2016/ood_policy_v2/external_validation/acceptance_report.json,data/runs/ustc_tfc2016/ood_policy_v2/external_validation/acceptance_report.json,aggregate,a5eeea8a7324c46eed6bcfb75285d80eb2acad63b4bc2145365c06441978af7d,a5eeea8a7324c46eed6bcfb75285d80eb2acad63b4bc2145365c06441978af7d,1267,byte_identical
thesis/data/runs/ustc_tfc2016/ood_policy_v2/external_validation/cesnet_external_validation.json,data/runs/ustc_tfc2016/ood_policy_v2/external_validation/cesnet_external_validation.json,aggregate,003754ac9e540675615047b1fabee43503b5feb16cea4d2f6c583a15b633113f,003754ac9e540675615047b1fabee43503b5feb16cea4d2f6c583a15b633113f,770,byte_identical
thesis/data/runs/ustc_tfc2016/ood_policy_v2/nested_scores/outer-00/inner-01/gates/stats/calibration_report.json,data/runs/ustc_tfc2016/ood_policy_v2/nested_scores/outer-00/inner-01/gates/stats/calibration_report.json,aggregate,7ce29bad4f8474e391bd2a0d3979ba3fa1a65cb684452b70b2788ff08121f6f2,7ce29bad4f8474e391bd2a0d3979ba3fa1a65cb684452b70b2788ff08121f6f2,444,byte_identical
thesis/data/runs/ustc_tfc2016/ood_policy_v2/nested_scores/outer-00/inner-01/gates/temporal/calibration_report.json,data/runs/ustc_tfc2016/ood_policy_v2/nested_scores/outer-00/inner-01/gates/temporal/calibration_report.json,aggregate,5b7d3a31ccde705eab997fb33652479aa82a16c4ddf4ec45589f2432fc33790a,5b7d3a31ccde705eab997fb33652479aa82a16c4ddf4ec45589f2432fc33790a,448,byte_identical
thesis/data/runs/ustc_tfc2016/ood_policy_v2/nested_scores/outer-00/inner-02/gates/stats/calibration_report.json,data/runs/ustc_tfc2016/ood_policy_v2/nested_scores/outer-00/inner-02/gates/stats/calibration_report.json,aggregate,bb0e2101ff72f1867016aaba11155a33a865f26c416fc348612e3934f2e6abd3,bb0e2101ff72f1867016aaba11155a33a865f26c416fc348612e3934f2e6abd3,446,byte_identical
thesis/data/runs/ustc_tfc2016/ood_policy_v2/nested_scores/outer-00/inner-02/gates/temporal/calibration_report.json,data/runs/ustc_tfc2016/ood_policy_v2/nested_scores/outer-00/inner-02/gates/temporal/calibration_report.json,aggregate,a27d6b8b24846d93d5d0a52e21dec596c3b184ec47d15495730e84d62826b403,a27d6b8b24846d93d5d0a52e21dec596c3b184ec47d15495730e84d62826b403,447,byte_identical
thesis/data/runs/ustc_tfc2016/ood_policy_v2/nested_scores/outer-00/inner-03/gates/stats/calibration_report.json,data/runs/ustc_tfc2016/ood_policy_v2/nested_scores/outer-00/inner-03/gates/stats/calibration_report.json,aggregate,866eb263d3f25aa070ca44be81125d9e7f771474bf7f0a0eb832c3d33c0ec571,866eb263d3f25aa070ca44be81125d9e7f771474bf7f0a0eb832c3d33c0ec571,443,byte_identical
thesis/data/runs/ustc_tfc2016/ood_policy_v2/nested_scores/outer-00/inner-03/gates/temporal/calibration_report.json,data/runs/ustc_tfc2016/ood_policy_v2/nested_scores/outer-00/inner-03/gates/temporal/calibration_report.json,aggregate,8f263274fe983fb0a70fdb1d39fd4133919f2e684f3e5838c400db0141b03fd0,8f263274fe983fb0a70fdb1d39fd4133919f2e684f3e5838c400db0141b03fd0,447,byte_identical
thesis/data/runs/ustc_tfc2016/ood_policy_v2/nested_scores/outer-00/inner-04/gates/stats/calibration_report.json,data/runs/ustc_tfc2016/ood_policy_v2/nested_scores/outer-00/inner-04/gates/stats/calibration_report.json,aggregate,f8f4d9302cb7d0c8b2622aa178f6adc4db5950ca976d786b92a5b5cdc4dc8b0f,f8f4d9302cb7d0c8b2622aa178f6adc4db5950ca976d786b92a5b5cdc4dc8b0f,444,byte_identical
thesis/data/runs/ustc_tfc2016/ood_policy_v2/nested_scores/outer-00/inner-04/gates/temporal/calibration_report.json,data/runs/ustc_tfc2016/ood_policy_v2/nested_scores/outer-00/inner-04/gates/temporal/calibration_report.json,aggregate,de5678835bfc9c8a7de628fa736314bc6b757950044bc1491eb0042158daeac7,de5678835bfc9c8a7de628fa736314bc6b757950044bc1491eb0042158daeac7,448,byte_identical
thesis/data/runs/ustc_tfc2016/ood_policy_v2/nested_scores/outer-00/inner-05/gates/stats/calibration_report.json,data/runs/ustc_tfc2016/ood_policy_v2/nested_scores/outer-00/inner-05/gates/stats/calibration_report.json,aggregate,140562560b1e3a6496858628241e5ba5b10a35262643a7d6781859b5f157e235,140562560b1e3a6496858628241e5ba5b10a35262643a7d6781859b5f157e235,445,byte_identical
thesis/data/runs/ustc_tfc2016/ood_policy_v2/nested_scores/outer-00/inner-05/gates/temporal/calibration_report.json,data/runs/ustc_tfc2016/ood_policy_v2/nested_scores/outer-00/inner-05/gates/temporal/calibration_report.json,aggregate,a447e378e52c520cfb61e93ad26b15da4c4379775effa6c39c407a791f085e90,a447e378e52c520cfb61e93ad26b15da4c4379775effa6c39c407a791f085e90,449,byte_identical
thesis/data/runs/ustc_tfc2016/ood_policy_v2/nested_scores/outer-00/inner-06/gates/stats/calibration_report.json,data/runs/ustc_tfc2016/ood_policy_v2/nested_scores/outer-00/inner-06/gates/stats/calibration_report.json,aggregate,16cc2fee7dd571feff228a502b0affd6617f736f6a8bfd5954a5ac1f6fbb1c12,16cc2fee7dd571feff228a502b0affd6617f736f6a8bfd5954a5ac1f6fbb1c12,442,byte_identical
thesis/data/runs/ustc_tfc2016/ood_policy_v2/nested_scores/outer-00/inner-06/gates/temporal/calibration_report.json,data/runs/ustc_tfc2016/ood_policy_v2/nested_scores/outer-00/inner-06/gates/temporal/calibration_report.json,aggregate,c3d5756d4db64dcbec89b5b302176a37b7014e98962d5637a2ac8428bd6ad1c4,c3d5756d4db64dcbec89b5b302176a37b7014e98962d5637a2ac8428bd6ad1c4,448,byte_identical
thesis/data/runs/ustc_tfc2016/ood_policy_v2/nested_scores/outer-00/inner-07/gates/stats/calibration_report.json,data/runs/ustc_tfc2016/ood_policy_v2/nested_scores/outer-00/inner-07/gates/stats/calibration_report.json,aggregate,e62af2a71dd2ca77a8473807ec17dcbfdea3ba2821c06a061b40d8c63b3b983e,e62af2a71dd2ca77a8473807ec17dcbfdea3ba2821c06a061b40d8c63b3b983e,446,byte_identical
thesis/data/runs/ustc_tfc2016/ood_policy_v2/nested_scores/outer-00/inner-07/gates/temporal/calibration_report.json,data/runs/ustc_tfc2016/ood_policy_v2/nested_scores/outer-00/inner-07/gates/temporal/calibration_report.json,aggregate,f63bbc0cd8b9aa95a2763110767186837e866c0a05431c6abeaf85d148c88416,f63bbc0cd8b9aa95a2763110767186837e866c0a05431c6abeaf85d148c88416,446,byte_identical
thesis/data/runs/ustc_tfc2016/ood_policy_v2/nested_scores/outer-00/inner-08/gates/stats/calibration_report.json,data/runs/ustc_tfc2016/ood_policy_v2/nested_scores/outer-00/inner-08/gates/stats/calibration_report.json,aggregate,7b550a8da6d0557eb8a3018689fedba0429572820ab6478971ba850abbeecf3d,7b550a8da6d0557eb8a3018689fedba0429572820ab6478971ba850abbeecf3d,443,byte_identical
thesis/data/runs/ustc_tfc2016/ood_policy_v2/nested_scores/outer-00/inner-08/gates/temporal/calibration_report.json,data/runs/ustc_tfc2016/ood_policy_v2/nested_scores/outer-00/inner-08/gates/temporal/calibration_report.json,aggregate,43006bc414f4917bd31635f3fe77a4ed5ec9928e4b55cadf005ae43fde776620,43006bc414f4917bd31635f3fe77a4ed5ec9928e4b55cadf005ae43fde776620,447,byte_identical
thesis/data/runs/ustc_tfc2016/ood_policy_v2/nested_scores/outer-00/inner-09/gates/stats/calibration_report.json,data/runs/ustc_tfc2016/ood_policy_v2/nested_scores/outer-00/inner-09/gates/stats/calibration_report.json,aggregate,f9753213e3997e4c10c7317196788577fac502dd20401e306a9bdc5133da4bdd,f9753213e3997e4c10c7317196788577fac502dd20401e306a9bdc5133da4bdd,445,byte_identical
thesis/data/runs/ustc_tfc2016/ood_policy_v2/nested_scores/outer-00/inner-09/gates/temporal/calibration_report.json,data/runs/ustc_tfc2016/ood_policy_v2/nested_scores/outer-00/inner-09/gates/temporal/calibration_report.json,aggregate,5a815558ca321be6c49ea92d717ffd2b980b01848dbefd8de0ce367bda6cdabf,5a815558ca321be6c49ea92d717ffd2b980b01848dbefd8de0ce367bda6cdabf,447,byte_identical
thesis/data/runs/ustc_tfc2016/ood_policy_v2/nested_scores/outer-01/inner-00/gates/stats/calibration_report.json,data/runs/ustc_tfc2016/ood_policy_v2/nested_scores/outer-01/inner-00/gates/stats/calibration_report.json,aggregate,7ce29bad4f8474e391bd2a0d3979ba3fa1a65cb684452b70b2788ff08121f6f2,7ce29bad4f8474e391bd2a0d3979ba3fa1a65cb684452b70b2788ff08121f6f2,444,byte_identical
thesis/data/runs/ustc_tfc2016/ood_policy_v2/nested_scores/outer-01/inner-00/gates/temporal/calibration_report.json,data/runs/ustc_tfc2016/ood_policy_v2/nested_scores/outer-01/inner-00/gates/temporal/calibration_report.json,aggregate,5b7d3a31ccde705eab997fb33652479aa82a16c4ddf4ec45589f2432fc33790a,5b7d3a31ccde705eab997fb33652479aa82a16c4ddf4ec45589f2432fc33790a,448,byte_identical
thesis/data/runs/ustc_tfc2016/ood_policy_v2/nested_scores/outer-01/inner-02/gates/stats/calibration_report.json,data/runs/ustc_tfc2016/ood_policy_v2/nested_scores/outer-01/inner-02/gates/stats/calibration_report.json,aggregate,39542ad04adcb34da3d99a139746b055478a6b2823121102ed27f927f1168169,39542ad04adcb34da3d99a139746b055478a6b2823121102ed27f927f1168169,443,byte_identical
thesis/data/runs/ustc_tfc2016/ood_policy_v2/nested_scores/outer-01/inner-02/gates/temporal/calibration_report.json,data/runs/ustc_tfc2016/ood_policy_v2/nested_scores/outer-01/inner-02/gates/temporal/calibration_report.json,aggregate,386daf8c79da1be72d09524ca2c46004672c8435361c345b3d6888ce6f54c8d6,386daf8c79da1be72d09524ca2c46004672c8435361c345b3d6888ce6f54c8d6,448,byte_identical
thesis/data/runs/ustc_tfc2016/ood_policy_v2/nested_scores/outer-01/inner-03/gates/stats/calibration_report.json,data/runs/ustc_tfc2016/ood_policy_v2/nested_scores/outer-01/inner-03/gates/stats/calibration_report.json,aggregate,1ac6e24c06f41b5ef3fdfdf1a4aa10d3392bf6ff3d684fb7f338a18685cfc262,1ac6e24c06f41b5ef3fdfdf1a4aa10d3392bf6ff3d684fb7f338a18685cfc262,444,byte_identical
thesis/data/runs/ustc_tfc2016/ood_policy_v2/nested_scores/outer-01/inner-03/gates/temporal/calibration_report.json,data/runs/ustc_tfc2016/ood_policy_v2/nested_scores/outer-01/inner-03/gates/temporal/calibration_report.json,aggregate,1c777ca74c19b3dbc12ec0c12f2070b6270bbf249e9bf53d56b67035a4880f75,1c777ca74c19b3dbc12ec0c12f2070b6270bbf249e9bf53d56b67035a4880f75,448,byte_identical
thesis/data/runs/ustc_tfc2016/ood_policy_v2/nested_scores/outer-01/inner-04/gates/stats/calibration_report.json,data/runs/ustc_tfc2016/ood_policy_v2/nested_scores/outer-01/inner-04/gates/stats/calibration_report.json,aggregate,8c02df25ea2ec887a05ddad7cfa96d968dc09d9e2288510588894eeaf5cf82a9,8c02df25ea2ec887a05ddad7cfa96d968dc09d9e2288510588894eeaf5cf82a9,445,byte_identical
thesis/data/runs/ustc_tfc2016/ood_policy_v2/nested_scores/outer-01/inner-04/gates/temporal/calibration_report.json,data/runs/ustc_tfc2016/ood_policy_v2/nested_scores/outer-01/inner-04/gates/temporal/calibration_report.json,aggregate,599b38482a0c76f8b5810387857b1be825bde2c1e5004ff518ab686c1859d7a2,599b38482a0c76f8b5810387857b1be825bde2c1e5004ff518ab686c1859d7a2,447,byte_identical
thesis/data/runs/ustc_tfc2016/ood_policy_v2/nested_scores/outer-01/inner-05/gates/stats/calibration_report.json,data/runs/ustc_tfc2016/ood_policy_v2/nested_scores/outer-01/inner-05/gates/stats/calibration_report.json,aggregate,aa7b52682827ceacabcbfbd697ef20bcf97d2b86ae4aef1a839d2f32a7815a54,aa7b52682827ceacabcbfbd697ef20bcf97d2b86ae4aef1a839d2f32a7815a54,443,byte_identical
thesis/data/runs/ustc_tfc2016/ood_policy_v2/nested_scores/outer-01/inner-05/gates/temporal/calibration_report.json,data/runs/ustc_tfc2016/ood_policy_v2/nested_scores/outer-01/inner-05/gates/temporal/calibration_report.json,aggregate,a9dd46a97ef16908ac6f00d34f5856cbce0c69619c2ed55b573f2696e55beca1,a9dd46a97ef16908ac6f00d34f5856cbce0c69619c2ed55b573f2696e55beca1,446,byte_identical
thesis/data/runs/ustc_tfc2016/ood_policy_v2/nested_scores/outer-01/inner-06/gates/stats/calibration_report.json,data/runs/ustc_tfc2016/ood_policy_v2/nested_scores/outer-01/inner-06/gates/stats/calibration_report.json,aggregate,50df9cbfce8888ed31ee1b6aaa24c64f7dc805d5549b8b06430a09033d71749f,50df9cbfce8888ed31ee1b6aaa24c64f7dc805d5549b8b06430a09033d71749f,443,byte_identical
thesis/data/runs/ustc_tfc2016/ood_policy_v2/nested_scores/outer-01/inner-06/gates/temporal/calibration_report.json,data/runs/ustc_tfc2016/ood_policy_v2/nested_scores/outer-01/inner-06/gates/temporal/calibration_report.json,aggregate,57fd081e1b9e737b33d9dcaa396e9444ce51cf6b0d1afc8a33d644b98c6ae3f2,57fd081e1b9e737b33d9dcaa396e9444ce51cf6b0d1afc8a33d644b98c6ae3f2,446,byte_identical
thesis/data/runs/ustc_tfc2016/ood_policy_v2/nested_scores/outer-01/inner-07/gates/stats/calibration_report.json,data/runs/ustc_tfc2016/ood_policy_v2/nested_scores/outer-01/inner-07/gates/stats/calibration_report.json,aggregate,51d5c38c04dfe1f0709190831a88fc5e3004a130aba9de035e4f14c613376da3,51d5c38c04dfe1f0709190831a88fc5e3004a130aba9de035e4f14c613376da3,445,byte_identical
thesis/data/runs/ustc_tfc2016/ood_policy_v2/nested_scores/outer-01/inner-07/gates/temporal/calibration_report.json,data/runs/ustc_tfc2016/ood_policy_v2/nested_scores/outer-01/inner-07/gates/temporal/calibration_report.json,aggregate,f9dfee419cedc66d135054cf3036963c836629b4fe031df241f2495695180620,f9dfee419cedc66d135054cf3036963c836629b4fe031df241f2495695180620,447,byte_identical
thesis/data/runs/ustc_tfc2016/ood_policy_v2/nested_scores/outer-01/inner-08/gates/stats/calibration_report.json,data/runs/ustc_tfc2016/ood_policy_v2/nested_scores/outer-01/inner-08/gates/stats/calibration_report.json,aggregate,23a2d1bb217659958682835ec59fac6d8c46103d8ef800137d19a826329ab0b6,23a2d1bb217659958682835ec59fac6d8c46103d8ef800137d19a826329ab0b6,445,byte_identical
thesis/data/runs/ustc_tfc2016/ood_policy_v2/nested_scores/outer-01/inner-08/gates/temporal/calibration_report.json,data/runs/ustc_tfc2016/ood_policy_v2/nested_scores/outer-01/inner-08/gates/temporal/calibration_report.json,aggregate,8d66bb1ccf9b4374572e9887ee1bebca52e55d0295393fd78bae339a00bdd1c6,8d66bb1ccf9b4374572e9887ee1bebca52e55d0295393fd78bae339a00bdd1c6,447,byte_identical
thesis/data/runs/ustc_tfc2016/ood_policy_v2/nested_scores/outer-01/inner-09/gates/stats/calibration_report.json,data/runs/ustc_tfc2016/ood_policy_v2/nested_scores/outer-01/inner-09/gates/stats/calibration_report.json,aggregate,c1fd7f3f22ee0c1cc35afa5ae63206a80377b363ee986bd224635237264cff92,c1fd7f3f22ee0c1cc35afa5ae63206a80377b363ee986bd224635237264cff92,444,byte_identical
thesis/data/runs/ustc_tfc2016/ood_policy_v2/nested_scores/outer-01/inner-09/gates/temporal/calibration_report.json,data/runs/ustc_tfc2016/ood_policy_v2/nested_scores/outer-01/inner-09/gates/temporal/calibration_report.json,aggregate,3269707c036a5e82ab0f3fbe51680e8ec8835f7b489ef7610306ff5b47977f9f,3269707c036a5e82ab0f3fbe51680e8ec8835f7b489ef7610306ff5b47977f9f,446,byte_identical
thesis/data/runs/ustc_tfc2016/ood_policy_v2/nested_scores/outer-02/inner-00/gates/stats/calibration_report.json,data/runs/ustc_tfc2016/ood_policy_v2/nested_scores/outer-02/inner-00/gates/stats/calibration_report.json,aggregate,bb0e2101ff72f1867016aaba11155a33a865f26c416fc348612e3934f2e6abd3,bb0e2101ff72f1867016aaba11155a33a865f26c416fc348612e3934f2e6abd3,446,byte_identical
thesis/data/runs/ustc_tfc2016/ood_policy_v2/nested_scores/outer-02/inner-00/gates/temporal/calibration_report.json,data/runs/ustc_tfc2016/ood_policy_v2/nested_scores/outer-02/inner-00/gates/temporal/calibration_report.json,aggregate,a27d6b8b24846d93d5d0a52e21dec596c3b184ec47d15495730e84d62826b403,a27d6b8b24846d93d5d0a52e21dec596c3b184ec47d15495730e84d62826b403,447,byte_identical
thesis/data/runs/ustc_tfc2016/ood_policy_v2/nested_scores/outer-02/inner-01/gates/stats/calibration_report.json,data/runs/ustc_tfc2016/ood_policy_v2/nested_scores/outer-02/inner-01/gates/stats/calibration_report.json,aggregate,39542ad04adcb34da3d99a139746b055478a6b2823121102ed27f927f1168169,39542ad04adcb34da3d99a139746b055478a6b2823121102ed27f927f1168169,443,byte_identical
thesis/data/runs/ustc_tfc2016/ood_policy_v2/nested_scores/outer-02/inner-01/gates/temporal/calibration_report.json,data/runs/ustc_tfc2016/ood_policy_v2/nested_scores/outer-02/inner-01/gates/temporal/calibration_report.json,aggregate,386daf8c79da1be72d09524ca2c46004672c8435361c345b3d6888ce6f54c8d6,386daf8c79da1be72d09524ca2c46004672c8435361c345b3d6888ce6f54c8d6,448,byte_identical
thesis/data/runs/ustc_tfc2016/ood_policy_v2/nested_scores/outer-02/inner-03/gates/stats/calibration_report.json,data/runs/ustc_tfc2016/ood_policy_v2/nested_scores/outer-02/inner-03/gates/stats/calibration_report.json,aggregate,f858b5c23c379f8da0e99bd69f14d5e32a68325e959dac028737050aa0b0482b,f858b5c23c379f8da0e99bd69f14d5e32a68325e959dac028737050aa0b0482b,443,byte_identical
thesis/data/runs/ustc_tfc2016/ood_policy_v2/nested_scores/outer-02/inner-03/gates/temporal/calibration_report.json,data/runs/ustc_tfc2016/ood_policy_v2/nested_scores/outer-02/inner-03/gates/temporal/calibration_report.json,aggregate,48a2b3ec0ed8aa3f2d39f2bf4230952bec1ee0229d232d4a114521bb227cee0e,48a2b3ec0ed8aa3f2d39f2bf4230952bec1ee0229d232d4a114521bb227cee0e,449,byte_identical
thesis/data/runs/ustc_tfc2016/ood_policy_v2/nested_scores/outer-02/inner-04/gates/stats/calibration_report.json,data/runs/ustc_tfc2016/ood_policy_v2/nested_scores/outer-02/inner-04/gates/stats/calibration_report.json,aggregate,fc1beb924f656b33e4272e04c5b0add0a23a24b7c71374ddf7530d36afc4edd2,fc1beb924f656b33e4272e04c5b0add0a23a24b7c71374ddf7530d36afc4edd2,444,byte_identical
thesis/data/runs/ustc_tfc2016/ood_policy_v2/nested_scores/outer-02/inner-04/gates/temporal/calibration_report.json,data/runs/ustc_tfc2016/ood_policy_v2/nested_scores/outer-02/inner-04/gates/temporal/calibration_report.json,aggregate,22d1ba42c64e5c171099ce726359531f15579503701182e1e04042971811b17e,22d1ba42c64e5c171099ce726359531f15579503701182e1e04042971811b17e,448,byte_identical
thesis/data/runs/ustc_tfc2016/ood_policy_v2/nested_scores/outer-02/inner-05/gates/stats/calibration_report.json,data/runs/ustc_tfc2016/ood_policy_v2/nested_scores/outer-02/inner-05/gates/stats/calibration_report.json,aggregate,b85a01ccf5809c37a92c9d32f191d58dee19cfdef3532095c00f2e3315c811d7,b85a01ccf5809c37a92c9d32f191d58dee19cfdef3532095c00f2e3315c811d7,443,byte_identical
thesis/data/runs/ustc_tfc2016/ood_policy_v2/nested_scores/outer-02/inner-05/gates/temporal/calibration_report.json,data/runs/ustc_tfc2016/ood_policy_v2/nested_scores/outer-02/inner-05/gates/temporal/calibration_report.json,aggregate,53380e28d023e5632b7e6337514b3142d4cd6e6e3c4221db5ca59bfa56ae7e08,53380e28d023e5632b7e6337514b3142d4cd6e6e3c4221db5ca59bfa56ae7e08,445,byte_identical
thesis/data/runs/ustc_tfc2016/ood_policy_v2/nested_scores/outer-02/inner-06/gates/stats/calibration_report.json,data/runs/ustc_tfc2016/ood_policy_v2/nested_scores/outer-02/inner-06/gates/stats/calibration_report.json,aggregate,e65bbfaa6f33b03fb0b45bbaf3a8c328b956c468e81cc1859a18164ca9ca1bd1,e65bbfaa6f33b03fb0b45bbaf3a8c328b956c468e81cc1859a18164ca9ca1bd1,443,byte_identical
thesis/data/runs/ustc_tfc2016/ood_policy_v2/nested_scores/outer-02/inner-06/gates/temporal/calibration_report.json,data/runs/ustc_tfc2016/ood_policy_v2/nested_scores/outer-02/inner-06/gates/temporal/calibration_report.json,aggregate,8b1134372edfa8815cde8f6a291187fceb6c7e74943b025fa52b7fa74e1ea2d9,8b1134372edfa8815cde8f6a291187fceb6c7e74943b025fa52b7fa74e1ea2d9,448,byte_identical
thesis/data/runs/ustc_tfc2016/ood_policy_v2/nested_scores/outer-02/inner-07/gates/stats/calibration_report.json,data/runs/ustc_tfc2016/ood_policy_v2/nested_scores/outer-02/inner-07/gates/stats/calibration_report.json,aggregate,39b6962312e751fff7e7d8f2b439dc55d0cce681d46b41b919e0c6e753020322,39b6962312e751fff7e7d8f2b439dc55d0cce681d46b41b919e0c6e753020322,443,byte_identical
thesis/data/runs/ustc_tfc2016/ood_policy_v2/nested_scores/outer-02/inner-07/gates/temporal/calibration_report.json,data/runs/ustc_tfc2016/ood_policy_v2/nested_scores/outer-02/inner-07/gates/temporal/calibration_report.json,aggregate,c98248180087f1170bc9314c8fe688072ebba0f7b22905e4acea19a58e5fa9e3,c98248180087f1170bc9314c8fe688072ebba0f7b22905e4acea19a58e5fa9e3,444,byte_identical
thesis/data/runs/ustc_tfc2016/ood_policy_v2/nested_scores/outer-02/inner-08/gates/stats/calibration_report.json,data/runs/ustc_tfc2016/ood_policy_v2/nested_scores/outer-02/inner-08/gates/stats/calibration_report.json,aggregate,9d579da5fc8df67067ea16dd0be7f893544d5e7764655e6514090e538b49efa4,9d579da5fc8df67067ea16dd0be7f893544d5e7764655e6514090e538b49efa4,446,byte_identical
thesis/data/runs/ustc_tfc2016/ood_policy_v2/nested_scores/outer-02/inner-08/gates/temporal/calibration_report.json,data/runs/ustc_tfc2016/ood_policy_v2/nested_scores/outer-02/inner-08/gates/temporal/calibration_report.json,aggregate,3bb34bbc1def6751a25df760227f938158f1f2e7e72e39570885d70249204aab,3bb34bbc1def6751a25df760227f938158f1f2e7e72e39570885d70249204aab,448,byte_identical
thesis/data/runs/ustc_tfc2016/ood_policy_v2/nested_scores/outer-02/inner-09/gates/stats/calibration_report.json,data/runs/ustc_tfc2016/ood_policy_v2/nested_scores/outer-02/inner-09/gates/stats/calibration_report.json,aggregate,0019d6539271c06a12965307a65e0ff235f9c6a01b333760aad2e56aa72276ad,0019d6539271c06a12965307a65e0ff235f9c6a01b333760aad2e56aa72276ad,441,byte_identical
thesis/data/runs/ustc_tfc2016/ood_policy_v2/nested_scores/outer-02/inner-09/gates/temporal/calibration_report.json,data/runs/ustc_tfc2016/ood_policy_v2/nested_scores/outer-02/inner-09/gates/temporal/calibration_report.json,aggregate,31faaca944721e3040a26ca0bfdc9b03336daa6e6580be4321c1d994793a1328,31faaca944721e3040a26ca0bfdc9b03336daa6e6580be4321c1d994793a1328,447,byte_identical
thesis/data/runs/ustc_tfc2016/ood_policy_v2/nested_scores/outer-03/inner-00/gates/stats/calibration_report.json,data/runs/ustc_tfc2016/ood_policy_v2/nested_scores/outer-03/inner-00/gates/stats/calibration_report.json,aggregate,866eb263d3f25aa070ca44be81125d9e7f771474bf7f0a0eb832c3d33c0ec571,866eb263d3f25aa070ca44be81125d9e7f771474bf7f0a0eb832c3d33c0ec571,443,byte_identical
thesis/data/runs/ustc_tfc2016/ood_policy_v2/nested_scores/outer-03/inner-00/gates/temporal/calibration_report.json,data/runs/ustc_tfc2016/ood_policy_v2/nested_scores/outer-03/inner-00/gates/temporal/calibration_report.json,aggregate,8f263274fe983fb0a70fdb1d39fd4133919f2e684f3e5838c400db0141b03fd0,8f263274fe983fb0a70fdb1d39fd4133919f2e684f3e5838c400db0141b03fd0,447,byte_identical
thesis/data/runs/ustc_tfc2016/ood_policy_v2/nested_scores/outer-03/inner-01/gates/stats/calibration_report.json,data/runs/ustc_tfc2016/ood_policy_v2/nested_scores/outer-03/inner-01/gates/stats/calibration_report.json,aggregate,1ac6e24c06f41b5ef3fdfdf1a4aa10d3392bf6ff3d684fb7f338a18685cfc262,1ac6e24c06f41b5ef3fdfdf1a4aa10d3392bf6ff3d684fb7f338a18685cfc262,444,byte_identical
thesis/data/runs/ustc_tfc2016/ood_policy_v2/nested_scores/outer-03/inner-01/gates/temporal/calibration_report.json,data/runs/ustc_tfc2016/ood_policy_v2/nested_scores/outer-03/inner-01/gates/temporal/calibration_report.json,aggregate,1c777ca74c19b3dbc12ec0c12f2070b6270bbf249e9bf53d56b67035a4880f75,1c777ca74c19b3dbc12ec0c12f2070b6270bbf249e9bf53d56b67035a4880f75,448,byte_identical
thesis/data/runs/ustc_tfc2016/ood_policy_v2/nested_scores/outer-03/inner-02/gates/stats/calibration_report.json,data/runs/ustc_tfc2016/ood_policy_v2/nested_scores/outer-03/inner-02/gates/stats/calibration_report.json,aggregate,f858b5c23c379f8da0e99bd69f14d5e32a68325e959dac028737050aa0b0482b,f858b5c23c379f8da0e99bd69f14d5e32a68325e959dac028737050aa0b0482b,443,byte_identical
thesis/data/runs/ustc_tfc2016/ood_policy_v2/nested_scores/outer-03/inner-02/gates/temporal/calibration_report.json,data/runs/ustc_tfc2016/ood_policy_v2/nested_scores/outer-03/inner-02/gates/temporal/calibration_report.json,aggregate,48a2b3ec0ed8aa3f2d39f2bf4230952bec1ee0229d232d4a114521bb227cee0e,48a2b3ec0ed8aa3f2d39f2bf4230952bec1ee0229d232d4a114521bb227cee0e,449,byte_identical
thesis/data/runs/ustc_tfc2016/ood_policy_v2/nested_scores/outer-03/inner-04/gates/stats/calibration_report.json,data/runs/ustc_tfc2016/ood_policy_v2/nested_scores/outer-03/inner-04/gates/stats/calibration_report.json,aggregate,0aa14adadce502bc2231e86c579f347bcc24085ade21c092b95ba9fda592d3ab,0aa14adadce502bc2231e86c579f347bcc24085ade21c092b95ba9fda592d3ab,444,byte_identical
thesis/data/runs/ustc_tfc2016/ood_policy_v2/nested_scores/outer-03/inner-04/gates/temporal/calibration_report.json,data/runs/ustc_tfc2016/ood_policy_v2/nested_scores/outer-03/inner-04/gates/temporal/calibration_report.json,aggregate,5d41818704b2f1f9842875ec91f04e14be375dc3e9203eae5e602e0c6e394adc,5d41818704b2f1f9842875ec91f04e14be375dc3e9203eae5e602e0c6e394adc,446,byte_identical
thesis/data/runs/ustc_tfc2016/ood_policy_v2/nested_scores/outer-03/inner-05/gates/stats/calibration_report.json,data/runs/ustc_tfc2016/ood_policy_v2/nested_scores/outer-03/inner-05/gates/stats/calibration_report.json,aggregate,bb28dd6730faf7f572fce9de0a658994061cd2e4bb6ca33b2a83db8d8ba5ee1a,bb28dd6730faf7f572fce9de0a658994061cd2e4bb6ca33b2a83db8d8ba5ee1a,446,byte_identical
thesis/data/runs/ustc_tfc2016/ood_policy_v2/nested_scores/outer-03/inner-05/gates/temporal/calibration_report.json,data/runs/ustc_tfc2016/ood_policy_v2/nested_scores/outer-03/inner-05/gates/temporal/calibration_report.json,aggregate,6d5b61387da2094dd365ebdc4c043ab1b84070985a71fc9f6a6d66c760bc8ffc,6d5b61387da2094dd365ebdc4c043ab1b84070985a71fc9f6a6d66c760bc8ffc,448,byte_identical
thesis/data/runs/ustc_tfc2016/ood_policy_v2/nested_scores/outer-03/inner-06/gates/stats/calibration_report.json,data/runs/ustc_tfc2016/ood_policy_v2/nested_scores/outer-03/inner-06/gates/stats/calibration_report.json,aggregate,4bf5b9404221253a438744a29b522f80bfc0655f174d26924d37955bc1ae690f,4bf5b9404221253a438744a29b522f80bfc0655f174d26924d37955bc1ae690f,446,byte_identical
thesis/data/runs/ustc_tfc2016/ood_policy_v2/nested_scores/outer-03/inner-06/gates/temporal/calibration_report.json,data/runs/ustc_tfc2016/ood_policy_v2/nested_scores/outer-03/inner-06/gates/temporal/calibration_report.json,aggregate,daab4126b24c2408106e093c6d5e9725da29c37cb9f5585f3ca6fe11bdd5faa3,daab4126b24c2408106e093c6d5e9725da29c37cb9f5585f3ca6fe11bdd5faa3,446,byte_identical
thesis/data/runs/ustc_tfc2016/ood_policy_v2/nested_scores/outer-03/inner-07/gates/stats/calibration_report.json,data/runs/ustc_tfc2016/ood_policy_v2/nested_scores/outer-03/inner-07/gates/stats/calibration_report.json,aggregate,d014946ef15fdba4da528995213952eedc4494d975426f74a06712b9810e1767,d014946ef15fdba4da528995213952eedc4494d975426f74a06712b9810e1767,443,byte_identical
thesis/data/runs/ustc_tfc2016/ood_policy_v2/nested_scores/outer-03/inner-07/gates/temporal/calibration_report.json,data/runs/ustc_tfc2016/ood_policy_v2/nested_scores/outer-03/inner-07/gates/temporal/calibration_report.json,aggregate,d460f27025c84e4e2368792368fb12d97334bb7812e513aba4575eed5b70baf5,d460f27025c84e4e2368792368fb12d97334bb7812e513aba4575eed5b70baf5,449,byte_identical
thesis/data/runs/ustc_tfc2016/ood_policy_v2/nested_scores/outer-03/inner-08/gates/stats/calibration_report.json,data/runs/ustc_tfc2016/ood_policy_v2/nested_scores/outer-03/inner-08/gates/stats/calibration_report.json,aggregate,82b5d6cfbc40114ff2d2061c4e9ae428b688515f5fb01732522dd4fdc48d8fe3,82b5d6cfbc40114ff2d2061c4e9ae428b688515f5fb01732522dd4fdc48d8fe3,443,byte_identical
thesis/data/runs/ustc_tfc2016/ood_policy_v2/nested_scores/outer-03/inner-08/gates/temporal/calibration_report.json,data/runs/ustc_tfc2016/ood_policy_v2/nested_scores/outer-03/inner-08/gates/temporal/calibration_report.json,aggregate,cd0c13a5faa702c3d6563dac7b3031e3cc7da7ffc7aa5de059f86b08d4fd8591,cd0c13a5faa702c3d6563dac7b3031e3cc7da7ffc7aa5de059f86b08d4fd8591,445,byte_identical
thesis/data/runs/ustc_tfc2016/ood_policy_v2/nested_scores/outer-03/inner-09/gates/stats/calibration_report.json,data/runs/ustc_tfc2016/ood_policy_v2/nested_scores/outer-03/inner-09/gates/stats/calibration_report.json,aggregate,bc67179f7433eaac45160d7239513387ea8f90ace55504508f3f409e8f782ed7,bc67179f7433eaac45160d7239513387ea8f90ace55504508f3f409e8f782ed7,444,byte_identical
thesis/data/runs/ustc_tfc2016/ood_policy_v2/nested_scores/outer-03/inner-09/gates/temporal/calibration_report.json,data/runs/ustc_tfc2016/ood_policy_v2/nested_scores/outer-03/inner-09/gates/temporal/calibration_report.json,aggregate,9bc070e5d934c878a9807a6e4d98747ab4676392190d9fde32e22185d0348de9,9bc070e5d934c878a9807a6e4d98747ab4676392190d9fde32e22185d0348de9,448,byte_identical
thesis/data/runs/ustc_tfc2016/ood_policy_v2/nested_scores/outer-04/inner-00/gates/stats/calibration_report.json,data/runs/ustc_tfc2016/ood_policy_v2/nested_scores/outer-04/inner-00/gates/stats/calibration_report.json,aggregate,f8f4d9302cb7d0c8b2622aa178f6adc4db5950ca976d786b92a5b5cdc4dc8b0f,f8f4d9302cb7d0c8b2622aa178f6adc4db5950ca976d786b92a5b5cdc4dc8b0f,444,byte_identical
thesis/data/runs/ustc_tfc2016/ood_policy_v2/nested_scores/outer-04/inner-00/gates/temporal/calibration_report.json,data/runs/ustc_tfc2016/ood_policy_v2/nested_scores/outer-04/inner-00/gates/temporal/calibration_report.json,aggregate,de5678835bfc9c8a7de628fa736314bc6b757950044bc1491eb0042158daeac7,de5678835bfc9c8a7de628fa736314bc6b757950044bc1491eb0042158daeac7,448,byte_identical
thesis/data/runs/ustc_tfc2016/ood_policy_v2/nested_scores/outer-04/inner-01/gates/stats/calibration_report.json,data/runs/ustc_tfc2016/ood_policy_v2/nested_scores/outer-04/inner-01/gates/stats/calibration_report.json,aggregate,8c02df25ea2ec887a05ddad7cfa96d968dc09d9e2288510588894eeaf5cf82a9,8c02df25ea2ec887a05ddad7cfa96d968dc09d9e2288510588894eeaf5cf82a9,445,byte_identical
thesis/data/runs/ustc_tfc2016/ood_policy_v2/nested_scores/outer-04/inner-01/gates/temporal/calibration_report.json,data/runs/ustc_tfc2016/ood_policy_v2/nested_scores/outer-04/inner-01/gates/temporal/calibration_report.json,aggregate,599b38482a0c76f8b5810387857b1be825bde2c1e5004ff518ab686c1859d7a2,599b38482a0c76f8b5810387857b1be825bde2c1e5004ff518ab686c1859d7a2,447,byte_identical
thesis/data/runs/ustc_tfc2016/ood_policy_v2/nested_scores/outer-04/inner-02/gates/stats/calibration_report.json,data/runs/ustc_tfc2016/ood_policy_v2/nested_scores/outer-04/inner-02/gates/stats/calibration_report.json,aggregate,fc1beb924f656b33e4272e04c5b0add0a23a24b7c71374ddf7530d36afc4edd2,fc1beb924f656b33e4272e04c5b0add0a23a24b7c71374ddf7530d36afc4edd2,444,byte_identical
thesis/data/runs/ustc_tfc2016/ood_policy_v2/nested_scores/outer-04/inner-02/gates/temporal/calibration_report.json,data/runs/ustc_tfc2016/ood_policy_v2/nested_scores/outer-04/inner-02/gates/temporal/calibration_report.json,aggregate,22d1ba42c64e5c171099ce726359531f15579503701182e1e04042971811b17e,22d1ba42c64e5c171099ce726359531f15579503701182e1e04042971811b17e,448,byte_identical
thesis/data/runs/ustc_tfc2016/ood_policy_v2/nested_scores/outer-04/inner-03/gates/stats/calibration_report.json,data/runs/ustc_tfc2016/ood_policy_v2/nested_scores/outer-04/inner-03/gates/stats/calibration_report.json,aggregate,0aa14adadce502bc2231e86c579f347bcc24085ade21c092b95ba9fda592d3ab,0aa14adadce502bc2231e86c579f347bcc24085ade21c092b95ba9fda592d3ab,444,byte_identical
thesis/data/runs/ustc_tfc2016/ood_policy_v2/nested_scores/outer-04/inner-03/gates/temporal/calibration_report.json,data/runs/ustc_tfc2016/ood_policy_v2/nested_scores/outer-04/inner-03/gates/temporal/calibration_report.json,aggregate,5d41818704b2f1f9842875ec91f04e14be375dc3e9203eae5e602e0c6e394adc,5d41818704b2f1f9842875ec91f04e14be375dc3e9203eae5e602e0c6e394adc,446,byte_identical
thesis/data/runs/ustc_tfc2016/ood_policy_v2/nested_scores/outer-04/inner-05/gates/stats/calibration_report.json,data/runs/ustc_tfc2016/ood_policy_v2/nested_scores/outer-04/inner-05/gates/stats/calibration_report.json,aggregate,54912db333148722004857bca9840a0025cd304b5b17ea2012abc9e0c682a95f,54912db333148722004857bca9840a0025cd304b5b17ea2012abc9e0c682a95f,445,byte_identical
thesis/data/runs/ustc_tfc2016/ood_policy_v2/nested_scores/outer-04/inner-05/gates/temporal/calibration_report.json,data/runs/ustc_tfc2016/ood_policy_v2/nested_scores/outer-04/inner-05/gates/temporal/calibration_report.json,aggregate,71cc9a896ad2a3f850c5ccc1cb1dbfbb27fb9315ad7332b5516694d17d8e0853,71cc9a896ad2a3f850c5ccc1cb1dbfbb27fb9315ad7332b5516694d17d8e0853,445,byte_identical
thesis/data/runs/ustc_tfc2016/ood_policy_v2/nested_scores/outer-04/inner-06/gates/stats/calibration_report.json,data/runs/ustc_tfc2016/ood_policy_v2/nested_scores/outer-04/inner-06/gates/stats/calibration_report.json,aggregate,f3c498462f319a6eda0c967d5606d330f519329f5666c531bcf61967ad65551b,f3c498462f319a6eda0c967d5606d330f519329f5666c531bcf61967ad65551b,444,byte_identical
thesis/data/runs/ustc_tfc2016/ood_policy_v2/nested_scores/outer-04/inner-06/gates/temporal/calibration_report.json,data/runs/ustc_tfc2016/ood_policy_v2/nested_scores/outer-04/inner-06/gates/temporal/calibration_report.json,aggregate,663c9b3571091f29fc7735a3a88514bbd931b715260e51cb3c6775b07c7c08b0,663c9b3571091f29fc7735a3a88514bbd931b715260e51cb3c6775b07c7c08b0,448,byte_identical
thesis/data/runs/ustc_tfc2016/ood_policy_v2/nested_scores/outer-04/inner-07/gates/stats/calibration_report.json,data/runs/ustc_tfc2016/ood_policy_v2/nested_scores/outer-04/inner-07/gates/stats/calibration_report.json,aggregate,ab2f9873e4eb4727ae32f75722e2ba1858c8edd769642bbb3b10ad948ea932cc,ab2f9873e4eb4727ae32f75722e2ba1858c8edd769642bbb3b10ad948ea932cc,443,byte_identical
thesis/data/runs/ustc_tfc2016/ood_policy_v2/nested_scores/outer-04/inner-07/gates/temporal/calibration_report.json,data/runs/ustc_tfc2016/ood_policy_v2/nested_scores/outer-04/inner-07/gates/temporal/calibration_report.json,aggregate,6d476773135edbd7b13f74e9d4eea7183cb6c6cd46d97543b6c4283d47181c62,6d476773135edbd7b13f74e9d4eea7183cb6c6cd46d97543b6c4283d47181c62,447,byte_identical
thesis/data/runs/ustc_tfc2016/ood_policy_v2/nested_scores/outer-04/inner-08/gates/stats/calibration_report.json,data/runs/ustc_tfc2016/ood_policy_v2/nested_scores/outer-04/inner-08/gates/stats/calibration_report.json,aggregate,aac18650178a5001999bb3e709f19321c47a8658fd6fccfbc566f4acf471f73b,aac18650178a5001999bb3e709f19321c47a8658fd6fccfbc566f4acf471f73b,443,byte_identical
thesis/data/runs/ustc_tfc2016/ood_policy_v2/nested_scores/outer-04/inner-08/gates/temporal/calibration_report.json,data/runs/ustc_tfc2016/ood_policy_v2/nested_scores/outer-04/inner-08/gates/temporal/calibration_report.json,aggregate,cbab30e245375369490432913293863ab7b157a63bd7e017c32b8b9b9167e6f4,cbab30e245375369490432913293863ab7b157a63bd7e017c32b8b9b9167e6f4,447,byte_identical
thesis/data/runs/ustc_tfc2016/ood_policy_v2/nested_scores/outer-04/inner-09/gates/stats/calibration_report.json,data/runs/ustc_tfc2016/ood_policy_v2/nested_scores/outer-04/inner-09/gates/stats/calibration_report.json,aggregate,608d8241aa5047f2d8a23f02ea6763222e5488be059cc81baaa733653ab7b268,608d8241aa5047f2d8a23f02ea6763222e5488be059cc81baaa733653ab7b268,444,byte_identical
thesis/data/runs/ustc_tfc2016/ood_policy_v2/nested_scores/outer-04/inner-09/gates/temporal/calibration_report.json,data/runs/ustc_tfc2016/ood_policy_v2/nested_scores/outer-04/inner-09/gates/temporal/calibration_report.json,aggregate,c24590c8744683bdb556120002ec89558bd69040157f89b3c64578b339c3c368,c24590c8744683bdb556120002ec89558bd69040157f89b3c64578b339c3c368,445,byte_identical
thesis/data/runs/ustc_tfc2016/ood_policy_v2/nested_scores/outer-05/inner-00/gates/stats/calibration_report.json,data/runs/ustc_tfc2016/ood_policy_v2/nested_scores/outer-05/inner-00/gates/stats/calibration_report.json,aggregate,140562560b1e3a6496858628241e5ba5b10a35262643a7d6781859b5f157e235,140562560b1e3a6496858628241e5ba5b10a35262643a7d6781859b5f157e235,445,byte_identical
thesis/data/runs/ustc_tfc2016/ood_policy_v2/nested_scores/outer-05/inner-00/gates/temporal/calibration_report.json,data/runs/ustc_tfc2016/ood_policy_v2/nested_scores/outer-05/inner-00/gates/temporal/calibration_report.json,aggregate,a447e378e52c520cfb61e93ad26b15da4c4379775effa6c39c407a791f085e90,a447e378e52c520cfb61e93ad26b15da4c4379775effa6c39c407a791f085e90,449,byte_identical
thesis/data/runs/ustc_tfc2016/ood_policy_v2/nested_scores/outer-05/inner-01/gates/stats/calibration_report.json,data/runs/ustc_tfc2016/ood_policy_v2/nested_scores/outer-05/inner-01/gates/stats/calibration_report.json,aggregate,aa7b52682827ceacabcbfbd697ef20bcf97d2b86ae4aef1a839d2f32a7815a54,aa7b52682827ceacabcbfbd697ef20bcf97d2b86ae4aef1a839d2f32a7815a54,443,byte_identical
thesis/data/runs/ustc_tfc2016/ood_policy_v2/nested_scores/outer-05/inner-01/gates/temporal/calibration_report.json,data/runs/ustc_tfc2016/ood_policy_v2/nested_scores/outer-05/inner-01/gates/temporal/calibration_report.json,aggregate,a9dd46a97ef16908ac6f00d34f5856cbce0c69619c2ed55b573f2696e55beca1,a9dd46a97ef16908ac6f00d34f5856cbce0c69619c2ed55b573f2696e55beca1,446,byte_identical
thesis/data/runs/ustc_tfc2016/ood_policy_v2/nested_scores/outer-05/inner-02/gates/stats/calibration_report.json,data/runs/ustc_tfc2016/ood_policy_v2/nested_scores/outer-05/inner-02/gates/stats/calibration_report.json,aggregate,b85a01ccf5809c37a92c9d32f191d58dee19cfdef3532095c00f2e3315c811d7,b85a01ccf5809c37a92c9d32f191d58dee19cfdef3532095c00f2e3315c811d7,443,byte_identical
thesis/data/runs/ustc_tfc2016/ood_policy_v2/nested_scores/outer-05/inner-02/gates/temporal/calibration_report.json,data/runs/ustc_tfc2016/ood_policy_v2/nested_scores/outer-05/inner-02/gates/temporal/calibration_report.json,aggregate,53380e28d023e5632b7e6337514b3142d4cd6e6e3c4221db5ca59bfa56ae7e08,53380e28d023e5632b7e6337514b3142d4cd6e6e3c4221db5ca59bfa56ae7e08,445,byte_identical
thesis/data/runs/ustc_tfc2016/ood_policy_v2/nested_scores/outer-05/inner-03/gates/stats/calibration_report.json,data/runs/ustc_tfc2016/ood_policy_v2/nested_scores/outer-05/inner-03/gates/stats/calibration_report.json,aggregate,bb28dd6730faf7f572fce9de0a658994061cd2e4bb6ca33b2a83db8d8ba5ee1a,bb28dd6730faf7f572fce9de0a658994061cd2e4bb6ca33b2a83db8d8ba5ee1a,446,byte_identical
thesis/data/runs/ustc_tfc2016/ood_policy_v2/nested_scores/outer-05/inner-03/gates/temporal/calibration_report.json,data/runs/ustc_tfc2016/ood_policy_v2/nested_scores/outer-05/inner-03/gates/temporal/calibration_report.json,aggregate,6d5b61387da2094dd365ebdc4c043ab1b84070985a71fc9f6a6d66c760bc8ffc,6d5b61387da2094dd365ebdc4c043ab1b84070985a71fc9f6a6d66c760bc8ffc,448,byte_identical
thesis/data/runs/ustc_tfc2016/ood_policy_v2/nested_scores/outer-05/inner-04/gates/stats/calibration_report.json,data/runs/ustc_tfc2016/ood_policy_v2/nested_scores/outer-05/inner-04/gates/stats/calibration_report.json,aggregate,54912db333148722004857bca9840a0025cd304b5b17ea2012abc9e0c682a95f,54912db333148722004857bca9840a0025cd304b5b17ea2012abc9e0c682a95f,445,byte_identical
thesis/data/runs/ustc_tfc2016/ood_policy_v2/nested_scores/outer-05/inner-04/gates/temporal/calibration_report.json,data/runs/ustc_tfc2016/ood_policy_v2/nested_scores/outer-05/inner-04/gates/temporal/calibration_report.json,aggregate,71cc9a896ad2a3f850c5ccc1cb1dbfbb27fb9315ad7332b5516694d17d8e0853,71cc9a896ad2a3f850c5ccc1cb1dbfbb27fb9315ad7332b5516694d17d8e0853,445,byte_identical
thesis/data/runs/ustc_tfc2016/ood_policy_v2/nested_scores/outer-05/inner-06/gates/stats/calibration_report.json,data/runs/ustc_tfc2016/ood_policy_v2/nested_scores/outer-05/inner-06/gates/stats/calibration_report.json,aggregate,7b6a6100cb5e04b951eadd242b1cf217aab148d0225f5d5e382da8462c731660,7b6a6100cb5e04b951eadd242b1cf217aab148d0225f5d5e382da8462c731660,444,byte_identical
thesis/data/runs/ustc_tfc2016/ood_policy_v2/nested_scores/outer-05/inner-06/gates/temporal/calibration_report.json,data/runs/ustc_tfc2016/ood_policy_v2/nested_scores/outer-05/inner-06/gates/temporal/calibration_report.json,aggregate,791f28095847316864a26d50b4b4f40c02a7c08b3634cb153cf71eac8423f9eb,791f28095847316864a26d50b4b4f40c02a7c08b3634cb153cf71eac8423f9eb,447,byte_identical
thesis/data/runs/ustc_tfc2016/ood_policy_v2/nested_scores/outer-05/inner-07/gates/stats/calibration_report.json,data/runs/ustc_tfc2016/ood_policy_v2/nested_scores/outer-05/inner-07/gates/stats/calibration_report.json,aggregate,1d13de8dbf6f184adce6748e3605b55e7c87fd7a17ad947d5d86edba8cad5321,1d13de8dbf6f184adce6748e3605b55e7c87fd7a17ad947d5d86edba8cad5321,447,byte_identical
thesis/data/runs/ustc_tfc2016/ood_policy_v2/nested_scores/outer-05/inner-07/gates/temporal/calibration_report.json,data/runs/ustc_tfc2016/ood_policy_v2/nested_scores/outer-05/inner-07/gates/temporal/calibration_report.json,aggregate,baa1c790059aeaec9d72713530d74fb5f47fb92aa85b9ac25d601215354f8a91,baa1c790059aeaec9d72713530d74fb5f47fb92aa85b9ac25d601215354f8a91,447,byte_identical
thesis/data/runs/ustc_tfc2016/ood_policy_v2/nested_scores/outer-05/inner-08/gates/stats/calibration_report.json,data/runs/ustc_tfc2016/ood_policy_v2/nested_scores/outer-05/inner-08/gates/stats/calibration_report.json,aggregate,72329b551cd3d639c9196df525d8d1378fa15beda85f6aeeda646a3c890a7cb1,72329b551cd3d639c9196df525d8d1378fa15beda85f6aeeda646a3c890a7cb1,442,byte_identical
thesis/data/runs/ustc_tfc2016/ood_policy_v2/nested_scores/outer-05/inner-08/gates/temporal/calibration_report.json,data/runs/ustc_tfc2016/ood_policy_v2/nested_scores/outer-05/inner-08/gates/temporal/calibration_report.json,aggregate,79b417e7c09160e79e4769fb5683e099cc443436e8f06659549f5d1b7c7584a0,79b417e7c09160e79e4769fb5683e099cc443436e8f06659549f5d1b7c7584a0,447,byte_identical
thesis/data/runs/ustc_tfc2016/ood_policy_v2/nested_scores/outer-05/inner-09/gates/stats/calibration_report.json,data/runs/ustc_tfc2016/ood_policy_v2/nested_scores/outer-05/inner-09/gates/stats/calibration_report.json,aggregate,2ef37cf425ececdf05afbd1c1ea04fcdd3343c2e6747940cd093b7876867e0a5,2ef37cf425ececdf05afbd1c1ea04fcdd3343c2e6747940cd093b7876867e0a5,445,byte_identical
thesis/data/runs/ustc_tfc2016/ood_policy_v2/nested_scores/outer-05/inner-09/gates/temporal/calibration_report.json,data/runs/ustc_tfc2016/ood_policy_v2/nested_scores/outer-05/inner-09/gates/temporal/calibration_report.json,aggregate,f42a11238dcc7038227236ee2b6d8c52ae362c4364ff6d5eb02a1980e5b84532,f42a11238dcc7038227236ee2b6d8c52ae362c4364ff6d5eb02a1980e5b84532,448,byte_identical
thesis/data/runs/ustc_tfc2016/ood_policy_v2/nested_scores/outer-06/inner-00/gates/stats/calibration_report.json,data/runs/ustc_tfc2016/ood_policy_v2/nested_scores/outer-06/inner-00/gates/stats/calibration_report.json,aggregate,16cc2fee7dd571feff228a502b0affd6617f736f6a8bfd5954a5ac1f6fbb1c12,16cc2fee7dd571feff228a502b0affd6617f736f6a8bfd5954a5ac1f6fbb1c12,442,byte_identical
thesis/data/runs/ustc_tfc2016/ood_policy_v2/nested_scores/outer-06/inner-00/gates/temporal/calibration_report.json,data/runs/ustc_tfc2016/ood_policy_v2/nested_scores/outer-06/inner-00/gates/temporal/calibration_report.json,aggregate,c3d5756d4db64dcbec89b5b302176a37b7014e98962d5637a2ac8428bd6ad1c4,c3d5756d4db64dcbec89b5b302176a37b7014e98962d5637a2ac8428bd6ad1c4,448,byte_identical
thesis/data/runs/ustc_tfc2016/ood_policy_v2/nested_scores/outer-06/inner-01/gates/stats/calibration_report.json,data/runs/ustc_tfc2016/ood_policy_v2/nested_scores/outer-06/inner-01/gates/stats/calibration_report.json,aggregate,50df9cbfce8888ed31ee1b6aaa24c64f7dc805d5549b8b06430a09033d71749f,50df9cbfce8888ed31ee1b6aaa24c64f7dc805d5549b8b06430a09033d71749f,443,byte_identical
thesis/data/runs/ustc_tfc2016/ood_policy_v2/nested_scores/outer-06/inner-01/gates/temporal/calibration_report.json,data/runs/ustc_tfc2016/ood_policy_v2/nested_scores/outer-06/inner-01/gates/temporal/calibration_report.json,aggregate,57fd081e1b9e737b33d9dcaa396e9444ce51cf6b0d1afc8a33d644b98c6ae3f2,57fd081e1b9e737b33d9dcaa396e9444ce51cf6b0d1afc8a33d644b98c6ae3f2,446,byte_identical
thesis/data/runs/ustc_tfc2016/ood_policy_v2/nested_scores/outer-06/inner-02/gates/stats/calibration_report.json,data/runs/ustc_tfc2016/ood_policy_v2/nested_scores/outer-06/inner-02/gates/stats/calibration_report.json,aggregate,e65bbfaa6f33b03fb0b45bbaf3a8c328b956c468e81cc1859a18164ca9ca1bd1,e65bbfaa6f33b03fb0b45bbaf3a8c328b956c468e81cc1859a18164ca9ca1bd1,443,byte_identical
thesis/data/runs/ustc_tfc2016/ood_policy_v2/nested_scores/outer-06/inner-02/gates/temporal/calibration_report.json,data/runs/ustc_tfc2016/ood_policy_v2/nested_scores/outer-06/inner-02/gates/temporal/calibration_report.json,aggregate,8b1134372edfa8815cde8f6a291187fceb6c7e74943b025fa52b7fa74e1ea2d9,8b1134372edfa8815cde8f6a291187fceb6c7e74943b025fa52b7fa74e1ea2d9,448,byte_identical
thesis/data/runs/ustc_tfc2016/ood_policy_v2/nested_scores/outer-06/inner-03/gates/stats/calibration_report.json,data/runs/ustc_tfc2016/ood_policy_v2/nested_scores/outer-06/inner-03/gates/stats/calibration_report.json,aggregate,4bf5b9404221253a438744a29b522f80bfc0655f174d26924d37955bc1ae690f,4bf5b9404221253a438744a29b522f80bfc0655f174d26924d37955bc1ae690f,446,byte_identical
thesis/data/runs/ustc_tfc2016/ood_policy_v2/nested_scores/outer-06/inner-03/gates/temporal/calibration_report.json,data/runs/ustc_tfc2016/ood_policy_v2/nested_scores/outer-06/inner-03/gates/temporal/calibration_report.json,aggregate,daab4126b24c2408106e093c6d5e9725da29c37cb9f5585f3ca6fe11bdd5faa3,daab4126b24c2408106e093c6d5e9725da29c37cb9f5585f3ca6fe11bdd5faa3,446,byte_identical
thesis/data/runs/ustc_tfc2016/ood_policy_v2/nested_scores/outer-06/inner-04/gates/stats/calibration_report.json,data/runs/ustc_tfc2016/ood_policy_v2/nested_scores/outer-06/inner-04/gates/stats/calibration_report.json,aggregate,f3c498462f319a6eda0c967d5606d330f519329f5666c531bcf61967ad65551b,f3c498462f319a6eda0c967d5606d330f519329f5666c531bcf61967ad65551b,444,byte_identical
thesis/data/runs/ustc_tfc2016/ood_policy_v2/nested_scores/outer-06/inner-04/gates/temporal/calibration_report.json,data/runs/ustc_tfc2016/ood_policy_v2/nested_scores/outer-06/inner-04/gates/temporal/calibration_report.json,aggregate,663c9b3571091f29fc7735a3a88514bbd931b715260e51cb3c6775b07c7c08b0,663c9b3571091f29fc7735a3a88514bbd931b715260e51cb3c6775b07c7c08b0,448,byte_identical
thesis/data/runs/ustc_tfc2016/ood_policy_v2/nested_scores/outer-06/inner-05/gates/stats/calibration_report.json,data/runs/ustc_tfc2016/ood_policy_v2/nested_scores/outer-06/inner-05/gates/stats/calibration_report.json,aggregate,7b6a6100cb5e04b951eadd242b1cf217aab148d0225f5d5e382da8462c731660,7b6a6100cb5e04b951eadd242b1cf217aab148d0225f5d5e382da8462c731660,444,byte_identical
thesis/data/runs/ustc_tfc2016/ood_policy_v2/nested_scores/outer-06/inner-05/gates/temporal/calibration_report.json,data/runs/ustc_tfc2016/ood_policy_v2/nested_scores/outer-06/inner-05/gates/temporal/calibration_report.json,aggregate,791f28095847316864a26d50b4b4f40c02a7c08b3634cb153cf71eac8423f9eb,791f28095847316864a26d50b4b4f40c02a7c08b3634cb153cf71eac8423f9eb,447,byte_identical
thesis/data/runs/ustc_tfc2016/ood_policy_v2/nested_scores/outer-06/inner-07/gates/stats/calibration_report.json,data/runs/ustc_tfc2016/ood_policy_v2/nested_scores/outer-06/inner-07/gates/stats/calibration_report.json,aggregate,5c8894c2317ac29fabe24215a5c27b4e3e57a348c067f60f90407aa2e8d1a119,5c8894c2317ac29fabe24215a5c27b4e3e57a348c067f60f90407aa2e8d1a119,444,byte_identical
thesis/data/runs/ustc_tfc2016/ood_policy_v2/nested_scores/outer-06/inner-07/gates/temporal/calibration_report.json,data/runs/ustc_tfc2016/ood_policy_v2/nested_scores/outer-06/inner-07/gates/temporal/calibration_report.json,aggregate,e614b5275aa5cf1d0bd4607643af2c8d776045028a7929a1a1299d6673a94acc,e614b5275aa5cf1d0bd4607643af2c8d776045028a7929a1a1299d6673a94acc,445,byte_identical
thesis/data/runs/ustc_tfc2016/ood_policy_v2/nested_scores/outer-06/inner-08/gates/stats/calibration_report.json,data/runs/ustc_tfc2016/ood_policy_v2/nested_scores/outer-06/inner-08/gates/stats/calibration_report.json,aggregate,2bfe52c9f0349d11bbf213e0d4497d298f9fe26e195a9ed0a9cf362c5a2f3594,2bfe52c9f0349d11bbf213e0d4497d298f9fe26e195a9ed0a9cf362c5a2f3594,445,byte_identical
thesis/data/runs/ustc_tfc2016/ood_policy_v2/nested_scores/outer-06/inner-08/gates/temporal/calibration_report.json,data/runs/ustc_tfc2016/ood_policy_v2/nested_scores/outer-06/inner-08/gates/temporal/calibration_report.json,aggregate,8dbbebf69b720f33eb64e950509c7c0643d40b5dc891987f2e8bbd8b74323bf3,8dbbebf69b720f33eb64e950509c7c0643d40b5dc891987f2e8bbd8b74323bf3,446,byte_identical
thesis/data/runs/ustc_tfc2016/ood_policy_v2/nested_scores/outer-06/inner-09/gates/stats/calibration_report.json,data/runs/ustc_tfc2016/ood_policy_v2/nested_scores/outer-06/inner-09/gates/stats/calibration_report.json,aggregate,23c86eb2fc04c6d1088d7640803d66fcf11d8f3594fb8208391d6d95d54809a4,23c86eb2fc04c6d1088d7640803d66fcf11d8f3594fb8208391d6d95d54809a4,443,byte_identical
thesis/data/runs/ustc_tfc2016/ood_policy_v2/nested_scores/outer-06/inner-09/gates/temporal/calibration_report.json,data/runs/ustc_tfc2016/ood_policy_v2/nested_scores/outer-06/inner-09/gates/temporal/calibration_report.json,aggregate,150b751fe2b901b1bad9ab87ebce633a34702bef8806a8c175701ccf381def81,150b751fe2b901b1bad9ab87ebce633a34702bef8806a8c175701ccf381def81,449,byte_identical
thesis/data/runs/ustc_tfc2016/ood_policy_v2/nested_scores/outer-07/inner-00/gates/stats/calibration_report.json,data/runs/ustc_tfc2016/ood_policy_v2/nested_scores/outer-07/inner-00/gates/stats/calibration_report.json,aggregate,e62af2a71dd2ca77a8473807ec17dcbfdea3ba2821c06a061b40d8c63b3b983e,e62af2a71dd2ca77a8473807ec17dcbfdea3ba2821c06a061b40d8c63b3b983e,446,byte_identical
thesis/data/runs/ustc_tfc2016/ood_policy_v2/nested_scores/outer-07/inner-00/gates/temporal/calibration_report.json,data/runs/ustc_tfc2016/ood_policy_v2/nested_scores/outer-07/inner-00/gates/temporal/calibration_report.json,aggregate,f63bbc0cd8b9aa95a2763110767186837e866c0a05431c6abeaf85d148c88416,f63bbc0cd8b9aa95a2763110767186837e866c0a05431c6abeaf85d148c88416,446,byte_identical
thesis/data/runs/ustc_tfc2016/ood_policy_v2/nested_scores/outer-07/inner-01/gates/stats/calibration_report.json,data/runs/ustc_tfc2016/ood_policy_v2/nested_scores/outer-07/inner-01/gates/stats/calibration_report.json,aggregate,51d5c38c04dfe1f0709190831a88fc5e3004a130aba9de035e4f14c613376da3,51d5c38c04dfe1f0709190831a88fc5e3004a130aba9de035e4f14c613376da3,445,byte_identical
thesis/data/runs/ustc_tfc2016/ood_policy_v2/nested_scores/outer-07/inner-01/gates/temporal/calibration_report.json,data/runs/ustc_tfc2016/ood_policy_v2/nested_scores/outer-07/inner-01/gates/temporal/calibration_report.json,aggregate,f9dfee419cedc66d135054cf3036963c836629b4fe031df241f2495695180620,f9dfee419cedc66d135054cf3036963c836629b4fe031df241f2495695180620,447,byte_identical
thesis/data/runs/ustc_tfc2016/ood_policy_v2/nested_scores/outer-07/inner-02/gates/stats/calibration_report.json,data/runs/ustc_tfc2016/ood_policy_v2/nested_scores/outer-07/inner-02/gates/stats/calibration_report.json,aggregate,39b6962312e751fff7e7d8f2b439dc55d0cce681d46b41b919e0c6e753020322,39b6962312e751fff7e7d8f2b439dc55d0cce681d46b41b919e0c6e753020322,443,byte_identical
thesis/data/runs/ustc_tfc2016/ood_policy_v2/nested_scores/outer-07/inner-02/gates/temporal/calibration_report.json,data/runs/ustc_tfc2016/ood_policy_v2/nested_scores/outer-07/inner-02/gates/temporal/calibration_report.json,aggregate,c98248180087f1170bc9314c8fe688072ebba0f7b22905e4acea19a58e5fa9e3,c98248180087f1170bc9314c8fe688072ebba0f7b22905e4acea19a58e5fa9e3,444,byte_identical
thesis/data/runs/ustc_tfc2016/ood_policy_v2/nested_scores/outer-07/inner-03/gates/stats/calibration_report.json,data/runs/ustc_tfc2016/ood_policy_v2/nested_scores/outer-07/inner-03/gates/stats/calibration_report.json,aggregate,d014946ef15fdba4da528995213952eedc4494d975426f74a06712b9810e1767,d014946ef15fdba4da528995213952eedc4494d975426f74a06712b9810e1767,443,byte_identical
thesis/data/runs/ustc_tfc2016/ood_policy_v2/nested_scores/outer-07/inner-03/gates/temporal/calibration_report.json,data/runs/ustc_tfc2016/ood_policy_v2/nested_scores/outer-07/inner-03/gates/temporal/calibration_report.json,aggregate,d460f27025c84e4e2368792368fb12d97334bb7812e513aba4575eed5b70baf5,d460f27025c84e4e2368792368fb12d97334bb7812e513aba4575eed5b70baf5,449,byte_identical
thesis/data/runs/ustc_tfc2016/ood_policy_v2/nested_scores/outer-07/inner-04/gates/stats/calibration_report.json,data/runs/ustc_tfc2016/ood_policy_v2/nested_scores/outer-07/inner-04/gates/stats/calibration_report.json,aggregate,ab2f9873e4eb4727ae32f75722e2ba1858c8edd769642bbb3b10ad948ea932cc,ab2f9873e4eb4727ae32f75722e2ba1858c8edd769642bbb3b10ad948ea932cc,443,byte_identical
thesis/data/runs/ustc_tfc2016/ood_policy_v2/nested_scores/outer-07/inner-04/gates/temporal/calibration_report.json,data/runs/ustc_tfc2016/ood_policy_v2/nested_scores/outer-07/inner-04/gates/temporal/calibration_report.json,aggregate,6d476773135edbd7b13f74e9d4eea7183cb6c6cd46d97543b6c4283d47181c62,6d476773135edbd7b13f74e9d4eea7183cb6c6cd46d97543b6c4283d47181c62,447,byte_identical
thesis/data/runs/ustc_tfc2016/ood_policy_v2/nested_scores/outer-07/inner-05/gates/stats/calibration_report.json,data/runs/ustc_tfc2016/ood_policy_v2/nested_scores/outer-07/inner-05/gates/stats/calibration_report.json,aggregate,1d13de8dbf6f184adce6748e3605b55e7c87fd7a17ad947d5d86edba8cad5321,1d13de8dbf6f184adce6748e3605b55e7c87fd7a17ad947d5d86edba8cad5321,447,byte_identical
thesis/data/runs/ustc_tfc2016/ood_policy_v2/nested_scores/outer-07/inner-05/gates/temporal/calibration_report.json,data/runs/ustc_tfc2016/ood_policy_v2/nested_scores/outer-07/inner-05/gates/temporal/calibration_report.json,aggregate,baa1c790059aeaec9d72713530d74fb5f47fb92aa85b9ac25d601215354f8a91,baa1c790059aeaec9d72713530d74fb5f47fb92aa85b9ac25d601215354f8a91,447,byte_identical
thesis/data/runs/ustc_tfc2016/ood_policy_v2/nested_scores/outer-07/inner-06/gates/stats/calibration_report.json,data/runs/ustc_tfc2016/ood_policy_v2/nested_scores/outer-07/inner-06/gates/stats/calibration_report.json,aggregate,5c8894c2317ac29fabe24215a5c27b4e3e57a348c067f60f90407aa2e8d1a119,5c8894c2317ac29fabe24215a5c27b4e3e57a348c067f60f90407aa2e8d1a119,444,byte_identical
thesis/data/runs/ustc_tfc2016/ood_policy_v2/nested_scores/outer-07/inner-06/gates/temporal/calibration_report.json,data/runs/ustc_tfc2016/ood_policy_v2/nested_scores/outer-07/inner-06/gates/temporal/calibration_report.json,aggregate,e614b5275aa5cf1d0bd4607643af2c8d776045028a7929a1a1299d6673a94acc,e614b5275aa5cf1d0bd4607643af2c8d776045028a7929a1a1299d6673a94acc,445,byte_identical
thesis/data/runs/ustc_tfc2016/ood_policy_v2/nested_scores/outer-07/inner-08/gates/stats/calibration_report.json,data/runs/ustc_tfc2016/ood_policy_v2/nested_scores/outer-07/inner-08/gates/stats/calibration_report.json,aggregate,11604de04209cf9a3f8fd467cd625f4c8feddcccef96478880b603fe8206c4ef,11604de04209cf9a3f8fd467cd625f4c8feddcccef96478880b603fe8206c4ef,440,byte_identical
thesis/data/runs/ustc_tfc2016/ood_policy_v2/nested_scores/outer-07/inner-08/gates/temporal/calibration_report.json,data/runs/ustc_tfc2016/ood_policy_v2/nested_scores/outer-07/inner-08/gates/temporal/calibration_report.json,aggregate,8ab0d39cc6460767fb7cefcbcb6269eac9c5460760403d4702992276472782af,8ab0d39cc6460767fb7cefcbcb6269eac9c5460760403d4702992276472782af,445,byte_identical
thesis/data/runs/ustc_tfc2016/ood_policy_v2/nested_scores/outer-07/inner-09/gates/stats/calibration_report.json,data/runs/ustc_tfc2016/ood_policy_v2/nested_scores/outer-07/inner-09/gates/stats/calibration_report.json,aggregate,6adef9a00cdb488a248ca9554f26ac24e53730ffb79362b2d00b1dad5c7c9db7,6adef9a00cdb488a248ca9554f26ac24e53730ffb79362b2d00b1dad5c7c9db7,445,byte_identical
thesis/data/runs/ustc_tfc2016/ood_policy_v2/nested_scores/outer-07/inner-09/gates/temporal/calibration_report.json,data/runs/ustc_tfc2016/ood_policy_v2/nested_scores/outer-07/inner-09/gates/temporal/calibration_report.json,aggregate,e556f96c15c856fd95f446950ee6f45e0fe58662006f438a90673e30d07fd814,e556f96c15c856fd95f446950ee6f45e0fe58662006f438a90673e30d07fd814,449,byte_identical
thesis/data/runs/ustc_tfc2016/ood_policy_v2/nested_scores/outer-08/inner-00/gates/stats/calibration_report.json,data/runs/ustc_tfc2016/ood_policy_v2/nested_scores/outer-08/inner-00/gates/stats/calibration_report.json,aggregate,7b550a8da6d0557eb8a3018689fedba0429572820ab6478971ba850abbeecf3d,7b550a8da6d0557eb8a3018689fedba0429572820ab6478971ba850abbeecf3d,443,byte_identical
thesis/data/runs/ustc_tfc2016/ood_policy_v2/nested_scores/outer-08/inner-00/gates/temporal/calibration_report.json,data/runs/ustc_tfc2016/ood_policy_v2/nested_scores/outer-08/inner-00/gates/temporal/calibration_report.json,aggregate,43006bc414f4917bd31635f3fe77a4ed5ec9928e4b55cadf005ae43fde776620,43006bc414f4917bd31635f3fe77a4ed5ec9928e4b55cadf005ae43fde776620,447,byte_identical
thesis/data/runs/ustc_tfc2016/ood_policy_v2/nested_scores/outer-08/inner-01/gates/stats/calibration_report.json,data/runs/ustc_tfc2016/ood_policy_v2/nested_scores/outer-08/inner-01/gates/stats/calibration_report.json,aggregate,23a2d1bb217659958682835ec59fac6d8c46103d8ef800137d19a826329ab0b6,23a2d1bb217659958682835ec59fac6d8c46103d8ef800137d19a826329ab0b6,445,byte_identical
thesis/data/runs/ustc_tfc2016/ood_policy_v2/nested_scores/outer-08/inner-01/gates/temporal/calibration_report.json,data/runs/ustc_tfc2016/ood_policy_v2/nested_scores/outer-08/inner-01/gates/temporal/calibration_report.json,aggregate,8d66bb1ccf9b4374572e9887ee1bebca52e55d0295393fd78bae339a00bdd1c6,8d66bb1ccf9b4374572e9887ee1bebca52e55d0295393fd78bae339a00bdd1c6,447,byte_identical
thesis/data/runs/ustc_tfc2016/ood_policy_v2/nested_scores/outer-08/inner-02/gates/stats/calibration_report.json,data/runs/ustc_tfc2016/ood_policy_v2/nested_scores/outer-08/inner-02/gates/stats/calibration_report.json,aggregate,9d579da5fc8df67067ea16dd0be7f893544d5e7764655e6514090e538b49efa4,9d579da5fc8df67067ea16dd0be7f893544d5e7764655e6514090e538b49efa4,446,byte_identical
thesis/data/runs/ustc_tfc2016/ood_policy_v2/nested_scores/outer-08/inner-02/gates/temporal/calibration_report.json,data/runs/ustc_tfc2016/ood_policy_v2/nested_scores/outer-08/inner-02/gates/temporal/calibration_report.json,aggregate,3bb34bbc1def6751a25df760227f938158f1f2e7e72e39570885d70249204aab,3bb34bbc1def6751a25df760227f938158f1f2e7e72e39570885d70249204aab,448,byte_identical
thesis/data/runs/ustc_tfc2016/ood_policy_v2/nested_scores/outer-08/inner-03/gates/stats/calibration_report.json,data/runs/ustc_tfc2016/ood_policy_v2/nested_scores/outer-08/inner-03/gates/stats/calibration_report.json,aggregate,82b5d6cfbc40114ff2d2061c4e9ae428b688515f5fb01732522dd4fdc48d8fe3,82b5d6cfbc40114ff2d2061c4e9ae428b688515f5fb01732522dd4fdc48d8fe3,443,byte_identical
thesis/data/runs/ustc_tfc2016/ood_policy_v2/nested_scores/outer-08/inner-03/gates/temporal/calibration_report.json,data/runs/ustc_tfc2016/ood_policy_v2/nested_scores/outer-08/inner-03/gates/temporal/calibration_report.json,aggregate,cd0c13a5faa702c3d6563dac7b3031e3cc7da7ffc7aa5de059f86b08d4fd8591,cd0c13a5faa702c3d6563dac7b3031e3cc7da7ffc7aa5de059f86b08d4fd8591,445,byte_identical
thesis/data/runs/ustc_tfc2016/ood_policy_v2/nested_scores/outer-08/inner-04/gates/stats/calibration_report.json,data/runs/ustc_tfc2016/ood_policy_v2/nested_scores/outer-08/inner-04/gates/stats/calibration_report.json,aggregate,aac18650178a5001999bb3e709f19321c47a8658fd6fccfbc566f4acf471f73b,aac18650178a5001999bb3e709f19321c47a8658fd6fccfbc566f4acf471f73b,443,byte_identical
thesis/data/runs/ustc_tfc2016/ood_policy_v2/nested_scores/outer-08/inner-04/gates/temporal/calibration_report.json,data/runs/ustc_tfc2016/ood_policy_v2/nested_scores/outer-08/inner-04/gates/temporal/calibration_report.json,aggregate,cbab30e245375369490432913293863ab7b157a63bd7e017c32b8b9b9167e6f4,cbab30e245375369490432913293863ab7b157a63bd7e017c32b8b9b9167e6f4,447,byte_identical
thesis/data/runs/ustc_tfc2016/ood_policy_v2/nested_scores/outer-08/inner-05/gates/stats/calibration_report.json,data/runs/ustc_tfc2016/ood_policy_v2/nested_scores/outer-08/inner-05/gates/stats/calibration_report.json,aggregate,72329b551cd3d639c9196df525d8d1378fa15beda85f6aeeda646a3c890a7cb1,72329b551cd3d639c9196df525d8d1378fa15beda85f6aeeda646a3c890a7cb1,442,byte_identical
thesis/data/runs/ustc_tfc2016/ood_policy_v2/nested_scores/outer-08/inner-05/gates/temporal/calibration_report.json,data/runs/ustc_tfc2016/ood_policy_v2/nested_scores/outer-08/inner-05/gates/temporal/calibration_report.json,aggregate,79b417e7c09160e79e4769fb5683e099cc443436e8f06659549f5d1b7c7584a0,79b417e7c09160e79e4769fb5683e099cc443436e8f06659549f5d1b7c7584a0,447,byte_identical
thesis/data/runs/ustc_tfc2016/ood_policy_v2/nested_scores/outer-08/inner-06/gates/stats/calibration_report.json,data/runs/ustc_tfc2016/ood_policy_v2/nested_scores/outer-08/inner-06/gates/stats/calibration_report.json,aggregate,2bfe52c9f0349d11bbf213e0d4497d298f9fe26e195a9ed0a9cf362c5a2f3594,2bfe52c9f0349d11bbf213e0d4497d298f9fe26e195a9ed0a9cf362c5a2f3594,445,byte_identical
thesis/data/runs/ustc_tfc2016/ood_policy_v2/nested_scores/outer-08/inner-06/gates/temporal/calibration_report.json,data/runs/ustc_tfc2016/ood_policy_v2/nested_scores/outer-08/inner-06/gates/temporal/calibration_report.json,aggregate,8dbbebf69b720f33eb64e950509c7c0643d40b5dc891987f2e8bbd8b74323bf3,8dbbebf69b720f33eb64e950509c7c0643d40b5dc891987f2e8bbd8b74323bf3,446,byte_identical
thesis/data/runs/ustc_tfc2016/ood_policy_v2/nested_scores/outer-08/inner-07/gates/stats/calibration_report.json,data/runs/ustc_tfc2016/ood_policy_v2/nested_scores/outer-08/inner-07/gates/stats/calibration_report.json,aggregate,11604de04209cf9a3f8fd467cd625f4c8feddcccef96478880b603fe8206c4ef,11604de04209cf9a3f8fd467cd625f4c8feddcccef96478880b603fe8206c4ef,440,byte_identical
thesis/data/runs/ustc_tfc2016/ood_policy_v2/nested_scores/outer-08/inner-07/gates/temporal/calibration_report.json,data/runs/ustc_tfc2016/ood_policy_v2/nested_scores/outer-08/inner-07/gates/temporal/calibration_report.json,aggregate,8ab0d39cc6460767fb7cefcbcb6269eac9c5460760403d4702992276472782af,8ab0d39cc6460767fb7cefcbcb6269eac9c5460760403d4702992276472782af,445,byte_identical
thesis/data/runs/ustc_tfc2016/ood_policy_v2/nested_scores/outer-08/inner-09/gates/stats/calibration_report.json,data/runs/ustc_tfc2016/ood_policy_v2/nested_scores/outer-08/inner-09/gates/stats/calibration_report.json,aggregate,46ff0f3d08ed64e621a470fcd9985610aebca4c3ea558bf4f254cb4cab280217,46ff0f3d08ed64e621a470fcd9985610aebca4c3ea558bf4f254cb4cab280217,443,byte_identical
thesis/data/runs/ustc_tfc2016/ood_policy_v2/nested_scores/outer-08/inner-09/gates/temporal/calibration_report.json,data/runs/ustc_tfc2016/ood_policy_v2/nested_scores/outer-08/inner-09/gates/temporal/calibration_report.json,aggregate,8a3ec614e7c737e43c9d18485fc926ff2ba10b305d68e3481d448b0b85b1f266,8a3ec614e7c737e43c9d18485fc926ff2ba10b305d68e3481d448b0b85b1f266,449,byte_identical
thesis/data/runs/ustc_tfc2016/ood_policy_v2/nested_scores/outer-09/inner-00/gates/stats/calibration_report.json,data/runs/ustc_tfc2016/ood_policy_v2/nested_scores/outer-09/inner-00/gates/stats/calibration_report.json,aggregate,f9753213e3997e4c10c7317196788577fac502dd20401e306a9bdc5133da4bdd,f9753213e3997e4c10c7317196788577fac502dd20401e306a9bdc5133da4bdd,445,byte_identical
thesis/data/runs/ustc_tfc2016/ood_policy_v2/nested_scores/outer-09/inner-00/gates/temporal/calibration_report.json,data/runs/ustc_tfc2016/ood_policy_v2/nested_scores/outer-09/inner-00/gates/temporal/calibration_report.json,aggregate,5a815558ca321be6c49ea92d717ffd2b980b01848dbefd8de0ce367bda6cdabf,5a815558ca321be6c49ea92d717ffd2b980b01848dbefd8de0ce367bda6cdabf,447,byte_identical
thesis/data/runs/ustc_tfc2016/ood_policy_v2/nested_scores/outer-09/inner-01/gates/stats/calibration_report.json,data/runs/ustc_tfc2016/ood_policy_v2/nested_scores/outer-09/inner-01/gates/stats/calibration_report.json,aggregate,c1fd7f3f22ee0c1cc35afa5ae63206a80377b363ee986bd224635237264cff92,c1fd7f3f22ee0c1cc35afa5ae63206a80377b363ee986bd224635237264cff92,444,byte_identical
thesis/data/runs/ustc_tfc2016/ood_policy_v2/nested_scores/outer-09/inner-01/gates/temporal/calibration_report.json,data/runs/ustc_tfc2016/ood_policy_v2/nested_scores/outer-09/inner-01/gates/temporal/calibration_report.json,aggregate,3269707c036a5e82ab0f3fbe51680e8ec8835f7b489ef7610306ff5b47977f9f,3269707c036a5e82ab0f3fbe51680e8ec8835f7b489ef7610306ff5b47977f9f,446,byte_identical
thesis/data/runs/ustc_tfc2016/ood_policy_v2/nested_scores/outer-09/inner-02/gates/stats/calibration_report.json,data/runs/ustc_tfc2016/ood_policy_v2/nested_scores/outer-09/inner-02/gates/stats/calibration_report.json,aggregate,0019d6539271c06a12965307a65e0ff235f9c6a01b333760aad2e56aa72276ad,0019d6539271c06a12965307a65e0ff235f9c6a01b333760aad2e56aa72276ad,441,byte_identical
thesis/data/runs/ustc_tfc2016/ood_policy_v2/nested_scores/outer-09/inner-02/gates/temporal/calibration_report.json,data/runs/ustc_tfc2016/ood_policy_v2/nested_scores/outer-09/inner-02/gates/temporal/calibration_report.json,aggregate,31faaca944721e3040a26ca0bfdc9b03336daa6e6580be4321c1d994793a1328,31faaca944721e3040a26ca0bfdc9b03336daa6e6580be4321c1d994793a1328,447,byte_identical
thesis/data/runs/ustc_tfc2016/ood_policy_v2/nested_scores/outer-09/inner-03/gates/stats/calibration_report.json,data/runs/ustc_tfc2016/ood_policy_v2/nested_scores/outer-09/inner-03/gates/stats/calibration_report.json,aggregate,bc67179f7433eaac45160d7239513387ea8f90ace55504508f3f409e8f782ed7,bc67179f7433eaac45160d7239513387ea8f90ace55504508f3f409e8f782ed7,444,byte_identical
thesis/data/runs/ustc_tfc2016/ood_policy_v2/nested_scores/outer-09/inner-03/gates/temporal/calibration_report.json,data/runs/ustc_tfc2016/ood_policy_v2/nested_scores/outer-09/inner-03/gates/temporal/calibration_report.json,aggregate,9bc070e5d934c878a9807a6e4d98747ab4676392190d9fde32e22185d0348de9,9bc070e5d934c878a9807a6e4d98747ab4676392190d9fde32e22185d0348de9,448,byte_identical
thesis/data/runs/ustc_tfc2016/ood_policy_v2/nested_scores/outer-09/inner-04/gates/stats/calibration_report.json,data/runs/ustc_tfc2016/ood_policy_v2/nested_scores/outer-09/inner-04/gates/stats/calibration_report.json,aggregate,608d8241aa5047f2d8a23f02ea6763222e5488be059cc81baaa733653ab7b268,608d8241aa5047f2d8a23f02ea6763222e5488be059cc81baaa733653ab7b268,444,byte_identical
thesis/data/runs/ustc_tfc2016/ood_policy_v2/nested_scores/outer-09/inner-04/gates/temporal/calibration_report.json,data/runs/ustc_tfc2016/ood_policy_v2/nested_scores/outer-09/inner-04/gates/temporal/calibration_report.json,aggregate,c24590c8744683bdb556120002ec89558bd69040157f89b3c64578b339c3c368,c24590c8744683bdb556120002ec89558bd69040157f89b3c64578b339c3c368,445,byte_identical
thesis/data/runs/ustc_tfc2016/ood_policy_v2/nested_scores/outer-09/inner-05/gates/stats/calibration_report.json,data/runs/ustc_tfc2016/ood_policy_v2/nested_scores/outer-09/inner-05/gates/stats/calibration_report.json,aggregate,2ef37cf425ececdf05afbd1c1ea04fcdd3343c2e6747940cd093b7876867e0a5,2ef37cf425ececdf05afbd1c1ea04fcdd3343c2e6747940cd093b7876867e0a5,445,byte_identical
thesis/data/runs/ustc_tfc2016/ood_policy_v2/nested_scores/outer-09/inner-05/gates/temporal/calibration_report.json,data/runs/ustc_tfc2016/ood_policy_v2/nested_scores/outer-09/inner-05/gates/temporal/calibration_report.json,aggregate,f42a11238dcc7038227236ee2b6d8c52ae362c4364ff6d5eb02a1980e5b84532,f42a11238dcc7038227236ee2b6d8c52ae362c4364ff6d5eb02a1980e5b84532,448,byte_identical
thesis/data/runs/ustc_tfc2016/ood_policy_v2/nested_scores/outer-09/inner-06/gates/stats/calibration_report.json,data/runs/ustc_tfc2016/ood_policy_v2/nested_scores/outer-09/inner-06/gates/stats/calibration_report.json,aggregate,23c86eb2fc04c6d1088d7640803d66fcf11d8f3594fb8208391d6d95d54809a4,23c86eb2fc04c6d1088d7640803d66fcf11d8f3594fb8208391d6d95d54809a4,443,byte_identical
thesis/data/runs/ustc_tfc2016/ood_policy_v2/nested_scores/outer-09/inner-06/gates/temporal/calibration_report.json,data/runs/ustc_tfc2016/ood_policy_v2/nested_scores/outer-09/inner-06/gates/temporal/calibration_report.json,aggregate,150b751fe2b901b1bad9ab87ebce633a34702bef8806a8c175701ccf381def81,150b751fe2b901b1bad9ab87ebce633a34702bef8806a8c175701ccf381def81,449,byte_identical
thesis/data/runs/ustc_tfc2016/ood_policy_v2/nested_scores/outer-09/inner-07/gates/stats/calibration_report.json,data/runs/ustc_tfc2016/ood_policy_v2/nested_scores/outer-09/inner-07/gates/stats/calibration_report.json,aggregate,6adef9a00cdb488a248ca9554f26ac24e53730ffb79362b2d00b1dad5c7c9db7,6adef9a00cdb488a248ca9554f26ac24e53730ffb79362b2d00b1dad5c7c9db7,445,byte_identical
thesis/data/runs/ustc_tfc2016/ood_policy_v2/nested_scores/outer-09/inner-07/gates/temporal/calibration_report.json,data/runs/ustc_tfc2016/ood_policy_v2/nested_scores/outer-09/inner-07/gates/temporal/calibration_report.json,aggregate,e556f96c15c856fd95f446950ee6f45e0fe58662006f438a90673e30d07fd814,e556f96c15c856fd95f446950ee6f45e0fe58662006f438a90673e30d07fd814,449,byte_identical
thesis/data/runs/ustc_tfc2016/ood_policy_v2/nested_scores/outer-09/inner-08/gates/stats/calibration_report.json,data/runs/ustc_tfc2016/ood_policy_v2/nested_scores/outer-09/inner-08/gates/stats/calibration_report.json,aggregate,46ff0f3d08ed64e621a470fcd9985610aebca4c3ea558bf4f254cb4cab280217,46ff0f3d08ed64e621a470fcd9985610aebca4c3ea558bf4f254cb4cab280217,443,byte_identical
thesis/data/runs/ustc_tfc2016/ood_policy_v2/nested_scores/outer-09/inner-08/gates/temporal/calibration_report.json,data/runs/ustc_tfc2016/ood_policy_v2/nested_scores/outer-09/inner-08/gates/temporal/calibration_report.json,aggregate,8a3ec614e7c737e43c9d18485fc926ff2ba10b305d68e3481d448b0b85b1f266,8a3ec614e7c737e43c9d18485fc926ff2ba10b305d68e3481d448b0b85b1f266,449,byte_identical
thesis/data/runs/ustc_tfc2016/ood_policy_v2/outer_fold_metrics.json,data/runs/ustc_tfc2016/ood_policy_v2/outer_fold_metrics.json,aggregate,7db6d3512b0862534722061f57e93bfa6bb4fc266a87e8d1e50e7a61ca50a7d2,7db6d3512b0862534722061f57e93bfa6bb4fc266a87e8d1e50e7a61ca50a7d2,14412,byte_identical
thesis/data/runs/ustc_tfc2016/ood_policy_v2/selected_policy.json,data/runs/ustc_tfc2016/ood_policy_v2/selected_policy.json,aggregate,02b5938db8946aca73289be35c2d1b5dfcb2204d17bc546187114df57028feb2,02b5938db8946aca73289be35c2d1b5dfcb2204d17bc546187114df57028feb2,1162,byte_identical
thesis/data/runs/ustc_tfc2016/rule_coordinator/audit_summary.json,data/runs/ustc_tfc2016/rule_coordinator/audit_summary.json,aggregate,1a65c38dc7d7955d3b457d3cbd264f6a4e94e1da71cb220a83bbcd846ac3e070,1a65c38dc7d7955d3b457d3cbd264f6a4e94e1da71cb220a83bbcd846ac3e070,1118,byte_identical
thesis/data/runs/ustc_tfc2016/rule_coordinator/cost_summary.json,data/runs/ustc_tfc2016/rule_coordinator/cost_summary.json,aggregate,6f4596c8c56d63584072a41be9205a3feefbb2a2e192726ac346433be5aa5035,6f4596c8c56d63584072a41be9205a3feefbb2a2e192726ac346433be5aa5035,329,byte_identical
thesis/data/runs/ustc_tfc2016/rule_coordinator/metrics.json,data/runs/ustc_tfc2016/rule_coordinator/metrics.json,aggregate,f7994aa283c2ecec1e065bd0c954363c34f1aa9ade38a67aad97b17b98671ece,f7994aa283c2ecec1e065bd0c954363c34f1aa9ade38a67aad97b17b98671ece,751,byte_identical
thesis/data/runs/ustc_tfc2016/rule_coordinator/run_config.json,data/runs/ustc_tfc2016/rule_coordinator/run_config.json,aggregate,43f92d7080520a3404747cbfc7c5ce7e7ba9bbde509c05ffbe5eda2636a7b750,9896efe3898d70b2797991e7ede03c710cdc4e0f429b677eff40a551ab85993d,532,absolute_workspace_path_to_relative
thesis/data/releases/mad_etd_admission_gate_resilience_addendum_w274/acceptance_report.json,data/releases/mad_etd_admission_gate_resilience_addendum_w274/acceptance_report.json,aggregate,1c304bb5753b941e77c4515764ccce774a233f95a3fff6d7a41f40910ecc82f5,1c304bb5753b941e77c4515764ccce774a233f95a3fff6d7a41f40910ecc82f5,2755,byte_identical
thesis/data/releases/mad_etd_admission_gate_resilience_addendum_w274/anonymity_scan_report.json,data/releases/mad_etd_admission_gate_resilience_addendum_w274/anonymity_scan_report.json,aggregate,263160b8a248ecc84d374a2fb965e290a76daf30a8e6454a3bd447e81540497c,263160b8a248ecc84d374a2fb965e290a76daf30a8e6454a3bd447e81540497c,88,byte_identical
thesis/data/releases/mad_etd_admission_gate_resilience_addendum_w274/claim_boundary.json,data/releases/mad_etd_admission_gate_resilience_addendum_w274/claim_boundary.json,aggregate,4ba1aa205f5d0fbce8fe3db3bd473b3e1e2d05120199be9f82649dfdddbcad69,4ba1aa205f5d0fbce8fe3db3bd473b3e1e2d05120199be9f82649dfdddbcad69,683,byte_identical
thesis/data/releases/mad_etd_admission_gate_resilience_addendum_w274/manifests/benchmark_protocol.json,data/releases/mad_etd_admission_gate_resilience_addendum_w274/manifests/benchmark_protocol.json,aggregate,db0b61c58e9350c9ef27e84b44fa72ea749611b771b54677b4925f955acb7470,db0b61c58e9350c9ef27e84b44fa72ea749611b771b54677b4925f955acb7470,1205,byte_identical
thesis/data/releases/mad_etd_admission_gate_resilience_addendum_w274/results/mutation_fuzz_report.json,data/releases/mad_etd_admission_gate_resilience_addendum_w274/results/mutation_fuzz_report.json,aggregate,fce77da5e561e031f594d4fc93f726a6a57f54d6d03bd1f221f7b977e32c6e3b,fce77da5e561e031f594d4fc93f726a6a57f54d6d03bd1f221f7b977e32c6e3b,660,byte_identical
thesis/data/releases/mad_etd_admission_gate_resilience_addendum_w274/results/mutation_rejection_matrix.csv,data/releases/mad_etd_admission_gate_resilience_addendum_w274/results/mutation_rejection_matrix.csv,aggregate,d5c31c81ae64540f403ed0be27a415fbb51c0c1d31427564f9bc2cb7497b69fc,a7f6b0233143c3f518137ae09156ed12ca89007da68e94f8ff1dcacfa5745620,748,utf8_bom_removed
thesis/data/releases/mad_etd_admission_gate_resilience_addendum_w274/results/real_trace_benchmark_report.json,data/releases/mad_etd_admission_gate_resilience_addendum_w274/results/real_trace_benchmark_report.json,aggregate,508e3de436c5a4e795cf76f1e6247f3375ada4756e6cb90ff3acbd4e2d01e6cd,508e3de436c5a4e795cf76f1e6247f3375ada4756e6cb90ff3acbd4e2d01e6cd,696,byte_identical
thesis/data/releases/mad_etd_admission_gate_resilience_addendum_w274/results/schema_gate_responsibility_matrix.csv,data/releases/mad_etd_admission_gate_resilience_addendum_w274/results/schema_gate_responsibility_matrix.csv,aggregate,d5c31c81ae64540f403ed0be27a415fbb51c0c1d31427564f9bc2cb7497b69fc,a7f6b0233143c3f518137ae09156ed12ca89007da68e94f8ff1dcacfa5745620,748,utf8_bom_removed
thesis/data/releases/mad_etd_admission_gate_resilience_addendum_w274/results/semantic_boundary_report.json,data/releases/mad_etd_admission_gate_resilience_addendum_w274/results/semantic_boundary_report.json,aggregate,1489e9d0cfa9c161b51a06cb234c8982d46e21b801398eec3276bbe9dac44ff6,1489e9d0cfa9c161b51a06cb234c8982d46e21b801398eec3276bbe9dac44ff6,462,byte_identical
thesis/data/releases/mad_etd_anonymous_reproducibility_capsule_w269/acceptance_report.json,data/releases/mad_etd_anonymous_reproducibility_capsule_w269/acceptance_report.json,aggregate,be613e3aefa8dd1851f2ca3d973ce1a8329fb9458c4e23580d872d4343a3850e,be613e3aefa8dd1851f2ca3d973ce1a8329fb9458c4e23580d872d4343a3850e,2224,byte_identical
thesis/data/releases/mad_etd_anonymous_reproducibility_capsule_w269/anonymity_scan_report.json,data/releases/mad_etd_anonymous_reproducibility_capsule_w269/anonymity_scan_report.json,aggregate,22251c2b101fe399b9e0bcfd82b426cfc5b07b99ac66a40a0867a75d6984213c,22251c2b101fe399b9e0bcfd82b426cfc5b07b99ac66a40a0867a75d6984213c,88,byte_identical
thesis/data/releases/mad_etd_anonymous_reproducibility_capsule_w269/claim_ledger.csv,data/releases/mad_etd_anonymous_reproducibility_capsule_w269/claim_ledger.csv,aggregate,9499429826db7175ac4e424d10c0d55d44438e8eb278295dd6b1b57fb9fe3b88,dd6f9ff50649a06e657ecd7adfd604184362033fa58feeb34171d396c4e104b0,534,utf8_bom_removed
thesis/data/releases/mad_etd_anonymous_reproducibility_capsule_w269/negative_result_ledger.csv,data/releases/mad_etd_anonymous_reproducibility_capsule_w269/negative_result_ledger.csv,aggregate,7bb00cf56c164de8f58c81e41532088c5b8f3303837b355a5558499f62113760,cd9b18b2d1ff41927321da5b611d69b98c30d3bc3243f4ed4f582fc6f1e3d350,236,utf8_bom_removed
thesis/data/releases/mad_etd_anonymous_reproducibility_capsule_w269/positive_result_ledger.csv,data/releases/mad_etd_anonymous_reproducibility_capsule_w269/positive_result_ledger.csv,aggregate,4ff7dd5af2578e61be3d4d3ee4ffc56468a2f72c3e28817e6d070697b128304d,8714e60a807077f3d4ebe8ac166cc3bbcba11b972d23d2e1d65f1f9c9b9db64d,410,utf8_bom_removed
thesis/data/releases/mad_etd_anonymous_reproducibility_capsule_w269/results/isolated_security_diagnostics.csv,data/releases/mad_etd_anonymous_reproducibility_capsule_w269/results/isolated_security_diagnostics.csv,aggregate,d6b4c53e5e150646966d97e9bf4bda8ca1c1c84408c20b0f2990f9b9f40fedb1,1e4312301abf3637e4dca38ed5b99782ccba48a92b4371af7ef66913e08e92da,624,utf8_bom_removed
thesis/data/releases/mad_etd_anonymous_reproducibility_capsule_w269/results/layer_responsibility_registry.csv,data/releases/mad_etd_anonymous_reproducibility_capsule_w269/results/layer_responsibility_registry.csv,aggregate,0c5eb9be82c4c0fe95b411c1818dd8d5021a41634e884791c084f02cbba654c3,99a5d02d366f9007ac5f01e9d2e67bbe6380d2cc5deb9ca06bb94022434ad75a,935,utf8_bom_removed
thesis/data/releases/mad_etd_anonymous_reproducibility_capsule_w269/results/threat_model_and_results.csv,data/releases/mad_etd_anonymous_reproducibility_capsule_w269/results/threat_model_and_results.csv,aggregate,a5040c60e2f7d787bc9363a2327c1c1131ad446e023adc25060035c6947129c9,9391f975f05c8b355f4dbf2fae815add44f384286971427b470ea42053b77a84,6512,utf8_bom_removed
thesis/data/releases/mad_etd_anonymous_reproducibility_capsule_w269/results/threat_model_report.json,data/releases/mad_etd_anonymous_reproducibility_capsule_w269/results/threat_model_report.json,aggregate,8820fa2b7181f59db3f2a5dd40c4bbb4611791a403e4b332fc24b9158f5155be,8820fa2b7181f59db3f2a5dd40c4bbb4611791a403e4b332fc24b9158f5155be,539,byte_identical
thesis/data/releases/mad_etd_multidataset_skill_evidence_pack_w102/acceptance_report.json,data/releases/mad_etd_multidataset_skill_evidence_pack_w102/acceptance_report.json,aggregate,d041171d67e4356dc6027eb3893700012506377dab46e7f94fbcb4b38bc1b819,d041171d67e4356dc6027eb3893700012506377dab46e7f94fbcb4b38bc1b819,1119,byte_identical
thesis/data/releases/mad_etd_multidataset_skill_evidence_pack_w102/claim_ledger.csv,data/releases/mad_etd_multidataset_skill_evidence_pack_w102/claim_ledger.csv,aggregate,e8cae1618cbacee54ce27c0697ef825a84ccb280c559e2585e76e242729b07a1,056d2b747f5afe1b06de0dab6ab2f0f2e2f761f04e20861275916663840446bb,1093,utf8_bom_removed
thesis/data/releases/mad_etd_multidataset_skill_evidence_pack_w102/negative_result_ledger.csv,data/releases/mad_etd_multidataset_skill_evidence_pack_w102/negative_result_ledger.csv,aggregate,f139202aef6cac7eee5976d53938039e8d0bd7785cb8b4a845675e1678990c0b,d8a7c74abf85446c1136f1aff810a6363d7a51c773d99cfdc627005d83125b4d,1072,utf8_bom_removed
thesis/data/releases/mad_etd_multidataset_skill_evidence_pack_w102/performance_result_table.csv,data/releases/mad_etd_multidataset_skill_evidence_pack_w102/performance_result_table.csv,aggregate,3784f0f5adaf31fed7fabdda100d0562967d67f813a50a623297a2593b9b5883,5c0741eff218823a962e5703aa103860007d491ddd749dd105053ef9402b311e,1270,utf8_bom_removed
thesis/data/releases/mad_etd_multidataset_skill_evidence_pack_w102/positive_results.csv,data/releases/mad_etd_multidataset_skill_evidence_pack_w102/positive_results.csv,aggregate,1ddcfa716da7ee91df6a38fe08936988a8aca0e3609d4f4589558848c5f4b8f2,14e9b93ee1551343661572445ccca89805811115e8f036b47ee50dc5bb9c96d6,954,utf8_bom_removed
thesis/data/releases/mad_etd_multidataset_skill_evidence_pack_w102/security_acceptance.json,data/releases/mad_etd_multidataset_skill_evidence_pack_w102/security_acceptance.json,aggregate,d041171d67e4356dc6027eb3893700012506377dab46e7f94fbcb4b38bc1b819,d041171d67e4356dc6027eb3893700012506377dab46e7f94fbcb4b38bc1b819,1119,byte_identical
thesis/data/releases/mad_etd_nfiot_positive_evidence_pack_w47/acceptance_report.json,data/releases/mad_etd_nfiot_positive_evidence_pack_w47/acceptance_report.json,aggregate,4edf5aaa8abe9269f98b28029481c2a354eec1d15f45d3e9b23f3ae40fb62ce1,4edf5aaa8abe9269f98b28029481c2a354eec1d15f45d3e9b23f3ae40fb62ce1,2196,byte_identical
thesis/data/releases/mad_etd_nfiot_positive_evidence_pack_w47/bootstrap_ci_table.csv,data/releases/mad_etd_nfiot_positive_evidence_pack_w47/bootstrap_ci_table.csv,aggregate,65a2cb65d75cdfe4757a303f7926f4d8ab143017fc5db9c984389daf7e45fa65,3b085f6975c56b719ca05cdb7df276ea317c524503fd3bd64662abb4ccef27bb,370,utf8_bom_removed
thesis/data/releases/mad_etd_nfiot_positive_evidence_pack_w47/build_report.json,data/releases/mad_etd_nfiot_positive_evidence_pack_w47/build_report.json,aggregate,1b99e1386c44fd9437095eaf5216b3897ff6d1b35db322feb27b950f89bfcb13,1b99e1386c44fd9437095eaf5216b3897ff6d1b35db322feb27b950f89bfcb13,1613,byte_identical
thesis/data/releases/mad_etd_nfiot_positive_evidence_pack_w47/calibration_curve_table.csv,data/releases/mad_etd_nfiot_positive_evidence_pack_w47/calibration_curve_table.csv,aggregate,bb86c49cbed4c5c4f662b6ae7a1e8da29d9822797d32efb1447989fe20b9a5a8,fe9311424b71fc5cf676fcec07dbf2dfaa8a3c5c97fe2fcff7be27272e678dd4,1203,utf8_bom_removed
thesis/data/releases/mad_etd_nfiot_positive_evidence_pack_w47/nfiot_main_result_table.csv,data/releases/mad_etd_nfiot_positive_evidence_pack_w47/nfiot_main_result_table.csv,aggregate,7fd84cf434ab2a9e05d6530885a0f8e5c44db3c860ddd1eda860a2f54c9f0e29,a4b34032cafcde6a615e4f1fa98dd8077d2ed834d5ab5cc13e68c92f0df1ec7b,583,utf8_bom_removed
thesis/data/releases/mad_etd_nfiot_positive_evidence_pack_w47/paper_claim_boundary_table.csv,data/releases/mad_etd_nfiot_positive_evidence_pack_w47/paper_claim_boundary_table.csv,aggregate,6e0c1dfd6472674d196435e92ed3b61ba03b9cf08e8e4be31146a2b1e3c1a477,adbb8f26f5d6d906e53b947aebb2b552aaf8d822295c385b2dfc4c351b90eb76,812,utf8_bom_removed
thesis/data/releases/mad_etd_nfiot_positive_evidence_pack_w47/runtime_boundary_table.csv,data/releases/mad_etd_nfiot_positive_evidence_pack_w47/runtime_boundary_table.csv,aggregate,6b5ded708e0c8b966a1d1b5b9fe0fae606f0a7511f8ac1c7615ca1841b3a4af0,17ddf4100c2c73642d45c5c76d1c4678d0e64fcecb4676e2d60a7588478b8039,414,utf8_bom_removed
thesis/data/releases/mad_etd_nfiot_positive_evidence_pack_w47/security_acceptance.json,data/releases/mad_etd_nfiot_positive_evidence_pack_w47/security_acceptance.json,aggregate,f0f46e19e1ec0a4036e747f982f1857870165db350393c36174e147b74164196,f0f46e19e1ec0a4036e747f982f1857870165db350393c36174e147b74164196,401,byte_identical
thesis/data/releases/mad_etd_nfiot_positive_evidence_pack_w47/source_stratified_table.csv,data/releases/mad_etd_nfiot_positive_evidence_pack_w47/source_stratified_table.csv,aggregate,0393ab8c658dd29d56f62b01eb86c552ebd6d85d60d745e0c2eaecac4b436277,3b4048dff927af313ea3ac250df61502ebbd228d93262e45714b5af1fc3ecc27,619,utf8_bom_removed
thesis/data/releases/mad_etd_routing_efficiency_evidence_pack_w325/acceptance_report.json,data/releases/mad_etd_routing_efficiency_evidence_pack_w325/acceptance_report.json,aggregate,a84fdaa4a4ee97694b7c7e2552d274b918d8a4d97886533656ca9b40e68ae380,a84fdaa4a4ee97694b7c7e2552d274b918d8a4d97886533656ca9b40e68ae380,3998,byte_identical
thesis/data/releases/mad_etd_routing_efficiency_evidence_pack_w325/call_semantics_table_w325.csv,data/releases/mad_etd_routing_efficiency_evidence_pack_w325/call_semantics_table_w325.csv,aggregate,8391fc8dd355a781daaadb48bd1139e06615e2c98184e1aca1aab6da50d6b3b9,be18ddf26a6d71740713fbafec1d5281eb67b09687cbca5c87a28a6fbc42d3d4,305,utf8_bom_removed
thesis/data/releases/mad_etd_routing_efficiency_evidence_pack_w325/claim_boundary_table_w325.csv,data/releases/mad_etd_routing_efficiency_evidence_pack_w325/claim_boundary_table_w325.csv,aggregate,8dda1e0510ca0aeaf10971f498878b84c3d304eca98edd4f440a9fafca92ccac,6482891ed85c1e7b4291e49b15d2c8bbbb533c4c1d3a77e5b632d03eee24a187,1398,utf8_bom_removed
thesis/data/releases/mad_etd_routing_efficiency_evidence_pack_w325/evidence_pack_build_report.json,data/releases/mad_etd_routing_efficiency_evidence_pack_w325/evidence_pack_build_report.json,aggregate,d1f885d77f57609a973b91ccd89ddae002577ff70d108e8471e3e42a65704b65,d1f885d77f57609a973b91ccd89ddae002577ff70d108e8471e3e42a65704b65,2391,byte_identical
thesis/data/releases/mad_etd_routing_efficiency_evidence_pack_w325/figure_source_map_w325.csv,data/releases/mad_etd_routing_efficiency_evidence_pack_w325/figure_source_map_w325.csv,aggregate,54b6c2ba9ea4a8cd9001d44b4d0cdee7cc2a95af5658034735112fa22ff87d8b,092a5319cb77361aaa4b3286adb071ce1eeb6285f2f4706f062266401101a077,393,utf8_bom_removed
thesis/data/releases/mad_etd_routing_efficiency_evidence_pack_w325/gotham_development_context_table_w325.csv,data/releases/mad_etd_routing_efficiency_evidence_pack_w325/gotham_development_context_table_w325.csv,aggregate,88c0b98647db283c1cebec034cd19b8f9d7e7c4825af07addadb45cd906e7670,8113b282b3a60b09b8226608d2cfd841ce1ca15e4a5abb4a944bdd6e0de09519,571,utf8_bom_removed
thesis/data/releases/mad_etd_routing_efficiency_evidence_pack_w325/latency_bootstrap_table_w325.csv,data/releases/mad_etd_routing_efficiency_evidence_pack_w325/latency_bootstrap_table_w325.csv,aggregate,8af2b1d606e1d4a0c27bc67f5221e93743b14ba6491ca8f95b812a1521d70a87,4a1906d7eb026b14039b321a4569800fe03ccef144d966e4864c23a32522be86,454,utf8_bom_removed
thesis/data/releases/mad_etd_routing_efficiency_evidence_pack_w325/main_efficiency_table_w325.csv,data/releases/mad_etd_routing_efficiency_evidence_pack_w325/main_efficiency_table_w325.csv,aggregate,2f412add24d7019fb359878d36f741e42bf2aca98be7e54cbddf702bdc2951dd,3b90dfd3e5543ee3284b5712e110ef800ebf4b1a87fbed2dafe3cd32b022333e,1030,utf8_bom_removed
thesis/data/releases/mad_etd_routing_efficiency_evidence_pack_w325/visual_contract_w325.csv,data/releases/mad_etd_routing_efficiency_evidence_pack_w325/visual_contract_w325.csv,aggregate,0766550617a946eb0332a85da13c0c86b4333768c8a839489d23449ab18e2167,385d49c36e90236339dfd2cf8d1c5b93e673442e6a194c5426a39caab08e3b89,479,utf8_bom_removed
thesis/output/thesis_luna_team_20260922/next_round/baseline_upgrade/preregistration.json,output/thesis_luna_team_20260922/next_round/baseline_upgrade/preregistration.json,aggregate,4c2041c11e1a2c8b01e68ab5e24349342690f4de506bf7e746c6ee609897781d,4c2041c11e1a2c8b01e68ab5e24349342690f4de506bf7e746c6ee609897781d,1180,byte_identical
thesis/output/thesis_luna_team_20260922/next_round/baseline_upgrade/results/descriptive_mean.csv,output/thesis_luna_team_20260922/next_round/baseline_upgrade/results/descriptive_mean.csv,aggregate,a10e66eed935cae4283ada38af810a80053c435e3d7b3decbbf98edfe98cdd58,a10e66eed935cae4283ada38af810a80053c435e3d7b3decbbf98edfe98cdd58,338,byte_identical
thesis/output/thesis_luna_team_20260922/next_round/baseline_upgrade/results/fold_metrics.csv,output/thesis_luna_team_20260922/next_round/baseline_upgrade/results/fold_metrics.csv,aggregate,60a5fdc11458acf2159a0639180f93a63c3f0efdad950056ce2997c18ab31297,60a5fdc11458acf2159a0639180f93a63c3f0efdad950056ce2997c18ab31297,1757,byte_identical
thesis/output/thesis_luna_team_20260922/next_round/baseline_upgrade/results/summary.json,output/thesis_luna_team_20260922/next_round/baseline_upgrade/results/summary.json,aggregate,6c69aff5890e45f4dfea79d5db3e11b916451c34a4efec26287f7becc461b4da,6c69aff5890e45f4dfea79d5db3e11b916451c34a4efec26287f7becc461b4da,1216,byte_identical
thesis/output/thesis_luna_team_20260922/next_round/decision_headroom_v61/results/group_support.csv,output/thesis_luna_team_20260922/next_round/decision_headroom_v61/results/group_support.csv,aggregate,00f323c0d566d9d69f4bc557bb3e38e07cc72f1514fa0101f3d62041f4169ef0,00f323c0d566d9d69f4bc557bb3e38e07cc72f1514fa0101f3d62041f4169ef0,355,byte_identical
thesis/output/thesis_luna_team_20260922/next_round/decision_headroom_v61/results/summary.json,output/thesis_luna_team_20260922/next_round/decision_headroom_v61/results/summary.json,aggregate,bb906fd711c3f9fb4ce9f5e13f2ab38e46c0260a8b06cc3fa24d9fdc330ea0b1,bb906fd711c3f9fb4ce9f5e13f2ab38e46c0260a8b06cc3fa24d9fdc330ea0b1,840,byte_identical
thesis/output/thesis_luna_team_20260922/next_round/gain_upgrade/group_policy_metrics.csv,output/thesis_luna_team_20260922/next_round/gain_upgrade/group_policy_metrics.csv,aggregate,d4a2e39b50b4465e2db45f49188b16467f139a61dd609138947408e9120f9661,d4a2e39b50b4465e2db45f49188b16467f139a61dd609138947408e9120f9661,34100,byte_identical
thesis/output/thesis_luna_team_20260922/next_round/gain_upgrade/group_results.csv,output/thesis_luna_team_20260922/next_round/gain_upgrade/group_results.csv,aggregate,f47f0bf3dfbc52873e856fa1bbc09dd6719186479ac4e2ca1bb1eb625ed0e164,f47f0bf3dfbc52873e856fa1bbc09dd6719186479ac4e2ca1bb1eb625ed0e164,4060,byte_identical
thesis/output/thesis_luna_team_20260922/next_round/gain_upgrade/policy_metrics.csv,output/thesis_luna_team_20260922/next_round/gain_upgrade/policy_metrics.csv,aggregate,8c706d20e9dc961f3213b379ea6c97ac41a1374162cb03499d5a73e45c64bfad,8c706d20e9dc961f3213b379ea6c97ac41a1374162cb03499d5a73e45c64bfad,51236,byte_identical
thesis/output/thesis_luna_team_20260922/next_round/gain_upgrade/preregistration.json,output/thesis_luna_team_20260922/next_round/gain_upgrade/preregistration.json,aggregate,4d80724d980fc041592876bdf6d15d0b6ef3081f81dcc56a872dc8ad92b27906,4d80724d980fc041592876bdf6d15d0b6ef3081f81dcc56a872dc8ad92b27906,3090,byte_identical
thesis/output/thesis_luna_team_20260922/next_round/gain_upgrade/summary.json,output/thesis_luna_team_20260922/next_round/gain_upgrade/summary.json,aggregate,99d1a95d1c9a2b69248340e57ad46eb194d6f505c796c18ce059d59b2f8f978e,b62ecf8e7e24e2ff65260a362bbc4865372108b12e580cdbab48599ebe1b991c,1948,absolute_workspace_path_to_relative;local_user_path_placeholder
thesis/output/thesis_luna_team_20260922/next_round/group_support/fold_summary.csv,output/thesis_luna_team_20260922/next_round/group_support/fold_summary.csv,aggregate,9c21c72e4cb884c5bef78f93bfd6664a4693b8623199be09498f8c0932ead741,9c21c72e4cb884c5bef78f93bfd6664a4693b8623199be09498f8c0932ead741,493,byte_identical
thesis/output/thesis_luna_team_20260922/next_round/group_support/group_support.csv,output/thesis_luna_team_20260922/next_round/group_support/group_support.csv,aggregate,1e6d1dd5dcc21b6c74f7d98216e3cd0c9f70a4c2812ad955231cce5205956a2e,1e6d1dd5dcc21b6c74f7d98216e3cd0c9f70a4c2812ad955231cce5205956a2e,3836,byte_identical
thesis/output/thesis_luna_team_20260922/next_round/group_support/pooled_group_support.csv,output/thesis_luna_team_20260922/next_round/group_support/pooled_group_support.csv,aggregate,50b46abb0f8c81ccd0d28cd30735971676d44f22c1a37b5715bb35dafcc091ea,50b46abb0f8c81ccd0d28cd30735971676d44f22c1a37b5715bb35dafcc091ea,1462,byte_identical
thesis/output/thesis_luna_team_20260922/next_round/group_support/preregistration.json,output/thesis_luna_team_20260922/next_round/group_support/preregistration.json,aggregate,558d04e862af25d3fea47317c4567b23ee306a252c4008b9fa2a305bfbd768cf,558d04e862af25d3fea47317c4567b23ee306a252c4008b9fa2a305bfbd768cf,1183,byte_identical
thesis/output/thesis_luna_team_20260922/next_round/group_support/summary.json,output/thesis_luna_team_20260922/next_round/group_support/summary.json,aggregate,74988816c9472b4d8e3baa3156945a2893c43acc200586cb0d6a5dc9f4b9dcb6,74988816c9472b4d8e3baa3156945a2893c43acc200586cb0d6a5dc9f4b9dcb6,1079,byte_identical
thesis/output/thesis_luna_team_20260922/next_round/independent_validation_v61/llm_protocol_validation.json,output/thesis_luna_team_20260922/next_round/independent_validation_v61/llm_protocol_validation.json,aggregate,4e01d0f3f394125a3ba0267704f36ae19e4ae0d0ac23ca1349ddd8092c9415f4,4e01d0f3f394125a3ba0267704f36ae19e4ae0d0ac23ca1349ddd8092c9415f4,6082,byte_identical
thesis/output/thesis_luna_team_20260922/next_round/independent_validation_v61/local_gain_validation.json,output/thesis_luna_team_20260922/next_round/independent_validation_v61/local_gain_validation.json,aggregate,ca85c12394aaaf6fa64da7b5bc9b37e96b75a68fce1dabd2cd6d54d3d096f37c,68f0a596efdbc0785ce7bde8e217df7b1062c3ce8179bf1b56dacfc2fe842f0b,5606,absolute_workspace_path_to_relative
thesis/output/thesis_luna_team_20260922/next_round/jev_gain_v61/preregistration.json,output/thesis_luna_team_20260922/next_round/jev_gain_v61/preregistration.json,aggregate,752b8cb61a6d01b5059e138eab4477c366c8f6cc1bc25668ac4f9b51ff6ef64e,752b8cb61a6d01b5059e138eab4477c366c8f6cc1bc25668ac4f9b51ff6ef64e,3319,byte_identical
thesis/output/thesis_luna_team_20260922/next_round/jev_gain_v61/results/group_policy_metrics.csv,output/thesis_luna_team_20260922/next_round/jev_gain_v61/results/group_policy_metrics.csv,aggregate,d67bc65b6b2cf6a3223d9ec4bb9e896d62ec149c73fbd45a26537d2cdc22414e,d67bc65b6b2cf6a3223d9ec4bb9e896d62ec149c73fbd45a26537d2cdc22414e,67145,byte_identical
thesis/output/thesis_luna_team_20260922/next_round/jev_gain_v61/results/model_training_metrics.csv,output/thesis_luna_team_20260922/next_round/jev_gain_v61/results/model_training_metrics.csv,aggregate,92260aa21e19eca6bdc12737c953969f64654dc9b2fe80e3ef8e729e4a403c40,92260aa21e19eca6bdc12737c953969f64654dc9b2fe80e3ef8e729e4a403c40,887,byte_identical
thesis/output/thesis_luna_team_20260922/next_round/jev_gain_v61/results/model_training_metrics.json,output/thesis_luna_team_20260922/next_round/jev_gain_v61/results/model_training_metrics.json,aggregate,71281e4fc97ea7d23646e9ea7d9bc55701a24e0a4305126f631b9b315048af69,71281e4fc97ea7d23646e9ea7d9bc55701a24e0a4305126f631b9b315048af69,2960,byte_identical
thesis/output/thesis_luna_team_20260922/next_round/jev_gain_v61/results/policy_metrics.csv,output/thesis_luna_team_20260922/next_round/jev_gain_v61/results/policy_metrics.csv,aggregate,4177ed1c926c8092d92dd3e1c2a915c1f959ad7455e9a9604ea25e674e19d27d,4177ed1c926c8092d92dd3e1c2a915c1f959ad7455e9a9604ea25e674e19d27d,47069,byte_identical
thesis/output/thesis_luna_team_20260922/next_round/jev_gain_v61/results/probability_metrics.json,output/thesis_luna_team_20260922/next_round/jev_gain_v61/results/probability_metrics.json,aggregate,2da8e089cfb0a9a824c1425450834034766aef72ead39019903e1c31654028fd,2da8e089cfb0a9a824c1425450834034766aef72ead39019903e1c31654028fd,59734,byte_identical
thesis/output/thesis_luna_team_20260922/next_round/jev_gain_v61/results/summary.json,output/thesis_luna_team_20260922/next_round/jev_gain_v61/results/summary.json,aggregate,e926eff754c85659a351e25c946e04e8cdc7d5e6d07ac012b636b9cbecc783c6,4ae0dd127d964fe5ba4ab3e1a01c6e7974d5ea53f86f5e45d5d40039a358e023,707,absolute_workspace_path_to_relative;local_user_path_placeholder
thesis/output/thesis_luna_team_20260922/next_round/llm_atomic_v61/results/scorer_only_summary.json,output/thesis_luna_team_20260922/next_round/llm_atomic_v61/results/scorer_only_summary.json,aggregate,7baa04bf9e1c28bb3af2c42c644a621b2d1ef69bdb953e371a0b6194357f1feb,7baa04bf9e1c28bb3af2c42c644a621b2d1ef69bdb953e371a0b6194357f1feb,249,byte_identical
thesis/output/thesis_luna_team_20260922/next_round/llm_gain_v61/preregistration.json,output/thesis_luna_team_20260922/next_round/llm_gain_v61/preregistration.json,aggregate,5af2ad5ff950c9cdaca438416dc52f9a2e897a97d385792ee5d2bd83ae2be91f,3fada8ce5e7dd399348564c4b006241dbfad0a404107aff21d5c8aa6382ce834,5191,absolute_workspace_path_to_relative
thesis/output/thesis_luna_team_20260922/next_round/llm_gain_v61/results/descriptive_totals.csv,output/thesis_luna_team_20260922/next_round/llm_gain_v61/results/descriptive_totals.csv,aggregate,4f08eff824176144a0f7a19210fcf6170a537a52117c22221f2c36f947b3ae97,4f08eff824176144a0f7a19210fcf6170a537a52117c22221f2c36f947b3ae97,244,byte_identical
thesis/output/thesis_luna_team_20260922/next_round/llm_gain_v61/results/policy_metrics.csv,output/thesis_luna_team_20260922/next_round/llm_gain_v61/results/policy_metrics.csv,aggregate,0dee585ab76fbe8ce58a41eea9aad1e38756882e5750b6dd94cd9ce4ba487205,0dee585ab76fbe8ce58a41eea9aad1e38756882e5750b6dd94cd9ce4ba487205,2630,byte_identical
thesis/output/thesis_luna_team_20260922/next_round/llm_gain_v61/results/summary.json,output/thesis_luna_team_20260922/next_round/llm_gain_v61/results/summary.json,aggregate,bba27b9f5512242fb61045e18c781b14eb289fc3709028c1b71030c0b07ca650,bba27b9f5512242fb61045e18c781b14eb289fc3709028c1b71030c0b07ca650,1592,byte_identical
thesis/output/thesis_luna_team_20260922/next_round/llm_gain_v61/results/valid_atomic_probability_metrics.json,output/thesis_luna_team_20260922/next_round/llm_gain_v61/results/valid_atomic_probability_metrics.json,aggregate,66131f65be092febb1a7c33b7e891c03543292a58a7c78a03665448a4461f09e,66131f65be092febb1a7c33b7e891c03543292a58a7c78a03665448a4461f09e,977,byte_identical
thesis/output/thesis_luna_team_20260922/next_round/outer_confirmation_v62/preregistration.json,output/thesis_luna_team_20260922/next_round/outer_confirmation_v62/preregistration.json,aggregate,38aa8e49a8ec2789fe9430008c15e14072aa77db20b348977d058caabf6409fe,38aa8e49a8ec2789fe9430008c15e14072aa77db20b348977d058caabf6409fe,5340,byte_identical
thesis/output/thesis_luna_team_20260922/next_round/outer_confirmation_v62/results/policy_metrics.csv,output/thesis_luna_team_20260922/next_round/outer_confirmation_v62/results/policy_metrics.csv,aggregate,c9d279d19c33665c2a7e232e7239d6ea5383d47b81903df10bc4ce815d0ea477,c9d279d19c33665c2a7e232e7239d6ea5383d47b81903df10bc4ce815d0ea477,54707,byte_identical
thesis/output/thesis_luna_team_20260922/next_round/outer_confirmation_v62/results/pooled_group_policy_metrics.csv,output/thesis_luna_team_20260922/next_round/outer_confirmation_v62/results/pooled_group_policy_metrics.csv,aggregate,0c133611dbfc380ba49bf996861ac9b37cb964d57fff3c00f9d94045c36608f8,0c133611dbfc380ba49bf996861ac9b37cb964d57fff3c00f9d94045c36608f8,110415,byte_identical
thesis/output/thesis_luna_team_20260922/next_round/outer_confirmation_v62/results/pooled_policy_metrics.csv,output/thesis_luna_team_20260922/next_round/outer_confirmation_v62/results/pooled_policy_metrics.csv,aggregate,97ecefdc23e2eb969172b264223fadcab38d7dc2f26c0745bc20b0b0c937744a,97ecefdc23e2eb969172b264223fadcab38d7dc2f26c0745bc20b0b0c937744a,8780,byte_identical
thesis/output/thesis_luna_team_20260922/next_round/outer_confirmation_v62/results/summary.json,output/thesis_luna_team_20260922/next_round/outer_confirmation_v62/results/summary.json,aggregate,6aae08a6b1c5cc1db5356d7c3b97f4c457b4e4fb56cf9bf16948a65f8f6378e7,6aae08a6b1c5cc1db5356d7c3b97f4c457b4e4fb56cf9bf16948a65f8f6378e7,301,byte_identical
thesis/output/thesis_luna_team_20260922/next_round/prefix_runtime_v62/results/selection_timing_summary.json,output/thesis_luna_team_20260922/next_round/prefix_runtime_v62/results/selection_timing_summary.json,aggregate,a2eab30ad991d8e31cf2aa415470a9a3b19391ccce95b8e84b7956177633be92,4458fe636a78f2a1ff2d29b60cdade99ecc98d294339840ebf63708115da0b84,27539,absolute_workspace_path_to_relative;local_user_path_placeholder
thesis/output/thesis_luna_team_20260922/next_round/prefix_runtime_v62/results/timing_by_method_p_round.csv,output/thesis_luna_team_20260922/next_round/prefix_runtime_v62/results/timing_by_method_p_round.csv,aggregate,d7fe4922cf26b1d4ee13ce6ea1639c6c74d2aa92682a6c1d2b171d14cbf9e648,d7fe4922cf26b1d4ee13ce6ea1639c6c74d2aa92682a6c1d2b171d14cbf9e648,3696,byte_identical
thesis/output/thesis_luna_team_20260922/next_round/prefix_runtime_v62/results/timing_round_range.csv,output/thesis_luna_team_20260922/next_round/prefix_runtime_v62/results/timing_round_range.csv,aggregate,138cc4809487892f32b4a997d8468be0e4bcf18414ff28f4920a2e009b926703,138cc4809487892f32b4a997d8468be0e4bcf18414ff28f4920a2e009b926703,946,byte_identical
thesis/output/thesis_luna_team_20260922/next_round/risk_upgrade/aggregate_descriptive_metrics.csv,output/thesis_luna_team_20260922/next_round/risk_upgrade/aggregate_descriptive_metrics.csv,aggregate,d8740335cea53a893c30a5a24cc2631f87ea523606411650b7caade234a1c0f0,d8740335cea53a893c30a5a24cc2631f87ea523606411650b7caade234a1c0f0,468,byte_identical
thesis/output/thesis_luna_team_20260922/next_round/risk_upgrade/fold_group_coverage_metrics.csv,output/thesis_luna_team_20260922/next_round/risk_upgrade/fold_group_coverage_metrics.csv,aggregate,a2500cc23a0e919a1e05b2751e114fb884dd38f498412db7df13d326a594b959,a2500cc23a0e919a1e05b2751e114fb884dd38f498412db7df13d326a594b959,20699,byte_identical
thesis/output/thesis_luna_team_20260922/next_round/risk_upgrade/fold_method_aurc.csv,output/thesis_luna_team_20260922/next_round/risk_upgrade/fold_method_aurc.csv,aggregate,d2b2ca8f5c86a6cd63f3757605d4c379e871cf4f2991ece7a039e9d3a84f4a1e,d2b2ca8f5c86a6cd63f3757605d4c379e871cf4f2991ece7a039e9d3a84f4a1e,521,byte_identical
thesis/output/thesis_luna_team_20260922/next_round/risk_upgrade/fold_method_coverage_selective_error.csv,output/thesis_luna_team_20260922/next_round/risk_upgrade/fold_method_coverage_selective_error.csv,aggregate,53a4725a58492d360d111f16eed0a743ac90136a43669eb2b93d933aa8310f82,53a4725a58492d360d111f16eed0a743ac90136a43669eb2b93d933aa8310f82,2723,byte_identical
thesis/output/thesis_luna_team_20260922/next_round/risk_upgrade/fold_method_metrics.csv,output/thesis_luna_team_20260922/next_round/risk_upgrade/fold_method_metrics.csv,aggregate,be68e26a2e54334a2ff4c69d82f232e0c8c8b72382a4743ded49ddcfac46aa04,be68e26a2e54334a2ff4c69d82f232e0c8c8b72382a4743ded49ddcfac46aa04,3351,byte_identical
thesis/output/thesis_luna_team_20260922/next_round/runtime_protocol/runtime_cost_equal_prefix_protocol.json,output/thesis_luna_team_20260922/next_round/runtime_protocol/runtime_cost_equal_prefix_protocol.json,aggregate,ea20c7b85b328fb358b1aa93b737383580d7216ff3c155132511b7547e391ea7,ea20c7b85b328fb358b1aa93b737383580d7216ff3c155132511b7547e391ea7,8933,byte_identical
thesis/output/thesis_luna_team_20260922/next_round/runtime_upgrade/preregistration.json,output/thesis_luna_team_20260922/next_round/runtime_upgrade/preregistration.json,aggregate,6a2c5d44e11a7adc0d9c71a771b1256ce01c1880a6f6097223fdf79d2bc9ec07,6a2c5d44e11a7adc0d9c71a771b1256ce01c1880a6f6097223fdf79d2bc9ec07,3127,byte_identical
thesis/output/thesis_luna_team_20260922/next_round/runtime_upgrade/results/prefix_support_and_cost.csv,output/thesis_luna_team_20260922/next_round/runtime_upgrade/results/prefix_support_and_cost.csv,aggregate,4a560dbc83bf7e63b5ca9fa890048fbd1706e36c9e43d6054380466083486297,d13f4cbe26f02d59a33a8ea6b11665ffedd2ba951c69911321302a1c8c2cf628,239,utf8_bom_removed
thesis/output/thesis_luna_team_20260922/next_round/runtime_upgrade/results/prefix_support_and_cost_v2.csv,output/thesis_luna_team_20260922/next_round/runtime_upgrade/results/prefix_support_and_cost_v2.csv,aggregate,786e9ed6196b0a571faea8d6eaaad943ecfc91021e978771d696cd6ba194d709,dfd8e6a7f09bef3a3c59951727b354b83acf14f01b50fdd3e735d925dec25e3e,466,utf8_bom_removed
thesis/output/thesis_luna_team_20260922/planner/preregistration.json,output/thesis_luna_team_20260922/planner/preregistration.json,aggregate,8419aa5bc527ee24365610b883ed16c327015e91956ab6fc066af4bf0c151d3b,8a314e6a086728e84b623bae3652aca035631bb986a1ad2a6c4e2a6b048f4088,3272,absolute_workspace_path_to_relative
thesis/output/thesis_luna_team_20260922/planner/results.csv,output/thesis_luna_team_20260922/planner/results.csv,aggregate,53d30eb54ceee05f473e958edd46dd76fc6bd6cd69e4f287baa11e8d76b563fa,53d30eb54ceee05f473e958edd46dd76fc6bd6cd69e4f287baa11e8d76b563fa,400,byte_identical
thesis/output/thesis_luna_team_20260922/protocol/pilot_001/selection_policy_metrics.csv,output/thesis_luna_team_20260922/protocol/pilot_001/selection_policy_metrics.csv,aggregate,ce3c43c59752abc581e9c59f76f5975dd8ec2c691224a57040d244e48dc8ea99,ce3c43c59752abc581e9c59f76f5975dd8ec2c691224a57040d244e48dc8ea99,3004,byte_identical
thesis/output/thesis_luna_team_20260922/protocol/pilot_001/summary.json,output/thesis_luna_team_20260922/protocol/pilot_001/summary.json,aggregate,bb74283d2a1e7ae5faf15f3fdba49a534c0a949da780896707983a2e21c4f02b,bb74283d2a1e7ae5faf15f3fdba49a534c0a949da780896707983a2e21c4f02b,1236,byte_identical
thesis/output/thesis_luna_team_20260922/protocol/pilot_002/selection_policy_metrics.csv,output/thesis_luna_team_20260922/protocol/pilot_002/selection_policy_metrics.csv,aggregate,ce3c43c59752abc581e9c59f76f5975dd8ec2c691224a57040d244e48dc8ea99,ce3c43c59752abc581e9c59f76f5975dd8ec2c691224a57040d244e48dc8ea99,3004,byte_identical
thesis/output/thesis_luna_team_20260922/protocol/pilot_002/summary.json,output/thesis_luna_team_20260922/protocol/pilot_002/summary.json,aggregate,7762f262718dbc327cd1787dd1fdeb4a222a7d28d1402a7e0ae6c37cd43c0a67,7762f262718dbc327cd1787dd1fdeb4a222a7d28d1402a7e0ae6c37cd43c0a67,1234,byte_identical
thesis/output/thesis_luna_team_20260922/protocol/pilot_003/e0_error_overlap.csv,output/thesis_luna_team_20260922/protocol/pilot_003/e0_error_overlap.csv,aggregate,6ac5e4c723640f86fc6cfa8749cda3427f157710fe0465cc70f1547b2557c9cf,6ac5e4c723640f86fc6cfa8749cda3427f157710fe0465cc70f1547b2557c9cf,873,byte_identical
thesis/output/thesis_luna_team_20260922/protocol/pilot_003/selection_policy_metrics.csv,output/thesis_luna_team_20260922/protocol/pilot_003/selection_policy_metrics.csv,aggregate,ce3c43c59752abc581e9c59f76f5975dd8ec2c691224a57040d244e48dc8ea99,ce3c43c59752abc581e9c59f76f5975dd8ec2c691224a57040d244e48dc8ea99,3004,byte_identical
thesis/output/thesis_luna_team_20260922/protocol/pilot_003/summary.json,output/thesis_luna_team_20260922/protocol/pilot_003/summary.json,aggregate,760ee71d0e8c94db1181468ef9db86251bd8a01bab8a43371af9947960857e58,760ee71d0e8c94db1181468ef9db86251bd8a01bab8a43371af9947960857e58,1595,byte_identical
thesis/output/thesis_luna_team_20260922/protocol/pilot_004/e0_error_overlap.csv,output/thesis_luna_team_20260922/protocol/pilot_004/e0_error_overlap.csv,aggregate,6ac5e4c723640f86fc6cfa8749cda3427f157710fe0465cc70f1547b2557c9cf,6ac5e4c723640f86fc6cfa8749cda3427f157710fe0465cc70f1547b2557c9cf,873,byte_identical
thesis/output/thesis_luna_team_20260922/protocol/pilot_004/selection_policy_metrics.csv,output/thesis_luna_team_20260922/protocol/pilot_004/selection_policy_metrics.csv,aggregate,ce3c43c59752abc581e9c59f76f5975dd8ec2c691224a57040d244e48dc8ea99,ce3c43c59752abc581e9c59f76f5975dd8ec2c691224a57040d244e48dc8ea99,3004,byte_identical
thesis/output/thesis_luna_team_20260922/protocol/pilot_004/summary.json,output/thesis_luna_team_20260922/protocol/pilot_004/summary.json,aggregate,b54c1af61f54b0dbaf812defb474f92c0dbd76d4ea160efabd4a542120b3dd91,b54c1af61f54b0dbaf812defb474f92c0dbd76d4ea160efabd4a542120b3dd91,1838,byte_identical
thesis/output/thesis_luna_team_20260922/protocol/preregistration.json,output/thesis_luna_team_20260922/protocol/preregistration.json,aggregate,64fbb2f6c742261855b04e93155fe2a8bd6814956ae5ce11afa72167f88b0b2a,64fbb2f6c742261855b04e93155fe2a8bd6814956ae5ce11afa72167f88b0b2a,3172,byte_identical
thesis/output/thesis_luna_team_20260922/next_round/prefix_runtime_v62/fit_protocol_locked.json,output/thesis_luna_team_20260922/next_round/prefix_runtime_v62/fit_protocol_locked.json,config,3b1ecb2e9d280b1cb7ea46ac4a1fe700b0e8bb7cbe11ea3b3ee1c303ab0d694d,3b1ecb2e9d280b1cb7ea46ac4a1fe700b0e8bb7cbe11ea3b3ee1c303ab0d694d,1879,byte_identical
thesis/output/thesis_luna_team_20260922/next_round/prefix_runtime_v62/timing_protocol_locked.json,output/thesis_luna_team_20260922/next_round/prefix_runtime_v62/timing_protocol_locked.json,config,6c119486eb1990685de6dc4295dbdf3277755f073368d6f3ff87a46260352b5e,6c119486eb1990685de6dc4295dbdf3277755f073368d6f3ff87a46260352b5e,2305,byte_identical
thesis/results/verified_prefix_and_outer/prefix_quality_verified.csv,output/thesis_luna_team_20260922/next_round/manuscript_v62/prefix_quality_verified.csv,aggregate,06e9b5ca1db846737ee7f8d64e8ea95959e2f2c2f23f32ba4d4fb5928c3cf586,06e9b5ca1db846737ee7f8d64e8ea95959e2f2c2f23f32ba4d4fb5928c3cf586,1205,byte_identical
thesis/results/verified_prefix_and_outer/prefix_capture_timing_verified.csv,output/thesis_luna_team_20260922/next_round/manuscript_v62/prefix_capture_timing_verified.csv,aggregate,19c55ebcb9d0f667fe34e7ac0af8de4af8f10bb12527a57fd6fec98be57fbea7,19c55ebcb9d0f667fe34e7ac0af8de4af8f10bb12527a57fd6fec98be57fbea7,15712,byte_identical
thesis/results/verified_prefix_and_outer/prefix_round_timing_verified.csv,output/thesis_luna_team_20260922/next_round/manuscript_v62/prefix_round_timing_verified.csv,aggregate,87c696a4e326b53ce47487bff3e5101ec74b485ee34a69d9d6a677b0a95b1503,87c696a4e326b53ce47487bff3e5101ec74b485ee34a69d9d6a677b0a95b1503,2884,byte_identical
thesis/results/verified_prefix_and_outer/outer_reconstruction_validation.json,output/thesis_luna_team_20260922/next_round/manuscript_v62/outer_reconstruction_validation.json,aggregate,75c07b393167d35ddac41bf4ebd606110d903dc1058d4b1421c4147bf1c0f830,75c07b393167d35ddac41bf4ebd606110d903dc1058d4b1421c4147bf1c0f830,250,byte_identical
thesis/results/verified_prefix_and_outer/prefix_reconstruction_validation.json,output/thesis_luna_team_20260922/next_round/manuscript_v62/prefix_reconstruction_validation.json,aggregate,ea76b907dfa37205a10e7274851a961cea994aec93f2b4d9ea205fd8fae2e153,ea76b907dfa37205a10e7274851a961cea994aec93f2b4d9ea205fd8fae2e153,7834,byte_identical
